-2130.457,215.0456,134.86403,41.977036,34.74875,42.459213,18.635635,35.74527,9.296684,28.571041,11.641225,21.623894,7.685095
-2145.5837,147.08292,136.37576,26.067482,23.615885,38.571255,25.37427,36.5831,15.570539,48.179565,37.848965,48.0997,68.642136
-2159.394,137.94153,136.98032,41.65468,25.264975,30.797876,35.6739,33.211933,3.9280624,44.338367,40.276073,53.175716,57.70639
-2154.7676,127.41436,128.07214,32.395157,21.881748,34.343628,10.344017,30.401814,16.304625,45.468513,33.041813,34.318153,36.08644
-1881.2029,224.28047,51.233086,1.3990402,14.346695,50.63743,28.544899,31.32743,23.094751,17.005327,-0.12452185,17.948858,19.040152
-1715.3942,179.25107,-44.720078,-16.25324,-31.50541,57.89691,10.898153,24.814507,37.059845,13.826388,15.228086,27.257854,55.057648
-1591.1052,149.39616,-61.989258,-24.59531,-56.42634,63.171894,1.6571102,31.715366,63.213577,3.7564573,15.881416,21.65652,52.03341
-1466.2227,122.226776,-50.999588,-22.941883,-65.87419,58.139942,-10.78978,31.546638,48.253525,-6.408168,21.615686,26.262383,56.73503
-1358.9083,87.82454,-13.646318,-11.558834,-65.130226,83.45372,5.035838,34.14219,68.90539,13.145395,34.396824,40.04081,56.020355
-1233.1226,74.75065,6.772024,23.178925,-83.538925,76.48445,27.967323,31.395168,64.200806,-1.6835041,38.9657,28.092066,47.921005
-1192.6251,75.57891,28.537165,21.676777,-39.37233,82.48573,-6.339992,38.089157,74.62172,24.972733,21.602192,25.223381,33.009163
-1046.5034,114.40823,-13.86603,-9.109001,-23.08083,87.42799,11.475239,45.210632,40.214333,2.433278,24.712225,29.414047,53.895096
-1025.0679,124.034935,0.47086096,-5.8678246,-37.69475,102.57732,34.30295,50.17006,43.09522,0.27248955,8.847834,23.69577,31.849148
-1002.7158,126.80741,-9.346032,3.9390736,-24.850643,115.80125,47.885952,53.340412,16.958122,-1.2021523,19.537601,28.736597,35.145844
-985.81494,128.85703,-1.9285812,19.909397,-31.86271,112.425766,42.47755,44.137695,26.784967,1.4933357,5.040255,29.230331,53.934883
-945.9502,125.37723,-38.05985,39.210316,-17.11708,87.61638,29.421793,65.66226,3.6334076,-32.785164,24.089865,54.032204,53.23932
-942.1558,136.72127,2.7374444,44.12501,-31.967087,66.56654,17.33886,59.66429,-9.56897,-34.319916,40.876514,72.74681,48.853622
-954.9286,190.6364,35.614975,69.47259,-42.01151,45.538864,14.134937,28.249956,-25.082146,-6.3749943,36.449684,27.303617,37.58182
-828.6768,236.53796,18.49724,65.09119,-42.263794,29.48856,-3.522215,14.192697,-37.704845,4.316618,10.5399,37.409058,30.38992
-656.309,251.19005,-11.853665,32.36146,-38.831696,29.06459,-18.143656,-3.5803852,-56.2209,-9.662228,7.8185215,49.254272,37.98181
-522.041,247.49658,-59.2414,28.252422,-17.790424,13.157122,-22.196316,-0.6639643,-48.537056,-29.224247,-2.250937,32.36447,41.35605
-392.81793,219.01196,-88.26807,16.892212,-12.356974,4.635747,-10.275418,11.623268,-42.037586,-30.384214,-16.397469,28.82055,39.358257
-369.1217,228.86559,-101.24217,19.6325,-11.693022,-3.590415,-1.2563696,-0.01275444,-37.10666,-26.773785,-15.9063835,23.06454,40.48944
-338.73776,223.83458,-115.60393,24.132198,-13.187561,-3.0746584,-3.3155646,-3.0111485,-44.650776,-17.093245,-16.885931,27.314127,32.01299
-351.46863,239.5073,-121.857925,12.305018,-8.938803,-4.5707746,-1.3263345,-6.809695,-41.242836,-22.49353,-10.082062,23.432014,28.305275
-353.9186,240.61375,-130.1235,17.885235,2.1566114,-13.501524,-8.642545,-12.569967,-35.746513,-22.49134,-4.5979385,17.264782,23.80378
-360.64246,246.39362,-135.11917,22.3653,-2.2133732,-19.495195,-8.410227,-19.632233,-38.115543,-15.563776,-10.727681,25.594656,23.54144
-369.47366,252.17328,-151.64249,26.864382,-14.319338,-13.158624,-11.453033,-24.360851,-35.049232,-22.361187,-9.345545,20.44062,26.472443
-373.18146,248.87604,-145.83844,15.622735,-8.085207,-24.827911,-12.269522,-34.01257,-30.975737,-19.728973,-14.224945,16.651115,24.04268
-359.68112,235.60092,-150.86978,8.271503,-23.959839,-34.68425,-23.21389,-23.80801,-36.762936,-18.429855,-19.66735,12.124403,25.726364
-357.54437,212.7872,-144.28802,-2.7387052,-24.119072,-36.77645,-37.9728,-17.976593,-30.132732,-40.411007,-18.702044,18.332027,20.11937
-409.4773,250.07596,-158.1772,5.2582855,-15.836327,-48.54735,-27.5191,-28.780514,-35.52938,-34.676556,-28.018034,16.509296,22.994085
-463.1233,279.70004,-152.46667,-6.9482656,-9.505689,-55.63048,-39.686756,-23.003933,-42.942955,-26.93023,-27.299929,12.617204,21.15405
-498.87762,296.41858,-151.0621,-8.014549,-14.429583,-51.27577,-49.426243,-16.880045,-54.98043,-21.789057,-30.041464,14.037302,19.360832
-513.414,296.62854,-140.13254,4.3283234,-22.936615,-48.615295,-50.1595,-25.06493,-50.063133,-28.419575,-17.199179,3.4885035,18.055351
-524.5277,291.9663,-124.43936,1.2661691,-14.239416,-60.2543,-36.572563,-33.205067,-52.793213,-31.511484,-18.15676,5.274374,18.412064
-539.6937,294.06366,-120.070206,-1.1765878,-16.79555,-50.63187,-42.800888,-43.118095,-54.306343,-28.800518,-20.395699,6.000638,19.211403
-499.37656,264.3291,-117.67386,-1.5423877,-14.935693,-54.14536,-46.587822,-46.92134,-53.76554,-34.278973,-17.079119,8.124789,21.222221
-471.16605,245.82887,-114.453064,2.1725779,-16.479692,-53.13675,-49.412594,-46.77173,-54.805756,-33.13119,-17.136347,14.926842,17.29052
-453.21454,229.8317,-101.962074,-4.240658,-22.799519,-49.984085,-47.181965,-50.892456,-52.57026,-33.85559,-18.60422,11.170168,20.162699
-461.52527,232.77588,-99.78938,-10.615214,-27.011372,-44.66043,-43.261246,-59.700607,-53.1857,-34.971626,-16.457401,13.441168,21.239983
-499.57715,263.6653,-117.822784,-14.773157,-22.341715,-53.535416,-48.974525,-53.494957,-51.50405,-36.27266,-19.19802,14.33983,17.634405
-552.536,297.1636,-113.56496,-24.571735,-19.496809,-57.97741,-44.152832,-48.029114,-47.36106,-36.35102,-20.057629,9.839139,18.83384
-620.7112,339.91443,-113.42569,-54.208553,-11.014666,-45.45794,-66.45923,-33.000256,-30.180756,-64.21443,-13.961201,20.829403,9.334942
-648.1672,366.2265,-141.95885,-33.329937,-15.924793,-49.052372,-64.424324,-29.736609,-32.613052,-59.751297,-18.004128,23.97418,5.8060246
-629.9326,351.091,-131.27872,-29.909649,-21.068995,-42.22885,-69.91196,-24.877857,-27.022728,-70.67215,-13.741339,25.242855,5.1585207
-590.2768,312.68408,-104.03741,-22.601864,-25.761276,-46.86396,-52.35566,-25.723515,-42.16043,-57.71432,-15.945335,20.222034,13.375757
-562.08875,285.79916,-88.06279,-9.219055,-37.791775,-41.590984,-48.40138,-24.461826,-51.735157,-51.65506,-7.717433,9.5782795,13.400814
-579.5975,290.22498,-82.73859,-16.598278,-25.766989,-40.0797,-53.114685,-34.14086,-50.52768,-41.077713,-7.680021,0.6615963,14.612787
-586.86017,290.2655,-83.19152,-6.8997025,-32.065845,-39.25715,-51.810883,-41.561905,-45.477066,-40.97499,-2.4906926,-2.2659512,11.96319
-578.3299,286.11362,-89.293945,4.1826677,-32.524315,-40.38839,-54.68593,-34.56197,-50.149673,-30.941643,-8.740339,-3.517006,10.243519
-599.89746,293.48627,-86.63812,5.0421867,-44.626297,-28.431864,-63.677837,-41.473312,-36.98759,-36.76388,-7.3518324,5.2507706,2.6489487
-613.71606,302.52393,-89.948906,0.4717598,-45.1995,-23.441975,-65.9067,-44.482536,-26.791334,-45.722862,-7.846931,8.286448,3.2757912
-597.17725,297.03467,-97.58383,5.095333,-38.421165,-23.72015,-63.34162,-37.2081,-26.120392,-45.542603,-6.452258,4.07061,10.282611
-599.7035,304.5057,-117.7536,5.474428,-35.13498,-27.562773,-51.265198,-31.33658,-26.52308,-45.674686,-19.090551,15.803814,17.955275
-600.0705,293.042,-124.841866,6.763815,-19.050785,-32.054455,-41.92211,-22.03841,-20.880062,-51.54162,-25.47847,36.44802,20.076027
-672.71484,288.52628,-93.65764,37.25664,-41.7883,-10.748488,-39.468384,12.81604,-16.59112,-72.66669,-5.8655295,40.934586,22.738485
-789.1615,260.1407,-91.48746,122.14054,-78.79106,36.92258,-20.697067,9.095191,7.9233637,-50.58907,-11.320039,44.404156,29.073002
-907.9731,222.87543,-40.09503,126.00258,-51.512985,56.895416,-22.530836,38.939404,18.743324,-29.313923,-5.648617,31.39072,14.046547
-984.9042,167.41562,-39.37762,149.64377,-20.053072,81.46394,-4.074206,11.118042,-7.1183043,21.981546,5.5936275,16.130919,-0.75820446
-1122.9652,112.838745,-29.810276,147.3408,38.888268,99.51584,7.2923837,16.608082,-21.84348,23.432625,15.221641,21.184196,-5.9864683
-1225.2026,126.992874,-63.18051,110.74209,55.694363,117.72334,2.2062645,37.048347,-34.271202,82.952866,34.476673,14.5746,-8.246178
-1270.5134,105.194725,-95.95143,107.280785,70.1134,146.05486,1.8221235,8.353793,-69.91611,57.48955,34.068893,-1.888916,-24.668903
-1286.2886,189.29776,-33.073463,100.6753,61.78056,95.371994,-15.770756,18.766895,-45.686726,56.027596,55.731518,14.1622715,-20.92863
-1713.2859,218.05519,4.338686,92.50627,65.29193,89.94795,2.1968975,38.52599,-5.597044,74.88677,69.35808,33.137825,4.1848965
-1349.835,250.55774,-5.9073,96.563614,48.78917,65.67582,-41.889397,53.527344,1.6396911,70.078545,6.390781,-18.378448,6.0780983
-1725.1038,223.28354,23.46598,130.19254,85.55868,65.61412,-8.469688,82.85352,31.366945,59.80995,19.85146,12.13373,15.230379
-1691.4813,159.45891,-0.2521906,141.71796,82.7439,106.89034,-39.21513,85.33464,-19.852093,75.48479,48.659145,6.388096,35.339516
-1514.1648,211.60666,7.899515,172.51042,112.778786,72.65417,-46.94767,49.697845,-3.78022,41.01076,-0.15322739,-22.908642,9.331648
-1413.2909,256.10892,-23.402943,138.27975,100.25008,48.59217,-45.256767,37.58528,-2.3703876,28.347393,-0.29629773,-9.9355545,12.588671
-1325.8451,252.5047,-48.900814,118.03789,144.31348,48.33629,-64.26985,8.595988,-4.2184467,25.766594,16.57824,-3.8069162,2.4212694
-1183.3538,190.86075,-122.62579,170.41388,206.12695,81.5157,-100.23927,10.575299,-13.51931,18.061075,2.7545245,-24.709974,-18.30181
-1123.6326,205.45825,-163.56136,176.25113,206.48486,66.526184,-92.301605,16.018307,-5.9865947,36.176105,11.693526,-30.005688,-21.3561
-1073.8715,180.1149,-163.47972,169.55487,201.88249,48.62616,-70.52269,12.910296,8.267256,33.954346,4.327653,-27.836739,-16.137903
-1037.9468,161.43503,-161.31264,171.86484,194.77779,51.583908,-71.513016,11.313192,20.41888,22.089386,9.373501,-18.276722,-19.056484
-1047.2307,147.64264,-163.9205,195.57518,216.27905,56.47824,-82.72612,7.525511,18.66429,17.358234,-1.4331393,-27.37846,-36.07454
-1045.8134,155.47273,-170.4208,192.93271,225.12732,51.245613,-94.96039,4.875387,14.67923,15.337194,1.4604928,-18.294058,-38.776703
-1059.9839,160.07492,-145.94162,167.87622,207.97827,64.333694,-87.0037,2.5831375,18.874527,19.524204,-1.2713435,-39.13188,-41.57165
-1194.1602,196.95293,-158.37032,213.71758,218.63116,82.3318,-122.88857,4.3336687,-7.1973953,24.33817,0.57331985,-50.25262,-40.682796
-1216.1201,206.08662,-161.24806,201.81839,242.38298,81.604485,-142.66698,13.98765,-14.528229,18.61546,4.0744476,-37.971195,-40.531433
-1231.7151,231.55553,-172.23996,190.89095,239.66626,72.28065,-140.40446,24.428236,-13.959839,14.157064,-0.06587316,-43.94883,-30.667328
-1201.7366,204.7849,-158.06268,194.90298,215.43567,87.01076,-136.96594,10.605993,4.350668,13.659353,-10.658437,-38.552917,-45.025986
-1249.8602,220.54907,-163.76494,189.08774,241.79684,69.758606,-130.64307,9.931665,-9.878653,12.269159,5.720485,-44.103172,-39.4349
-1250.656,235.89076,-166.82153,171.57181,238.8306,76.41071,-129.53922,10.290524,-12.119732,3.316781,3.9123738,-29.36282,-52.761868
-1267.7805,238.27303,-164.48709,166.89731,243.3405,67.33629,-115.64138,9.735794,-13.413036,-1.3815689,12.699437,-40.75838,-56.428524
-1223.0647,215.88943,-160.01613,167.76556,236.4446,67.324036,-115.735275,13.29752,-31.056408,15.483284,10.174926,-44.272057,-50.770344
-1230.9532,210.36508,-146.99501,151.42265,237.54022,74.990814,-111.36601,0.24054337,-24.489017,7.928872,-8.974928,-30.673786,-45.781277
-1240.4404,203.47021,-128.388,133.81319,222.89372,86.080795,-84.886116,-28.757957,-12.688879,11.110016,-19.126177,-22.783531,-50.99626
-1294.4757,236.51877,-135.96567,136.05338,213.10333,88.20636,-107.20811,-12.850031,-32.850372,20.510685,0.6095395,-37.320354,-49.04902
-1318.0754,231.49083,-109.53453,99.7325,222.36298,108.101105,-134.0721,9.417795,-44.524246,10.624924,7.812592,-43.25506,-35.72641
-1342.3416,224.4266,-107.13374,116.473305,217.05405,107.04729,-132.84863,-4.7540264,-31.136045,13.936819,14.904116,-39.068222,-48.47235
-1368.635,241.87234,-110.68129,109.12774,212.87195,106.23731,-108.11171,-17.62623,-18.290947,1.7770014,-0.1065533,-32.49024,-40.01425
-1376.287,243.67435,-104.10962,109.88426,217.882,99.28294,-130.88106,-24.06466,-22.705025,23.681166,12.423213,-23.39631,-46.334267
-1357.6274,231.84155,-115.76027,110.4894,216.52863,105.12048,-116.16447,-23.527302,-40.726418,19.830257,16.402939,-24.622334,-42.359795
-1339.1433,236.46323,-124.66603,102.62855,212.46251,110.60863,-123.770905,-6.1206264,-51.880703,27.341633,31.422255,-39.988277,-47.12459
-1333.0457,249.22958,-129.08115,84.80792,201.60953,120.13642,-104.60894,-23.6203,-42.677498,16.739754,25.985785,-33.708008,-46.59149
-1297.593,229.1199,-118.231995,99.762115,181.01627,133.33798,-93.88532,-58.662052,-38.957886,21.010483,22.747408,-11.99653,-61.923065
-1264.279,244.49353,-123.18028,83.01733,175.54387,149.48361,-102.36427,-45.20772,-53.44427,8.177651,22.829517,-12.055224,-51.968792
-1255.2883,236.93054,-114.033104,95.76466,184.56285,146.43718,-101.16248,-63.87117,-51.10267,-2.45242,17.90528,0.9943928,-54.161446
-1239.6039,254.55072,-95.19983,73.64188,171.06946,156.93335,-110.11694,-39.158783,-76.842995,-21.24709,26.487427,3.9310846,-49.43734
-1238.4219,264.08145,-86.26552,87.11697,152.21553,143.93643,-84.01338,-52.657078,-70.51246,-27.080055,14.015754,-7.0210533,-54.308556
-1200.5665,253.59366,-79.96062,95.73906,136.73544,120.641785,-61.634495,-41.90788,-74.7309,-56.93209,11.392677,0.4923687,-47.5662
-1125.1333,227.77509,-78.54329,72.08754,94.834526,107.23428,-4.907508,6.869185,-110.824615,-78.23395,9.6902,10.410515,-19.728378
-1238.6262,230.23245,-46.977264,75.06859,68.03677,85.29989,13.075781,-6.744325,-62.99837,-59.03137,10.313945,31.482327,-20.953838
-1321.0005,229.23569,30.383287,56.18032,-0.30395126,104.0713,5.0157623,18.605627,-34.743965,-44.37236,-12.002861,19.95896,-15.126961
-1442.2881,215.8653,59.67633,90.1163,-20.260159,75.34674,18.429996,23.065727,6.5407295,-13.187785,4.0224667,12.553756,-33.847187
-1510.3224,222.55487,86.46272,119.1326,-43.052452,43.535324,17.24045,26.366644,40.112625,-3.7688556,-8.665217,8.286104,-18.733686
-1524.6642,221.92151,65.77065,111.4934,-28.230114,42.725834,47.881462,68.618095,37.029118,0.49222374,-3.6205876,-14.247749,-33.139324
-1563.9542,242.80772,57.161987,108.263626,-30.298428,33.877926,42.865936,44.631344,53.984253,18.651491,4.0445223,-9.289263,-31.011963
-1580.1694,245.94815,86.55741,123.307556,-34.477165,21.108765,18.07529,24.480463,48.081898,27.495798,-5.2939672,-2.1463127,-19.388927
-1541.5219,253.24463,80.66278,156.03336,-66.44548,-16.25554,26.844467,37.830734,24.672892,11.833695,31.754053,4.6244135,-35.086678
-1524.8789,268.9521,127.48456,158.78123,-97.357635,-22.987091,5.7357106,15.862024,29.594273,23.156567,19.877367,0.5651293,-35.00224
-1488.2737,299.0462,114.660484,179.84415,-86.57947,-65.29048,-18.855793,16.888166,31.88799,12.812908,15.943288,-2.164146,-55.764824
-1419.0994,303.18402,109.215744,201.13649,-87.414604,-73.61568,-29.948988,16.961891,25.565117,-5.6532164,4.171018,-6.4295397,-57.88485
-1453.8027,318.88803,128.93895,214.95966,-58.79227,-90.69908,-71.387726,-9.225102,29.976551,0.66270554,16.419828,1.5253874,-54.710644
-1455.7236,347.8862,142.17786,194.68025,-47.022194,-87.863846,-81.373726,-13.437533,33.30294,-29.507483,12.354608,14.491945,-72.33043
-1421.627,377.28937,133.40582,140.68182,-41.184578,-59.53881,-61.778297,-4.5863075,4.1296177,-40.722202,-4.4459896,0.13194275,-60.535522
-1428.2262,403.49036,122.05406,114.86398,-37.791885,-41.63771,-52.646416,-12.0876255,-6.687681,-36.852806,-22.808733,-12.134146,-44.359306
-1391.0519,411.96564,97.32895,89.126755,-10.092835,-41.5354,-52.606636,-4.9005466,-8.00927,-48.781815,-20.150091,-20.013397,-46.122646
-1371.8228,397.164,100.554276,88.984146,-13.057009,-28.629654,-47.269688,-8.067736,-12.655752,-55.51655,-29.798965,-9.713303,-51.86731
-1399.1104,404.34723,109.81648,86.11242,-13.166481,-24.216805,-44.692833,-4.429417,-25.659409,-60.603447,-25.761415,-17.168459,-48.993492
-1401.7832,396.98297,112.20982,95.30554,-12.405905,-24.923164,-43.78824,-4.01987,-24.239662,-70.07789,-29.68117,-19.304987,-48.553825
-1417.4319,398.51978,106.77243,109.725136,-17.801891,-27.421755,-31.951534,-11.157269,-29.516558,-64.71678,-36.102497,-19.441551,-47.259895
-1435.03,396.20898,122.72087,85.89035,-6.4190063,-19.567337,-40.697105,-9.734053,-30.686134,-64.21497,-32.85233,-9.623545,-50.396988
-1452.8198,395.12665,118.476585,102.00821,-13.375738,-23.57053,-36.642548,-23.72323,-38.971375,-43.98783,-15.711858,-16.965637,-57.267876
-1531.7529,397.88312,142.03238,124.57766,-4.4904003,-50.75644,-68.271255,-20.74791,-22.741695,-30.039818,-2.4558032,-21.60347,-61.308704
-1546.0647,375.3553,170.87137,138.8089,-29.511356,-58.571465,-82.43057,-7.0274363,-10.070316,-36.04819,3.0469313,-18.955692,-64.78322
-1552.0654,386.5796,159.82988,130.88248,-13.802032,-71.03995,-89.16232,-8.73352,0.96879196,-25.304497,-7.2289786,-11.019524,-62.98279
-1520.5571,387.36047,139.88881,122.03081,-6.918167,-64.91963,-88.65764,-11.95413,-2.1029816,-25.60318,-1.0849462,-12.769833,-63.93091
-1468.3882,394.03232,117.05722,101.32307,-4.1034136,-48.5511,-76.466934,-20.94985,-8.480991,-28.460117,-3.1415505,-5.114292,-60.0219
-1463.7675,399.54907,118.54621,95.83677,-7.776986,-32.33466,-85.95642,-27.499481,-3.0897522,-32.169014,-6.2426267,1.0050545,-64.823654
-1395.5249,399.43408,115.15141,61.059784,-14.005394,-17.672993,-56.122208,-26.619762,-21.795645,-44.993546,-1.2592049,-4.7651787,-57.79489
-1387.6011,409.81464,110.52515,53.85544,-6.192242,-22.35687,-53.204514,-14.977932,-35.745033,-44.708378,-6.11464,-6.1017113,-49.106857
-1371.3613,408.52704,106.181,60.659836,-16.821507,-30.325695,-34.95881,-18.633379,-32.70752,-51.724464,-12.738853,3.845583,-53.22632
-1356.9313,397.7971,104.89055,69.26682,-26.093899,-19.83742,-43.356644,-8.743581,-33.01214,-56.00936,-17.56413,1.5556488,-50.499474
-1365.576,398.84692,100.76908,69.5367,-18.272448,-28.62484,-36.014603,-9.935943,-31.84248,-57.31166,-18.362982,5.133539,-53.067905
-1378.6117,406.56934,98.05101,60.319782,-7.9885798,-34.397102,-32.66564,-6.4511986,-33.12824,-54.99832,-21.872692,0.2491703,-46.03874
-1361.0637,391.45398,102.529495,67.66174,-26.174614,-14.140856,-42.671455,-8.675328,-26.07547,-55.328484,-19.998001,3.8264961,-53.630005
-1360.0803,390.37305,101.09498,73.19237,-22.589272,-24.575998,-38.264565,-3.7615337,-32.323074,-54.223816,-15.805429,3.3156128,-53.39509
-1377.4078,413.31586,85.80133,81.54068,-22.624695,-29.98127,-30.62858,-12.599527,-27.924889,-57.718822,-15.151218,5.926449,-61.13543
-1371.4111,425.7933,83.41371,71.78868,-14.661734,-29.188263,-36.937595,-5.012691,-26.390461,-58.631577,-20.466755,-9.247541,-49.820538
-1316.3539,401.38788,92.43065,72.43419,-24.915304,-26.002653,-33.283764,-3.6910405,-25.745893,-48.630733,-40.861816,-23.306812,-40.5262
-1290.9037,399.93817,90.16884,68.13687,-25.290546,-25.164705,-33.251667,-6.8148527,-15.531759,-52.46088,-43.439766,-32.96098,-45.71942
-1303.6475,412.39417,84.38655,72.33278,-29.100595,-23.960457,-28.325382,-11.267542,-11.882423,-44.931255,-50.298946,-41.057346,-47.18952
-1295.7325,410.52057,75.21468,77.04749,-24.052708,-35.016396,-26.02282,-4.5590377,-12.48608,-35.00596,-51.861202,-48.958755,-50.847996
-1285.4803,394.02136,76.06479,77.92293,-30.476227,-28.713427,-25.35041,-3.6687875,-4.265003,-38.249626,-45.563107,-44.389908,-54.923874
-1375.7751,407.89145,79.302734,76.003845,-21.530527,-32.93525,-30.920128,26.325274,-12.885248,-38.170418,-36.11564,-35.875443,-51.769936
-1545.1016,384.59668,129.08623,82.3517,-15.642376,-45.491333,-46.65348,22.13257,16.908276,-20.902388,-7.0179586,-27.078257,-77.91475
-1789.2207,364.0677,145.54172,48.717533,-32.677914,-31.258856,-37.48761,42.38719,55.64618,-1.3361256,-13.250772,-4.290248,-49.642975
-2025.8474,318.77228,174.38783,14.947067,6.28314,19.610428,-7.3736258,49.09543,30.388882,-3.5624905,-5.8910465,-6.5387325,-19.92377
-2114.584,282.5375,187.55386,49.54357,25.565605,38.06488,-4.8891807,13.432372,11.796902,21.31447,-0.1815639,-23.037455,-22.71178
-2046.282,264.29303,145.96553,42.022278,37.907875,23.462162,10.366881,15.625696,-0.9093628,-4.5573196,-12.987268,-23.135992,-18.99769
-1368.4253,420.6091,59.40455,30.57347,-9.626141,-42.079453,-67.27724,-18.278906,-39.710762,-32.24335,-46.559986,-28.069134,0.9722519
-1080.3396,412.32916,-2.3341002,18.6728,-43.93509,-66.71453,-42.31522,26.956947,-47.861523,-32.978287,-41.90528,-25.163427,-3.3785057
-1001.69824,407.28595,-24.66196,14.132387,-45.94689,-66.2055,-59.367584,2.3416595,-49.8135,-35.75637,-44.79863,-2.3333569,13.956831
-1014.2741,432.44144,-48.26793,-5.6973367,-12.587875,-58.51811,-76.346,14.655289,-34.827087,-23.409351,-34.95666,-10.318996,5.418786
-981.36426,431.60498,-63.872932,-23.945148,-14.400101,-60.688065,-76.051025,24.317793,-31.81152,-27.852438,-27.312778,-21.036947,23.040958
-979.78076,420.3227,-43.911797,-30.735327,-41.967045,-54.182827,-60.980526,21.115028,-37.9097,-37.693974,-10.398507,-18.593899,14.277136
-1010.20056,440.99683,-62.64855,-49.87864,-12.419926,-57.438416,-81.18585,36.032104,-37.58089,-42.258446,3.645016,-19.573977,3.7460098
-999.5268,425.8964,-88.90907,-9.712641,-24.94924,-63.426678,-69.1305,2.5448914,-12.302816,-37.679928,-12.34638,-8.342228,11.585863
-1051.4515,438.54205,-75.58986,-40.87893,-7.062016,-58.778687,-85.147766,18.972816,-16.735573,-39.6134,-4.8522735,-20.387562,9.785567
-998.805,409.04138,-105.542786,-18.162193,-13.900661,-38.30081,-90.964096,31.80486,-10.297369,-36.654995,-6.740286,-31.465824,10.379505
-935.5897,376.57556,-112.425964,-13.87279,-40.515106,-5.463092,-79.42472,28.831049,1.7508657,-49.65417,-8.112024,-24.910618,6.769656
-1004.3163,344.34756,-68.8619,-22.993195,-30.18497,-16.555206,-45.469044,29.660652,2.8524017,-35.644413,8.590662,-48.249187,19.775097
-1142.1006,316.61847,-21.74712,29.244152,-19.782429,-28.69297,-40.66405,43.2881,0.6208019,-17.670809,31.877373,-38.194206,-19.504244
-1204.092,285.48856,18.850012,22.653765,-46.135483,-13.0437155,-37.930176,58.61675,15.902945,-27.736176,14.599226,-20.554375,6.1502147
-1267.8174,279.4855,-1.4016724,6.487944,-37.523537,-5.4236746,-22.407257,59.570717,19.66121,-23.075708,-3.1443572,-0.5277424,17.265575
-1312.0044,241.46967,-54.105843,-0.96201134,-34.802654,16.109854,17.372015,92.317406,5.216915,-1.737565,-2.8547456,-26.592121,13.151379
-1430.0875,251.49222,-50.52623,-5.9907017,-30.549622,18.887058,28.309664,73.24687,13.953335,-3.3220372,-5.8105216,10.897619,27.790901
-1461.0498,225.67235,-44.81797,19.902794,-32.662457,29.86874,-10.395922,65.90938,34.19587,1.9871674,25.50553,12.039477,27.356205
-1558.9417,219.58325,-39.20482,3.6685944,-7.9900713,43.833977,25.72462,78.10678,12.584986,5.285713,11.970351,8.881854,30.849943
-1601.632,243.90936,-30.828773,7.2058716,-29.090553,-0.03236556,6.801605,78.552155,25.963032,17.847515,28.550116,7.996671,22.212246
-1622.9478,230.65399,-32.979324,-6.264824,-11.514215,20.308939,11.93045,91.17815,23.675331,25.365719,12.894447,-4.781893,16.110786
-1657.1516,241.74084,-16.562967,-0.98320866,-13.236145,20.539495,8.27508,53.686146,14.782394,24.138073,7.5650153,8.061649,29.791508
-1696.3171,239.14476,-8.215554,3.1208029,-40.201042,19.949247,19.142988,58.557823,23.783516,20.853403,24.521315,32.27127,34.62101
-1732.5728,237.66647,-48.46835,-45.420353,2.3133087,46.96872,64.90047,61.07009,12.188087,3.571001,1.8907259,27.840576,50.036865
-1784.3169,235.46768,-18.526474,-36.189285,-31.359774,21.345428,30.607185,61.358517,26.447184,24.637794,10.868119,26.575378,44.52234
-1766.3468,262.83633,-8.495033,-57.914104,-31.74685,11.634323,13.96623,48.37629,16.8244,19.356382,34.342422,38.69407,42.011414
-1854.7136,221.94147,1.9988484,-25.5722,-32.478344,26.865028,26.295273,52.147713,47.427753,59.498035,31.116182,15.041607,43.90511
-1873.0017,255.58295,53.429455,2.493137,-15.190165,-6.99543,14.259811,49.367043,30.386383,28.898031,2.489267,12.659288,35.424644
-2031.7065,201.15106,94.435104,-3.3880615,-53.740826,-17.811457,22.898125,61.464306,43.558327,47.955303,31.5571,18.187283,12.51862
-1911.9225,254.91809,94.55485,31.759504,-81.39949,-25.385933,-15.649486,45.64703,53.599045,6.4819736,-0.9299833,3.1564806,-5.3738194
-1813.1309,206.16092,61.788826,36.643074,-101.14489,-37.966133,-19.410122,46.512318,42.321655,23.182795,35.35972,2.4528484,-38.6913
-1813.2683,177.52266,42.958282,43.558434,-100.44729,-21.23909,-12.554525,37.8246,36.225204,2.2448778,22.865122,-4.747883,-1.7765045
-1733.0901,168.56696,64.68011,81.277374,-100.09076,9.5615635,4.3782463,28.993551,53.288933,13.670517,18.217873,12.773104,-34.2676
-1667.33,225.17307,91.140656,111.58311,-79.67218,-20.382494,-5.594097,44.97133,38.008987,7.217409,49.433758,6.7450867,-25.196985
-1586.5259,264.08737,132.54031,160.22462,-76.14517,-43.099125,-39.94363,33.826157,56.363525,-2.758204,24.57794,14.35705,-42.85962
-1485.0918,269.7884,112.98396,211.02386,-90.01361,-88.59479,-53.966537,49.552437,56.73697,-8.180916,30.920181,-12.975819,-62.010193
-1496.167,291.70593,132.64395,203.69196,-96.67107,-70.693756,-64.47046,48.293713,52.953716,-28.641933,15.448821,-5.4146776,-69.78862
-1527.419,326.28625,136.53712,198.95694,-82.677155,-72.88793,-90.89368,21.464619,61.571724,-33.484592,30.519373,21.234295,-57.507645
-1475.3721,314.89813,143.50296,206.23627,-104.83062,-74.11589,-85.880585,11.583325,60.6304,-39.259087,36.844006,46.37648,-67.24168
-1469.2037,298.6319,125.64447,213.11096,-79.39353,-63.28281,-83.89059,-0.008526385,45.31281,-32.115196,40.46437,31.575195,-70.43088
-1460.013,302.09058,120.51991,187.46173,-68.92847,-44.541565,-77.468506,-15.141842,64.616234,-52.675716,17.089207,24.319172,-75.62336
-1451.7041,302.0829,110.52235,200.38396,-67.42267,-23.257515,-85.072716,-21.137001,48.52587,-53.017067,3.084636,18.017263,-68.59811
-1427.3179,309.7987,97.328445,184.10081,-50.23973,-19.85715,-59.866997,-39.290062,25.044243,-67.35385,1.3221183,26.24041,-65.72815
-1387.3301,320.35406,77.51398,163.82547,-48.470024,-4.1681046,-40.546364,-33.511307,3.6465416,-79.222015,-1.0815573,18.651768,-61.732685
-1355.5541,323.58786,70.640594,141.07883,-38.728527,-5.7490687,-31.910578,-25.988037,-12.481405,-74.40695,-16.498293,2.388897,-54.279694
-1355.2993,351.9936,51.45468,129.80305,-35.318954,-3.118278,-38.792896,-30.243576,-10.032682,-69.95586,-21.617487,-1.1269836,-47.576286
-1334.3558,361.53662,51.949287,111.26121,-29.953245,-20.580433,-45.857166,-20.818607,-21.540386,-55.46453,-29.550236,-1.5107822,-38.49012
-1330.9077,378.9329,51.44111,107.28312,-37.783356,-40.415443,-42.565292,-25.545252,-22.917046,-59.266174,-16.291355,0.7503586,-37.470364
-1321.721,393.5349,46.781784,108.16495,-55.437405,-43.169052,-49.714066,-33.43297,-22.400621,-51.474327,-6.6664014,5.317602,-44.819786
-1300.1874,385.1809,58.946915,103.581856,-67.598175,-46.65528,-59.314026,-20.856977,-34.747578,-55.96437,20.416464,5.8096294,-55.86597
-1293.2302,394.38348,47.74414,99.26843,-52.94602,-64.98718,-51.137,-17.171589,-39.9591,-49.567387,23.309072,1.1020966,-51.99894
-1271.3993,368.07956,63.727203,98.118744,-57.55521,-59.726906,-42.126564,-23.283606,-29.200468,-57.32419,15.361188,5.159334,-58.28585
-1305.014,373.50034,62.02819,104.44062,-51.56443,-50.267838,-42.726208,-27.39014,-27.118414,-61.43088,11.816594,5.253063,-59.16545
-1313.8623,375.81616,65.90387,95.78906,-55.7022,-31.60864,-54.32107,-24.848755,-24.124569,-59.47055,0.83877486,3.2634296,-52.250584
-1329.0702,376.7318,71.100845,91.65097,-51.092335,-35.12141,-53.18867,-39.63143,-22.669613,-57.883324,9.547657,5.052019,-60.93929
-1344.259,376.61414,78.281296,92.02635,-52.058193,-32.6445,-58.76088,-45.35031,-15.483131,-56.729588,8.612331,4.6323166,-58.855293
-1435.6716,387.3396,90.2831,136.69489,-44.222733,-45.1966,-99.05679,-51.450928,11.172409,-51.98754,14.621986,5.5501156,-70.59598
-1494.5782,382.9926,115.437546,144.99005,-31.07324,-59.82057,-117.09055,-45.421547,25.951883,-43.357758,12.12533,-5.386963,-77.34121
-1531.6216,387.65805,104.67291,152.72702,-20.45972,-72.47987,-99.568794,-50.996815,14.327051,-19.14028,-4.4974775,-11.363287,-60.409416
-1539.629,370.03058,122.52262,145.7225,-11.769695,-67.27638,-112.83686,-33.89167,16.43589,-27.239065,3.3262076,-10.262083,-64.72149
-1559.7817,357.99945,125.10475,156.34738,-11.761081,-72.15785,-101.73621,-4.1745467,2.5924015,-29.5065,-2.0074308,-21.615463,-54.631615
-1573.1532,362.48962,137.19629,145.87486,-21.179134,-60.83117,-96.26882,-3.5202053,20.943272,-29.823856,10.976606,-24.355564,-63.97624
-1601.3333,371.5357,154.08337,155.66718,-31.794579,-92.720604,-88.63376,14.297896,24.221287,-21.325268,19.681255,-12.735652,-71.16922
-1579.4548,366.36176,150.9844,162.44469,-52.651943,-89.54971,-92.121666,6.9966745,41.425537,-32.70845,26.199003,11.027671,-79.47801
-1627.6542,374.20276,178.27682,145.16675,-59.54117,-98.404724,-91.07711,5.0559263,51.399414,-27.278063,23.956665,13.681524,-69.10914
-1650.4155,385.4496,172.16801,131.13628,-47.409153,-93.35647,-80.196625,-0.16963577,35.762177,-20.485271,33.815292,17.00962,-56.123756
-1674.3612,374.7143,189.59947,132.2486,-55.755512,-76.59419,-96.25511,0.36944103,37.393814,-25.585146,33.78525,18.117792,-56.162178
-1679.1096,387.80298,167.64603,126.73691,-39.779865,-61.10146,-100.251785,-4.769385,18.825636,-21.09344,32.110935,15.542772,-51.265373
-1677.8911,355.49335,164.4737,153.37613,-21.147211,-61.71492,-92.420975,-16.769623,15.243502,-29.608948,30.48292,13.815339,-52.22345
-1665.7119,346.25696,146.14798,146.16022,3.143071,-62.08363,-81.55154,-3.632339,6.965515,-36.506557,16.43496,7.9820557,-33.355667
-1639.3749,323.22598,140.10507,160.38945,1.6642208,-56.66933,-71.45267,-6.3371043,22.388176,-40.592346,14.027078,10.189245,-43.0328
-1579.7744,302.8296,135.85674,158.73473,-41.436584,-46.745296,-71.99217,21.183512,42.266617,-30.96915,12.384348,1.6647606,-58.185394
-1464.5278,301.1079,109.60334,137.6918,-91.28397,-44.032192,-57.368942,21.708662,58.259483,-7.1316347,15.368787,-11.593228,-52.0989
-1421.3375,307.9953,136.98102,102.17984,-113.94771,-69.593094,-80.17351,69.13012,84.17826,-8.401554,-1.0575514,-11.663397,-57.69657
-1382.9397,268.00522,151.73337,74.721146,-109.096924,-52.192936,-32.535316,98.74045,53.478157,7.4838743,-11.925208,-15.032807,-50.14818
-1312.997,217.93088,123.33063,60.642437,-68.93785,-30.39547,-30.941095,97.332436,71.1433,-28.48291,-31.518867,14.007958,-26.336464
-1250.956,182.86476,101.323975,20.599457,-52.09716,-27.542583,-27.217266,131.9759,48.718544,-5.983179,8.774251,-13.891653,-5.943636
-1192.412,130.67976,34.78518,-14.779654,-27.033794,-1.1134667,10.893393,153.69331,68.97751,0.20013618,2.260543,-14.719614,3.1660805
-1096.5042,134.67288,1.8800089,-23.466013,-48.916748,5.96368,39.995132,119.45734,33.2603,-26.353207,45.20399,20.939,16.059713
-1065.0801,135.09819,-53.635704,-22.585072,-31.400547,27.249884,36.5532,119.192,37.27226,0.035740852,44.71084,14.502521,7.116001
-997.28094,151.83357,-25.371578,-33.77668,-47.354313,15.112257,39.85115,54.980743,25.914446,7.008914,32.799828,32.658566,22.332296
-905.2734,155.51552,-28.955448,-24.242859,-31.746653,24.150784,35.567703,40.616264,-0.6612158,-9.549089,39.48947,25.499807,27.941872
-819.0187,205.79715,-28.119308,-27.975052,-44.571754,-9.201591,15.671226,6.6306353,2.9344535,-4.037079,11.056851,46.29107,17.06051
-666.8915,244.05798,-96.12886,-44.51804,-49.18041,-8.223188,-6.3860903,-2.5462856,-20.264519,-29.071995,10.374554,53.469433,29.832657
-674.95734,273.28583,-129.29234,-70.94026,-20.970125,-21.28527,-13.723202,1.7377234,-28.020382,-35.525307,-4.7583623,71.46523,24.511044
-602.75073,234.83893,-124.95207,-51.106083,-39.639233,-34.38706,2.084843,-17.412788,-27.51891,-37.136093,-8.876088,75.47664,31.124569
-582.09985,220.81238,-111.59216,-44.336277,-39.907223,-30.448036,-32.083473,5.394647,-34.000328,-50.91164,4.5770035,74.03468,28.834736
-568.80347,214.65323,-99.725464,-39.141933,-36.79996,-34.08601,-34.98285,-12.556156,-25.963507,-53.7161,-2.967519,80.81183,30.637384
-570.90295,228.91794,-128.86324,-10.893651,-38.15461,-41.587284,-36.154293,-8.940615,-38.404167,-58.237297,-2.4218378,76.37124,38.426567
-572.6211,237.37607,-137.52643,-12.569454,-28.30259,-31.86546,-43.162434,-2.2978039,-46.77949,-69.49104,1.902737,77.582565,38.50159
-653.80035,264.09,-139.94156,5.7589808,-15.865778,-32.95195,-45.047752,-9.600539,-42.450314,-79.21303,-3.9432585,92.7617,31.522694
-753.438,302.6533,-155.44463,12.631876,16.710205,-48.24147,-46.21769,-0.86578155,-32.83018,-96.4832,-0.67602736,88.0372,33.56795
-847.9974,312.9372,-177.10886,66.58748,1.0472335,-30.294203,-38.58183,-12.313448,-21.719963,-68.34546,-33.03515,90.78717,28.02578
-929.9312,293.7843,-162.63605,96.79793,14.420314,-18.773823,-65.61242,16.150057,-11.255608,-73.07057,-30.8797,74.35359,11.0357685
-1111.6431,287.07465,-124.46648,101.075226,66.71808,-37.840797,-52.927628,19.470808,3.5628712,-63.006012,-44.279022,71.62413,-10.562356
-1502.6521,292.14587,-77.97421,116.762215,123.79428,2.1279821,-36.592964,29.156948,-9.110008,-65.93372,-29.842396,53.424355,-13.042587
-1591.8859,274.25415,-78.484886,111.9865,169.49966,6.4578285,-38.745872,35.77047,-24.65664,-53.22296,-7.083061,34.741074,-17.758934
-1624.2502,266.4325,-58.82057,99.99376,161.78949,17.980381,-26.976088,51.539165,-26.149387,-36.636642,-16.749722,24.957014,-29.469734
-1665.3495,274.95728,-48.339546,92.000496,163.35005,21.275959,-28.811369,36.92189,-12.045868,-26.440712,-9.458491,21.986717,-35.402245
-1659.5554,270.78204,-34.668243,81.73999,163.3259,35.782585,-43.44304,37.044167,-19.637157,-23.215366,-10.324766,18.722195,-16.824993
-1642.8522,261.01495,-24.956684,83.23602,136.26538,38.226215,-30.159637,18.826313,-16.880007,-20.435265,-8.76704,29.16824,-24.860182
-1669.1521,268.34436,-28.168182,71.51015,163.03561,35.581154,-26.995975,26.909634,-19.736519,-22.184679,-11.426837,22.649694,-16.706924
-1712.9553,287.19522,-24.715464,69.90687,146.75479,26.642925,-22.331226,30.645472,-12.602798,-35.843346,-7.390288,26.994904,-19.420036
-1710.4712,278.6856,-14.929025,60.385635,151.65984,35.490322,-38.790558,63.450474,-38.816044,-41.16538,6.985831,15.10732,-18.22224
-1712.7478,290.16852,-31.308317,75.230515,148.25757,17.2809,-36.428513,44.424465,-19.709738,-33.212933,1.210765,15.34515,-18.17874
-1717.5715,285.97742,-22.978561,72.421135,137.45589,24.596333,-21.461176,38.799862,-23.189985,-37.13735,0.83929056,24.356754,-12.32382
-1720.94,292.11377,-23.800272,66.77442,140.55612,18.909101,-31.841637,47.85077,-16.35952,-35.4946,9.6697,15.11517,-16.742218
-1701.9824,278.19775,-26.887516,73.59602,144.1051,23.60257,-26.540897,28.47253,-11.113604,-28.442333,-10.05589,21.28339,-12.292322
-1705.6936,290.87518,-47.000908,81.02783,150.21208,14.158159,-30.286747,44.621544,-21.220684,-29.871454,-3.6335351,9.499479,-12.264344
-1695.4946,294.64725,-43.7172,60.08415,158.72382,18.138123,-31.428082,55.342464,-16.607021,-37.710976,-2.6216877,5.886915,-10.7293215
-1666.9324,286.1349,-63.308277,89.441895,138.62848,13.243221,-13.165901,41.086334,-16.885525,-17.893269,-11.307947,7.3910527,-10.658392
-1689.8457,293.46265,-62.098045,76.69476,146.43575,32.696144,-13.433979,35.38317,-15.41529,-12.769206,-7.6876283,1.4774208,-4.8394365
-1617.8967,287.41684,-82.58361,61.318787,134.25943,49.67985,-14.175907,55.738533,-6.530444,-18.132147,-24.485056,-8.594074,-19.086906
-1420.0077,297.38123,-23.230661,47.51171,57.22551,41.393967,-70.662704,46.035095,31.754322,-24.173439,-56.33428,41.63748,-5.044013
-1381.6666,252.64948,22.187298,79.69249,18.215042,57.581833,-42.033226,23.298431,50.054787,-3.7734394,-40.18817,38.997223,-12.0401
-1340.9167,194.12677,35.27994,94.01973,-1.0435035,77.5125,-19.229366,25.320896,17.282562,27.208317,-24.217466,36.68119,-25.593716
-1297.1958,169.87106,5.073038,62.924843,14.721961,95.26241,-22.326637,3.48725,36.695312,33.113224,-11.123894,31.535892,-17.316795
-1287.7003,162.07935,-23.00029,57.24391,-7.63712,61.74603,-22.370321,22.809834,55.460094,40.514328,-16.64484,15.342558,16.116398
-1252.9812,151.9949,-58.011513,20.049435,-5.1496563,64.62178,-14.213481,4.3939705,39.537712,72.999115,6.451356,45.506584,23.705452
-1265.6895,146.65399,-75.66148,4.632063,-15.9391575,60.155624,17.009287,65.25951,54.152122,52.20623,10.169695,42.75039,16.051378
-1238.2012,161.99915,-75.45987,3.932926,0.24543312,43.81488,12.38298,49.60552,42.1172,49.899857,20.791046,23.60655,31.734982
-1189.8005,179.83388,-65.693596,25.380516,-11.173584,26.567856,29.684538,27.01674,43.703686,50.061348,-0.47152883,35.02117,13.097004
-1124.593,181.82602,-48.76213,63.15797,15.076181,15.329481,21.492151,-3.6299028,26.692703,-3.0774841,10.693089,31.064125,15.031578
-1041.927,257.26294,-46.882767,32.66691,-19.05014,-2.2207003,-20.668163,3.367773,22.278667,-22.008442,26.464293,5.058916,-5.3060303
-882.4905,298.2622,-140.98798,5.887594,-6.7634635,-8.866993,-17.305334,6.988699,4.7298474,-36.15992,9.755994,-2.196436,-3.0658855
-782.1455,291.27875,-181.6011,0.7381296,-5.653734,8.04879,-14.864647,-15.243122,1.3707776,-43.04059,-9.39831,2.8225803,-6.983999
-760.6338,295.50397,-178.24185,-21.170021,7.592829,-6.344555,-36.739925,-12.248083,-7.701082,-44.733673,-16.684668,29.762873,-7.0150814
-748.3838,303.94348,-170.34154,-28.507032,17.347383,-28.320494,-47.286644,-15.15291,-9.28908,-33.303078,-24.928728,35.882057,-16.325535
-700.3309,297.2052,-172.25458,-23.05729,7.1301785,-43.748158,-39.722263,-20.648567,-12.829241,-43.329582,-18.209377,41.70883,-12.966623
-690.10754,300.19766,-186.67969,0.7821064,-3.3789368,-55.29532,-46.270737,-26.690792,-10.737654,-42.39602,-25.27201,45.00406,-16.303728
-730.8356,315.11206,-171.79263,-14.579779,8.257337,-63.319275,-51.266464,-29.36478,-7.040961,-40.143566,-20.082302,35.688335,-11.157305
-785.34717,317.7452,-171.4003,-8.803884,-1.4255986,-68.849396,-57.970478,-21.433315,0.7126793,-20.716444,-15.90348,36.81524,-0.62455577
-804.88257,323.0594,-172.03442,-8.067471,6.249392,-66.04843,-70.75208,-26.41663,0.8606221,-13.418855,3.6476862,36.11975,-2.5543008
-842.5523,338.81473,-170.75256,-17.42333,41.781433,-87.07263,-67.98811,-32.674477,-6.915644,-11.31152,10.900487,25.842468,-0.6469145
-911.34607,345.28467,-155.53638,-31.420635,72.32134,-86.81995,-66.719185,-45.43402,2.6748874,-25.700602,8.602753,29.5706,-10.171981
-995.6941,341.62418,-143.28912,-14.692747,86.794846,-83.61477,-65.6431,-51.331142,-9.186149,-20.474422,8.299807,29.25616,-6.4877653
-1055.7506,325.13382,-137.24179,24.114561,67.85214,-56.422913,-75.93437,-52.877426,-12.52318,-24.269955,3.1639147,26.68652,2.3703556
-1158.2825,292.7492,-86.48221,29.808855,81.64761,-32.736362,-95.10534,-35.43064,-26.54689,-13.146225,-20.77177,58.23355,-23.976364
-1460.0835,316.23193,-53.821815,29.48814,139.38437,-25.179958,-101.43992,-6.7610073,-2.390777,-33.701084,-9.188167,30.862774,-4.9969406
-1728.8135,288.94965,-2.5647855,62.6032,138.65674,28.251236,-47.34458,24.990273,-41.144585,-26.198082,-4.624666,2.931816,-11.593409
-1721.6045,290.8744,2.4217947,65.528625,135.69896,27.633434,-56.1803,21.249666,-31.364988,-27.03049,3.3157506,8.458451,-22.55781
-1695.8246,289.0218,-12.705497,64.401726,141.51709,6.436461,-51.872314,20.703653,-14.61948,-22.26945,-4.2830787,6.714981,-28.844975
-1723.2024,283.68732,-1.4458957,60.874504,145.1405,41.657658,-72.0209,31.905033,-19.901367,-19.28342,13.711954,-7.7822027,-35.951103
-1449.0015,277.67236,-90.59631,29.741455,175.98834,47.271183,-96.42966,-40.106194,3.2509823,18.384575,-8.154613,38.263325,-41.955406
-1360.1248,269.9794,-96.74675,13.561535,147.96576,63.04987,-64.538765,-94.678276,3.6897945,30.751175,-2.188656,32.53858,-46.02678
-1370.7527,293.61826,-132.83612,26.003677,150.2763,73.29276,-81.98238,-80.83447,-29.766745,41.793125,13.99411,20.768536,-49.46824
-1326.904,263.65628,-124.007324,26.323925,161.96764,79.221176,-88.8063,-81.23568,-38.913116,67.71306,-2.0033057,25.57957,-47.65838
-1331.8884,256.98163,-117.038376,33.279613,155.4285,73.05644,-85.7547,-79.66991,-36.21025,66.66162,-2.2617974,21.877743,-54.699493
-1321.8363,257.93945,-105.614716,12.310552,154.14948,92.634026,-105.885544,-65.75756,-38.41451,48.41504,23.61659,15.295729,-64.04527
-1310.7845,258.44983,-106.775986,6.833776,161.72018,75.747734,-76.50598,-95.64192,-25.27805,62.249493,0.14861585,27.116283,-65.37869
-1280.1722,239.41429,-90.25528,-7.0446053,174.43777,66.18176,-78.6916,-88.41724,-36.01578,56.91125,16.896168,21.19331,-62.862614
-1230.9836,221.75162,-82.64641,-35.458405,196.49173,58.168472,-93.83484,-60.99907,-62.250763,73.92032,17.883425,27.408596,-65.32236
-1172.7649,231.37965,-133.80133,-1.5057278,172.1967,73.15559,-91.32263,-68.16809,-65.81781,85.914856,2.9285202,44.35002,-74.22365
-1124.935,216.45198,-124.82851,-8.82265,186.01797,46.06191,-80.46413,-74.49791,-59.53473,81.45359,3.3578823,48.53483,-81.324524
-1102.4816,227.19678,-131.19342,11.471048,148.10995,48.84913,-78.28588,-68.4305,-46.44332,66.19808,-1.7174362,47.647285,-65.23782
-1020.36096,212.766,-144.72667,35.09708,110.84545,56.25529,-62.536575,-75.2401,-27.260937,31.34259,21.186956,50.856186,-62.446804
-996.7835,220.7273,-159.35976,55.082985,79.996315,64.011665,-54.56978,-64.05187,-12.170944,18.366028,24.103971,37.310028,-39.824642
-983.3954,198.13931,-126.804184,51.559326,59.502476,96.83067,-46.04347,-86.469284,-5.2852945,31.201763,16.088375,41.488476,-16.142117
-1090.719,195.70651,-33.82761,62.789215,8.205322,73.80502,-25.341223,-57.309982,40.170166,30.343143,-32.656155,41.429684,-11.316594
-1148.7913,159.98624,8.402798,74.04303,11.709227,55.640068,-18.667065,-9.999434,42.060883,20.856844,-9.624542,20.377817,-5.448515
-1180.8804,125.15445,28.379543,61.768673,7.327034,59.12224,1.403388,23.682137,41.414875,30.831944,-11.603813,-14.123806,6.3417244
-1204.9241,94.5182,-15.803488,74.41776,5.790206,74.00951,11.23901,18.439991,66.68709,14.92346,-37.379154,9.465429,18.49501
-1215.4143,96.426346,-40.095222,54.072613,-17.669924,36.652615,34.803116,31.84522,50.70626,17.989977,-14.80254,30.748838,40.847237
-1182.0059,109.69716,-25.304913,66.15405,-29.991735,36.37127,23.265888,1.3308582,40.572655,45.735558,-13.5308075,63.82321,32.31594
-1124.4341,136.4414,-48.89737,59.61754,-34.85617,25.670658,46.68965,48.16579,13.583748,12.678174,-18.561052,40.160034,17.659317
-1022.2012,176.58159,-22.559763,53.626945,-52.78065,-13.663935,29.9496,49.986744,-32.058014,-15.054024,15.03981,57.435913,26.492235
-928.4215,237.87791,-34.523525,19.893417,-57.861664,-7.8546104,7.9679646,2.3887062,-34.112877,-13.01194,9.369046,42.897945,21.893587
-850.44965,284.88852,-90.746796,8.465097,-68.10968,-19.94636,12.2348385,-5.394376,-30.559965,-42.21263,7.533953,36.531128,23.557154
-900.55145,329.2224,-83.01287,-42.24697,-66.47681,-6.9557915,-9.942938,2.2729473,-19.424244,-51.95684,5.8038497,35.249306,27.45103
-842.4388,311.37146,-82.90499,-53.935257,-49.999756,-31.938412,-21.411127,-19.35212,-24.19492,-51.93564,13.126549,43.362907,22.656208
-859.06354,332.58176,-96.827805,-39.85984,-59.90001,-40.97141,-21.819117,-18.468672,-30.31716,-43.201126,9.711495,37.57495,20.079905
-840.2547,338.67145,-88.071754,-61.243896,-62.664246,-9.651785,-60.20881,-16.856121,-17.513931,-56.71149,24.730438,24.733189,27.001118
-787.5377,332.1634,-113.07361,-71.15504,-56.933018,-11.410319,-46.9037,-29.213608,-25.523659,-29.043217,-1.9572144,38.499462,26.210556
-795.94385,335.52466,-124.33737,-62.987934,-72.97443,0.8920517,-46.914955,-28.313532,-14.594274,-27.66836,6.8735743,37.148262,23.147282
-814.008,332.23184,-133.17723,-64.613686,-69.69079,-10.485384,-24.517744,-28.310661,-6.821005,-31.950005,15.532228,31.53209,23.952951
-855.6807,342.93768,-119.17343,-64.742096,-67.842224,-10.642269,-34.79605,-22.564953,-13.809868,-38.528847,23.054071,24.685215,23.402298
-925.22736,352.8773,-84.06338,-66.82287,-75.13581,-8.3158245,-50.928917,-28.561771,-13.7079315,-40.65331,16.082111,32.7046,21.035645
-967.1178,365.9487,-60.23082,-88.935394,-44.148422,-23.511642,-65.29867,-16.311775,-26.467377,-36.836456,22.15943,17.925692,19.317257
-985.4063,374.292,-78.55206,-48.497555,-73.11551,-13.178522,-61.65369,-22.293938,-16.861435,-36.45103,13.3287325,21.687485,22.49414
-936.0944,334.6446,-66.26993,-43.305122,-93.9977,-3.7828407,-43.643227,-11.879108,-23.60617,-29.473566,-6.3045115,38.901604,22.615944
-920.8677,302.30804,-75.2489,-41.386154,-86.58979,8.386768,-25.082924,15.032565,-17.534107,-20.92834,-3.9457963,30.821453,18.29227
-1003.30023,281.13074,-30.078617,-39.223816,-77.60926,7.5543175,-3.705803,52.453354,-7.9865704,-28.681274,9.504305,33.400757,5.960535
-1013.61993,204.25967,0.2098751,14.384956,-79.038506,0.9069443,7.715706,34.75737,10.381878,-10.986687,3.7055933,43.72427,12.001062
-1149.2086,184.706,1.3405485,-8.437351,-35.73083,23.467176,8.457817,63.440144,39.304382,5.9744425,-0.9997691,24.965439,6.046505
-1207.8871,159.86203,-2.5363836,-4.4240017,-54.569572,3.2014766,43.98546,78.31178,37.27499,-15.906929,39.92143,50.15998,24.025585
-1261.9655,151.93985,-46.139572,-11.759309,-15.261139,25.265732,84.37088,54.193314,18.188057,-11.379717,25.95252,54.62465,23.851868
-1310.6418,185.5146,-49.22797,-24.928331,-12.337566,9.668917,93.52952,71.892914,5.5558887,-2.8932648,49.921116,55.84651,15.405045
-1316.2649,190.45274,-51.18938,-7.8189545,7.9865875,18.71714,73.97493,45.64698,13.024017,2.322277,15.266548,60.32875,33.330364
-1390.916,194.76093,-80.79604,-9.292566,37.733334,-1.8938999,108.446365,81.813705,2.2594523,6.8158836,25.41714,40.870556,14.40251
-1428.0151,207.10422,-57.344513,-11.947308,21.848358,1.2561007,113.00334,80.47423,-5.4555187,-14.642342,17.307917,52.363503,22.98715
-1444.4333,244.29562,-63.226578,-46.143143,10.261091,11.492252,93.045044,55.89838,0.005678177,-3.4148788,9.647999,68.63536,29.279308
-1478.6187,246.34653,-72.64254,-26.650854,-1.7676849,8.736482,95.72537,43.34967,-20.086603,10.270105,24.928259,64.758606,38.674927
-1484.935,262.4695,-91.69707,-62.127663,-24.867207,2.1845484,91.12918,40.85511,4.898983,26.133804,27.036528,66.081406,33.3495
-1544.7031,283.31256,-108.06143,-70.0369,-12.997032,22.573639,87.39039,32.537727,-38.656975,-5.385029,35.802597,92.97197,65.92011
-1606.9607,256.38336,-108.42348,-59.345406,2.7427673,43.446915,83.01901,31.125381,-22.764902,4.465782,30.09022,69.027214,43.418373
-1646.953,254.33647,-88.97238,-47.80914,-34.362957,23.57185,106.60951,60.074726,-26.794882,-5.8566475,35.367313,81.88748,48.854362
-1640.3618,288.81442,-76.39526,-51.64999,-47.1649,11.169586,88.76424,52.47532,6.078891,24.823868,17.802286,60.263206,30.49202
-1693.3088,256.63113,-50.77822,-23.934242,-21.165583,35.915596,61.222977,30.301064,9.180858,32.565083,18.917578,31.963581,25.188961
-1715.8284,269.39566,-31.970219,-6.7258997,-13.878931,25.491009,61.439217,7.7328577,-10.802614,11.022863,15.728842,49.520767,28.880457
-1759.2717,254.69391,-43.313286,-2.6029873,-5.228835,28.275059,57.7221,53.565792,15.609744,6.4660788,11.107108,16.217937,7.5956697
-1830.9144,251.78795,-16.96588,-5.2946987,-5.210085,25.750528,40.92797,31.101742,20.701374,22.64325,4.5579224,47.01277,38.107944
-1814.5032,241.12355,8.200522,46.12009,5.9451957,39.95237,42.730534,3.7625933,12.138824,13.578327,-14.445573,28.915508,27.823502
-1814.5481,217.64932,40.670433,85.13965,31.873741,22.239594,4.89769,30.48801,35.22641,-14.478767,-17.552076,42.083447,-2.199213
-1907.6953,241.9997,23.19497,46.05968,68.99762,47.48017,7.6837873,55.182655,36.672497,-28.303936,-17.985735,15.612598,-4.19516
-1956.2115,255.89519,64.07066,59.897938,99.93814,65.935165,12.187147,43.927578,-13.531397,-22.751158,8.176935,2.4460888,-16.969324
-1954.8154,260.8221,68.51515,62.82618,105.92324,47.372917,-5.0162654,38.220596,-21.89836,-26.201668,3.3908672,-5.6993895,-7.842322
-1927.7019,261.5762,55.57793,45.767544,111.96174,59.444992,-12.669928,13.524538,-20.078232,-27.865885,4.932095,13.7073,-2.0737038
-1802.2495,317.61652,10.526175,26.198742,96.56445,34.55776,-37.581802,22.430807,3.3770394,-37.57419,-12.394434,25.109634,18.955233
-1617.9084,362.5819,-29.550186,14.778772,74.21649,-7.275462,-61.594418,-3.9116697,-3.132475,-35.962627,-10.043396,49.04462,27.318018
-1569.2628,357.5841,-18.306072,14.560924,32.09964,5.581376,-63.018715,-35.452034,10.463481,-23.507309,2.2689857,50.072838,16.423962
-1501.7949,357.9792,-34.030087,9.664726,17.399292,1.4616225,-55.644707,-41.474834,22.383898,-21.59236,-4.114417,54.565926,13.992815
-1478.4238,361.3756,-35.727493,10.08926,8.889685,-2.3319764,-55.72787,-49.49758,23.50548,4.129421,-14.164146,54.55604,14.242006
-1463.5287,376.06183,-43.658768,6.72433,11.461087,-17.710508,-64.8491,-45.45853,30.278492,11.085537,-21.159006,37.526913,21.566273
-1432.7727,382.3604,-54.402657,3.8438158,11.057795,-17.443651,-78.2496,-42.512238,36.562134,11.551673,-28.514961,34.906227,32.755127
-1409.2306,375.12604,-49.766243,5.9485016,-3.9407358,-25.550575,-65.348946,-35.159973,21.663767,10.500492,-29.932974,34.499535,21.837042
-1412.2262,382.78043,-37.340233,0.16530132,-8.238364,-22.805489,-72.978294,-35.570297,23.5791,1.3730278,-24.736107,36.91453,15.269381
-1413.5021,386.80527,-28.956646,-0.33613634,-24.596916,-21.146572,-67.657455,-35.735245,19.259018,-6.658983,-30.946474,39.486122,12.848854
-1436.7727,391.58966,-25.726889,-4.6884727,3.1079736,-22.627598,-78.1378,-22.628546,2.1935472,-7.605236,-33.294807,31.538494,18.735104
-1471.5388,373.018,-13.215876,4.8930893,3.8801224,-9.320256,-63.927784,-37.375664,7.656409,-30.052189,-36.27429,33.74767,15.982704
-1565.313,359.80392,7.2510037,12.794217,14.147835,7.700898,-60.711994,-32.812588,20.77664,-36.534744,-46.87577,42.025887,13.352713
-1732.5005,317.51727,17.306019,39.831406,61.059723,12.4415455,-42.144417,-0.82269216,14.315468,-16.297823,-17.879316,8.915972,-3.985695
-1805.058,307.27365,27.841213,43.548,110.851105,28.131979,-39.21339,7.65398,-12.599602,-14.794287,-12.553397,-8.980413,-6.988312
-1812.1256,309.0393,35.467175,36.80404,105.455956,34.02207,-42.46984,5.850771,-21.841719,-28.335506,-13.451242,-2.6369143,5.5243034
-1845.3258,309.1069,51.58265,43.222176,109.8344,36.854477,-54.223766,10.877517,-8.169792,-30.043093,-12.063704,2.7477818,-16.275883
-1850.7769,289.45795,46.19594,64.277145,114.90093,14.906776,-44.077805,21.427261,-15.35043,-20.452616,-9.071071,-5.44373,-24.321121
-1840.1555,286.61017,45.32345,73.02171,94.44733,13.439308,-39.22969,20.116072,-16.297604,-23.298618,-1.7475783,-5.4022694,-27.458443
-1818.5607,270.622,46.29402,90.90013,78.86717,2.7319932,-19.0719,16.127253,-12.340776,-31.131607,-5.140637,6.501232,-19.735376
-1813.5784,289.68414,24.999514,74.02083,99.626175,21.367573,-36.842087,0.62423205,-14.584776,-19.75108,-6.7184744,-6.4086876,-26.213327
-1658.196,295.10614,-54.29807,62.91926,135.0379,36.263252,-82.3765,-51.545525,-9.257773,-3.0236492,6.8414874,2.4906616,-35.710938
-1638.5156,275.95544,-56.673252,79.36328,131.71603,49.10649,-94.04495,-54.54544,13.648964,-4.5453863,-4.337267,17.424442,-35.35049
-1672.4889,280.70105,-51.362,62.908604,148.87173,50.27201,-105.17145,-47.874268,11.030699,-11.416485,-0.6505747,10.394583,-29.15262
-1677.7692,282.8623,-43.489246,62.759884,155.10933,37.169804,-113.062164,-49.809578,10.557592,-1.3901567,5.942053,2.510808,-35.172745
-1682.9773,291.34344,-47.814854,68.576614,158.76172,41.110092,-121.914505,-55.313572,6.1597614,4.4380345,1.0176245,1.6839871,-25.394136
-1666.2452,285.17676,-41.961437,59.870834,157.45349,40.002453,-111.77544,-53.283722,11.0077,0.0052671432,-7.327421,8.206983,-30.002478
-1651.1031,285.71002,-57.441574,76.93373,144.08446,45.297474,-103.80748,-60.756344,0.5415306,7.944872,7.7237206,-2.4173238,-35.174385
-1638.7808,290.21228,-63.32959,57.236225,151.20377,56.27401,-109.77843,-56.33539,-5.9952183,7.4490643,7.691847,6.2141724,-42.807327
-1622.7981,281.32748,-63.693123,49.958366,154.52162,51.898136,-104.487625,-66.38295,-4.8500004,9.539848,3.6563308,6.323318,-43.840454
-1611.5435,288.02176,-57.367558,59.269234,127.00161,49.053562,-93.04511,-59.311012,-11.516541,3.097721,14.290107,9.816442,-43.84263
-1587.858,292.7003,-79.09138,62.062088,129.58432,64.5708,-92.824104,-76.76456,-6.8833275,5.1311917,5.581529,15.222433,-31.440353
-1564.3015,289.5836,-73.062805,51.465786,123.79672,55.834522,-83.69551,-73.44314,-3.435175,11.439838,5.4251924,17.353077,-47.64605
-1567.1582,299.1126,-75.39382,35.68866,130.2865,72.525055,-93.099915,-69.38609,-13.276432,-0.27702427,25.322247,24.93024,-48.3849
-1555.4786,315.66476,-79.48503,15.694528,128.08209,70.62013,-79.09149,-76.7851,-29.35912,9.156981,29.976643,25.415173,-47.019176
-1572.6951,306.5876,-64.491776,15.97278,132.13542,76.79472,-89.79525,-83.567955,-20.04914,17.935234,19.104237,33.20366,-46.62696
-1576.8989,303.76953,-61.235397,21.02681,131.72592,51.90856,-97.86507,-51.260517,-26.793411,0.23596859,34.425373,31.755726,-49.63588
-1628.4711,309.26404,-45.97663,31.552382,110.535995,47.936996,-86.0025,-46.7488,-5.2271156,-33.504604,25.487661,48.71413,-39.533787
-1719.4031,295.10925,-20.632038,29.378384,111.77085,47.708843,-73.90277,-15.065075,-5.5980425,-34.368454,16.848835,45.15886,-30.830257
-1803.8398,285.70435,10.409785,40.865887,128.82776,34.67964,-61.30501,21.535435,-11.73023,-37.481068,7.8406677,6.6157427,-28.982256
-1803.6156,283.92532,-2.0048404,45.56615,126.130806,21.561228,-46.87561,32.291935,-13.399857,-47.152893,5.09026,0.027074814,-27.195751
-1788.2008,283.93085,-3.818985,37.069656,121.61044,27.358944,-29.246532,33.877724,-34.900505,-47.70271,10.10167,8.976353,-4.1659107
-1736.6914,293.59845,-46.75322,25.681004,127.53429,36.225533,-23.825367,47.56244,-29.550606,-61.906754,2.0070364,20.908188,-0.8895769
-1531.7156,375.3674,-104.81303,-41.28305,104.76866,34.78011,-54.83253,9.354003,-29.37339,-72.572525,-15.595314,54.92403,24.41217
-1438.3853,387.63483,-97.0858,-25.436022,70.73767,39.198723,-61.037945,-14.534084,-11.118355,-70.15851,-5.131405,58.9891,4.182988
-1431.5835,390.38684,-92.527054,-30.182447,52.26284,65.35337,-37.63411,-25.134235,-7.2152967,-54.52055,-3.7736373,55.66025,8.447297
-1375.1644,366.357,-104.577065,-19.859724,52.89753,47.21486,-31.893951,-21.382202,-7.298098,-44.544548,3.0099607,39.74044,6.8340545
-1369.3644,373.0948,-105.11154,-16.179752,44.058064,46.580894,-31.760044,-18.236507,-8.494876,-49.06167,10.844535,44.500763,4.6351776
-1389.9426,377.4666,-89.530106,-27.926523,30.401478,55.647774,-33.021446,-29.117592,-1.0853548,-41.33178,3.635285,43.980263,7.2850275
-1455.9037,400.56424,-70.411606,-30.964678,40.407925,45.276833,-40.184338,-22.870535,-5.1883492,-43.031303,-0.9481341,49.319145,19.593107
-1467.1194,398.72012,-53.018578,-30.696508,31.227757,35.776134,-42.238167,-24.208815,-12.638058,-38.874817,3.1787329,50.499664,19.622173
-1438.729,388.33237,-49.422783,-37.884186,44.33931,37.05345,-60.955975,-19.42501,-2.6530643,-53.897526,7.534006,58.024723,13.653137
-1452.0747,393.31787,-52.27461,-15.914536,23.45796,19.427612,-53.758644,-29.25549,-1.9031463,-29.839863,8.420282,47.08711,7.529467
-1449.6497,392.5844,-47.419785,-23.051613,19.138641,14.459177,-48.403114,-21.832443,-16.025919,-27.32434,15.210241,38.901337,14.839767
-1461.9287,394.27478,-46.11007,-20.524498,14.911926,20.72202,-55.380955,-19.308432,-9.380591,-48.669113,11.682411,59.944885,2.4044344
-1473.9028,374.77417,-34.628937,-0.15190554,13.460762,23.464783,-46.957977,-24.289192,-8.682809,-55.926216,11.388577,63.819725,-1.2143936
-1517.8984,372.88336,-32.712128,-11.553365,47.179714,28.294788,-65.594696,-6.5442085,-12.518759,-76.05551,13.758307,62.788357,-9.370443
-1654.429,348.83176,9.850903,1.5000753,54.883804,35.858696,-62.64652,-4.7843723,3.4908862,-49.496468,-10.034798,34.504402,1.6357826
-1868.3235,274.21655,73.39993,66.55329,84.069595,55.026714,-12.887875,12.384104,-1.2945654,-28.446346,-20.363934,21.818958,-5.218192
-1889.3042,273.7575,92.89578,63.05424,78.1117,37.4371,-25.50819,13.842306,0.21706986,-10.837164,-12.302252,7.3116055,-5.346551
-1786.1382,307.66052,29.73462,4.621005,70.34584,80.45549,7.0598164,-2.7475471,-15.541138,-12.200566,-9.87852,15.628287,-5.6205554
-1758.1174,317.00623,16.702785,9.459686,102.363014,83.175766,-23.189564,-3.0312347,-19.590607,-28.950413,-26.957949,14.733238,2.9525614
-1736.8928,313.5807,9.067619,28.901453,113.89352,53.616074,-47.88262,7.854518,11.620354,-31.404182,-38.043167,-4.870961,-0.942163
-1721.4427,318.5252,-3.9405823,29.780571,119.17726,56.25589,-56.37717,-0.34657788,9.217094,-33.154636,-35.772423,3.9984217,3.6987555
-1689.4255,318.84076,-8.213246,25.233456,110.0825,44.23505,-56.362724,-8.346977,13.096771,-12.505821,-33.7828,-5.136551,4.735525
-1677.9076,319.89227,-17.086678,30.909508,100.27054,42.604176,-36.67767,-1.2266257,-2.3231716,-13.410727,-35.125767,-6.118838,6.6958885
-1677.3308,330.01294,-8.451552,11.413026,107.62641,51.80266,-42.301666,-10.520813,1.9540415,-19.701248,-33.809265,-3.0582285,13.696087
-1680.9331,340.20758,-9.559293,10.328422,102.70633,52.477676,-50.024323,-6.7424984,4.2262692,-24.11281,-40.00331,4.5832615,17.579857
-1689.2943,345.48093,-1.4208508,-2.5538845,114.12326,45.28147,-63.001366,13.205097,6.2759247,-38.81121,-23.63429,-0.1661892,7.062134
-1672.7888,344.7898,-12.854756,12.598034,102.9841,43.093735,-48.07013,8.480886,-4.035535,-32.51415,-32.364464,-5.330329,16.041603
-1651.6354,341.2071,-16.956953,23.940197,102.62341,29.88295,-51.032272,17.726252,-4.144547,-34.575596,-22.527525,-4.2149696,4.326715
-1639.6023,330.86584,-18.54152,26.547579,96.30893,34.924423,-37.422867,10.330349,-12.922152,-33.12581,-23.844213,-9.529764,9.984507
-1640.3181,341.41092,-19.575605,16.654522,107.80123,40.198727,-47.832634,10.731558,-2.4192276,-35.59513,-31.362164,-0.4845333,9.330805
-1625.6389,337.81445,-16.858843,12.414148,104.822784,40.280525,-51.789055,11.14782,1.6950312,-34.482845,-25.73381,-14.625988,13.010791
-1648.7765,357.8549,-17.099934,2.7867537,110.07864,44.002655,-54.400085,17.947748,3.7570298,-45.182198,-30.630436,-2.3494816,11.637968
-1641.0969,354.28693,-19.561785,2.0226202,112.185135,32.33001,-48.032772,27.72592,-5.589197,-46.482887,-31.263245,-4.4059486,9.626434
-1644.0176,364.2475,-20.70963,-6.5225444,108.75044,39.197098,-44.40406,26.673126,-10.548876,-38.900826,-28.460335,-12.837454,12.538733
-1660.3894,361.82422,4.941989,-16.339813,90.86731,39.45015,-39.753563,34.864758,-4.426939,-43.064148,-34.680904,-10.172358,6.881222
-1698.0387,353.52057,37.359905,1.2877426,59.80845,31.75837,-22.003574,44.893272,-6.0741053,-34.133026,-29.316036,-12.18911,2.7527637
-1801.4442,318.63788,60.745598,35.517242,68.62868,27.929642,-30.562044,51.261948,12.5963,-19.531578,-10.780498,-14.831406,-20.685743
-1809.171,304.6598,54.522243,25.667824,105.42655,50.501038,-30.283787,44.110252,31.732643,1.1686096,-25.249178,-50.400257,-39.42939
-1819.5186,307.45853,60.779408,33.81077,105.53081,45.389175,-45.65009,32.891487,28.952375,8.524015,-10.940753,-50.333,-44.804657
-1808.6879,299.30325,55.993126,48.01929,103.721664,35.216988,-34.681717,41.38206,18.27745,-0.955492,-13.777566,-38.177887,-29.749249
-1820.8596,290.80786,63.21373,60.484985,97.45638,34.092957,-34.486156,55.862247,15.69474,-19.048286,-10.337916,-32.739334,-37.205772
-1835.6584,289.74036,58.06492,57.02031,119.65414,49.412285,-30.830341,44.99821,11.775881,-4.012188,-16.25068,-43.52064,-38.736343
-1805.1145,303.40704,68.80762,54.301376,96.58284,35.50991,-39.896706,37.78962,4.029007,2.2381992,-4.071042,-36.167923,-23.642448
-1700.575,347.21088,100.444046,61.05161,32.818535,-1.0653133,-84.504944,-28.332943,6.161232,-5.9481544,-3.0226707,-12.948616,-8.269415
-1627.5442,343.89758,127.54117,76.47408,-0.64911366,2.308238,-111.8502,-51.280907,4.0375557,9.692806,-3.8052413,-6.450451,1.0720062
-1604.364,346.40356,135.6516,82.20763,-18.888954,-3.2920237,-106.17433,-44.63329,-18.46566,4.8204327,7.53816,-7.038414,9.460412
-1585.1545,356.39868,121.50373,94.75253,-15.322834,-19.678247,-103.57599,-51.853245,-21.039118,2.149182,6.164518,-2.8483536,16.75099
-1548.0132,346.07416,118.664566,97.680145,-14.544624,-12.201551,-116.449066,-53.59902,-27.220245,11.1914835,-1.6607004,-5.623111,29.562355
-1537.7959,349.57285,113.68961,101.1926,-10.485699,-21.404377,-116.94985,-50.800697,-28.689558,2.0168126,9.13579,-5.465639,7.1766605
-1549.717,350.4699,116.23462,108.40143,-19.712406,-10.11766,-120.35486,-50.815445,-25.335817,-7.948989,14.381312,-6.286582,8.970785
-1528.1157,351.7657,104.05645,101.45404,0.9272661,-38.355644,-98.09903,-56.960415,-27.19284,7.038784,-0.97757626,-9.638145,24.857452
-1526.3063,350.3474,88.84068,132.91223,-20.211887,-35.15202,-90.54472,-70.41708,-11.323599,3.690879,3.26649,2.4050896,12.603205
-1504.1792,343.1448,78.00335,124.203026,-0.31769753,-25.776142,-101.38083,-71.56232,-13.585928,9.176727,9.039619,-1.8958776,13.938269
-1472.9786,328.48962,72.606895,139.86273,-34.007347,-0.48965073,-93.71103,-90.04146,10.954582,6.614224,5.037707,18.220726,7.0460587
-1424.9426,317.80737,76.20684,119.68093,-39.166542,8.380743,-122.02197,-69.20073,41.548714,10.838931,11.134672,-7.6974154,16.88649
-1424.0039,309.7426,45.14045,164.98218,-29.141186,-21.262304,-92.97159,-52.703598,39.21788,12.849797,-2.5825431,13.794089,1.8743305
-1427.3625,271.8841,62.42341,156.92557,-49.56404,15.121805,-83.57971,-21.313957,47.771835,18.242807,19.02774,7.1881504,-1.7653217
-1542.3228,243.47083,101.74739,149.4516,-35.111065,-3.1660566,-74.65669,-3.2078857,28.101503,42.311104,32.400826,23.820808,1.4377728
-1672.775,170.24312,64.672165,148.05486,-24.750303,31.132984,-33.8412,4.489251,18.508165,39.935066,45.880207,17.162987,-0.7324066
-1725.3793,151.33148,35.464344,119.84505,-38.40703,-4.7120852,-25.427301,18.438293,28.330414,56.07814,49.331562,29.065933,6.927449
-1730.3799,179.80327,21.941055,99.66884,-26.430698,1.8344512,-2.6007552,37.281624,7.538912,20.95412,40.41158,33.334457,4.810919
-1717.5544,195.57263,29.103598,84.68495,-29.864769,-12.784542,-14.13043,45.87007,47.099358,52.925156,58.134552,42.087646,10.32316
-1705.7363,187.21265,-4.9717565,94.40595,-5.0062494,-22.468513,-2.2367368,58.67226,26.045952,40.39182,42.371918,17.221928,-8.721394
-1737.2881,173.85513,4.5663743,85.89461,-35.706306,-22.743732,-15.348509,48.960175,47.667915,73.42858,74.049736,14.318789,-18.7015
-1769.7363,157.95087,-6.5965705,50.47903,-47.078583,-10.65322,-10.4632,29.310411,19.990591,55.29938,58.240788,17.757854,-11.432671
-1733.4908,184.53072,34.81518,85.83475,-42.00989,-39.26776,-14.384305,59.34532,54.407505,72.74224,59.567974,12.546835,-6.9767113
-1753.9838,176.46628,51.16739,120.79315,-31.581144,-12.644991,-7.541568,36.426476,32.122803,46.052,35.56479,20.335049,5.0625877
-1779.0068,187.8505,41.421707,107.713806,-5.6132674,7.752108,1.1062765,20.775393,25.404701,59.552597,34.65821,-9.184313,-19.24667
-1810.5956,203.65875,55.286957,89.07604,-7.897752,4.5905285,14.824934,43.007744,42.06189,48.73619,30.910805,-3.704424,-23.289299
-1864.9149,197.68976,67.27728,87.82235,-14.400635,-16.02025,16.687624,70.05104,31.073559,56.14502,45.754997,-1.1069546,-24.179035
-1908.7091,190.87778,78.92144,77.75842,-18.427917,-2.4305367,20.108454,48.80512,52.1801,47.831688,28.201805,-7.1108246,-21.980825
-1945.6078,223.11804,102.53038,70.02501,5.526904,-7.64242,-3.6022904,20.527811,23.039032,28.632338,8.589317,-7.0953465,-14.371361
-1872.6207,251.19374,104.459,58.135925,7.8867655,31.451796,11.129681,34.551933,27.245861,29.786232,-8.99798,-5.8110933,-10.846458
-1903.0621,262.96725,105.99797,48.10733,56.853134,40.993324,-9.093792,31.993547,33.204506,12.838812,3.1684072,1.5054393,-28.470432
-1902.9979,247.77998,59.35406,42.422478,105.599075,40.42447,-15.333661,43.640945,39.42507,14.211456,-0.18167314,-2.106522,-21.042627
-1979.1895,233.90773,75.70958,95.20819,110.529724,52.449543,9.532221,43.642303,12.195717,-0.5204897,1.355509,-9.366097,-21.922577
-2001.1565,232.21048,115.33344,115.87547,97.87874,56.427803,7.1960335,33.208553,3.8661604,-4.5244837,3.2417297,5.8829317,-28.992706
-1954.8094,234.43083,68.60627,125.74196,119.92288,33.63189,16.452305,50.6193,-7.292492,-33.291134,3.171417,13.314115,-32.994392
-1831.1091,225.54903,15.100272,142.18532,119.37719,26.018606,9.494705,33.0961,3.1025887,-11.441563,-11.797589,9.333681,-37.081463
-1862.0615,238.45465,39.592644,140.40054,148.65733,14.481521,-30.359058,25.712648,-1.1550674,-12.034119,1.9605986,12.306507,-37.326996
-1815.5378,244.99144,35.361763,126.95154,125.20792,14.142778,-31.297695,25.961988,-8.26058,-15.023341,0.88508177,14.173978,-28.202269
-1458.1013,264.98627,-72.16034,46.16078,171.49844,13.011955,-86.34018,-23.816833,14.089479,15.531367,-23.82914,11.37143,-20.30533
-1381.199,264.2583,-106.109055,37.8641,197.25095,76.40123,-109.96002,-54.678444,-22.495651,12.1357,15.023633,38.47994,-49.644005
-1345.7156,263.9382,-108.64633,25.557043,204.60106,72.19909,-106.53102,-59.714813,-20.296074,9.018416,15.21925,32.500645,-58.7127
-1292.7766,239.98032,-110.69254,33.786327,196.86069,82.85176,-109.823944,-61.13266,-39.08578,28.460518,7.6135874,37.39463,-57.99776
-1252.0525,228.15312,-134.53009,61.482895,173.40683,101.09259,-121.681564,-60.06331,-34.854267,25.389412,9.549084,31.554844,-65.91347
-1227.1633,203.58014,-115.00059,45.962395,186.37161,97.55792,-133.75853,-44.235107,-51.221664,38.372864,13.633549,11.260976,-55.340294
-1229.9956,208.29948,-127.71693,57.198868,186.2839,93.12536,-121.3412,-65.93715,-28.686975,17.425365,13.632653,15.587189,-50.02906
-1230.6226,226.10791,-129.757,37.8569,174.43741,103.20705,-122.8505,-73.01263,-25.837898,23.855354,14.104089,19.73146,-62.058662
-1242.4512,236.5043,-114.65891,25.8688,175.78833,85.86444,-108.80586,-74.67786,-38.525387,37.70391,9.476178,17.216827,-58.88857
-1283.2339,265.23953,-102.67137,6.4708104,179.59494,87.39401,-97.14224,-83.571556,-47.301704,41.709267,-5.802507,30.09214,-47.373367
-1266.8619,272.78857,-94.359406,-19.319626,174.71504,90.80273,-78.61912,-91.85593,-70.04705,59.597237,1.713645,32.189407,-50.52854
-1247.3906,261.6065,-77.90703,-17.547743,143.98955,99.1962,-67.80267,-87.9507,-77.4839,52.82417,-1.0316685,29.687641,-28.762493
-1284.3044,279.11145,-53.914913,-31.67429,128.81549,95.09603,-64.94989,-60.91661,-69.76394,26.237026,-6.1415005,26.481922,-15.818489
-1390.1257,319.64987,-23.884445,-52.326077,97.1051,68.25345,-8.027424,-53.987926,-56.758728,-8.845414,-22.15236,36.520386,-2.892023
-1633.686,315.55112,-4.5462933,12.795906,96.661575,43.65737,-17.286442,7.673394,-28.487337,-2.8281305,-9.714454,-5.697501,-15.475363
-1745.5459,283.1056,-11.081406,66.9132,137.90004,45.234863,-12.725441,17.156597,1.2821007,-18.40638,-35.98147,-16.177872,-32.927715
-1780.9941,289.74054,16.40185,69.65025,127.48166,29.659456,-1.428235,38.32179,-3.827568,-31.258999,-45.913906,-16.990932,-25.569431
-1768.4242,308.60687,7.499627,59.317486,119.33217,40.18296,-7.9143705,28.281277,9.313482,-12.710199,-41.771004,-27.052507,-22.611856
-1750.971,319.23227,15.072048,52.15085,105.05367,28.02929,6.757583,38.09552,8.187899,-10.52491,-29.683832,-39.932957,-14.85623
-1473.1384,380.2978,28.241528,21.48854,-4.3324757,-9.874541,4.6716547,11.255003,8.017786,-42.730553,-29.90379,-13.012247,5.4049625
-1184.5559,363.29816,-27.735386,44.62967,-64.20036,-16.330875,11.876952,-7.6025157,-6.597288,-29.560698,-30.750124,12.054655,30.247026
-1108.7451,359.94122,-37.52292,2.0030413,-74.4603,20.329329,-4.253141,17.629158,-19.788586,-29.539974,-15.4055605,13.553084,44.748264
-1031.1172,331.78928,-57.043587,33.747818,-117.918365,24.47752,6.8678503,15.333046,-21.404808,-30.953136,-16.705528,41.66054,52.57769
-1003.9253,333.6588,-47.70331,3.1574156,-109.23528,8.7469845,19.223614,18.362232,-18.441236,-44.814392,-9.076514,53.59378,47.3171
-982.9275,347.08746,-65.238266,2.1079812,-104.11635,1.7888145,-1.1824179,38.487526,-26.755575,-41.335114,-4.7024393,55.87297,52.850746
-963.8233,341.17554,-92.049614,34.676323,-114.025375,-12.402199,20.283,20.147736,-25.48923,-44.368343,0.65940326,60.51665,45.490784
-965.1335,333.92667,-85.790825,30.89556,-99.9468,-10.436553,14.740679,12.535507,-26.473404,-48.71041,9.400617,58.850197,41.12422
-1021.9215,353.53244,-83.55034,31.880516,-91.48505,-8.858692,20.286194,-3.2228022,-30.334732,-46.364235,-5.401677,63.226555,46.340027
-1010.74066,337.72607,-114.27841,66.857605,-77.28287,-0.69765854,4.737093,-23.738453,-25.06091,-52.1605,-0.079994045,50.731224,46.440975
-956.1392,297.60803,-116.632774,89.19452,-71.63744,-6.1648006,12.732731,-36.225685,-37.69895,-41.62668,-18.75841,68.93859,46.59751
-992.39166,321.78857,-145.72052,107.37629,-55.205757,-15.251646,1.4142218,-36.381565,-38.061283,-30.578972,-16.933678,70.45005,35.02122
-957.90784,289.9329,-139.31424,104.25278,-33.216328,-11.28179,-37.65952,-11.84799,-14.868553,-47.333218,6.2905188,55.419025,36.558456
-961.2531,274.4428,-144.89388,108.923454,-10.583744,-6.525635,-51.595142,-6.634429,10.557592,-21.13849,-10.447745,72.36726,20.118841
-1004.0053,234.82047,-112.81935,90.90448,-18.600456,30.212332,-47.072834,-0.82769394,21.27363,10.060177,-12.614139,48.88759,12.04167
-1148.6868,219.98557,-67.228134,98.910095,-23.393566,45.733513,-25.580235,-10.949991,37.81466,23.995783,-6.1026692,39.206535,-4.0822906
-1218.7345,159.03111,-74.41974,69.482635,-7.5372977,92.367485,6.3726177,-5.53703,14.952114,51.47276,31.594,28.983265,-1.9169307
-1291.1251,142.08862,-82.13488,33.081757,-31.021164,69.631874,0.60577655,14.619573,29.624,86.703,43.673794,35.85904,6.4327154
-1303.0708,154.68066,-100.15638,48.13607,-29.469791,45.37102,-10.453722,5.865686,27.74075,71.437,37.65252,39.11672,-2.6315527
-1333.3027,150.99573,-113.70191,30.63341,0.09425354,71.5823,-30.486416,0.04098606,24.408722,93.98666,35.325806,46.79847,-1.406064
-1386.8185,149.3499,-111.849686,23.776028,16.204988,92.34014,-2.3521073,8.498926,29.344461,88.94853,25.855112,64.28139,2.6296597
-1418.3536,149.47128,-102.75965,46.03208,37.81474,82.183784,-17.857586,0.10880256,42.91442,76.675064,14.406674,60.98619,5.6159782
-1422.1475,149.88889,-100.05234,47.204582,81.907364,114.75903,-43.62106,4.3240933,25.655607,77.39496,19.715828,49.60906,9.639303
-1367.0364,172.70352,-46.24636,104.428925,64.003975,115.36691,-42.274246,-43.346897,18.243118,57.910538,-9.833655,20.352295,-25.248436
-1273.7509,197.28244,-92.71954,139.7844,94.08772,123.21759,-76.1755,-54.332283,-9.238446,33.543224,9.269261,24.788754,-26.393513
-1234.3933,230.02394,-115.78868,134.29848,125.82557,117.70755,-93.899635,-53.204292,-7.6671953,1.0564427,13.709485,10.851156,-18.484425
-1226.7985,219.12613,-116.046326,133.35818,144.73001,144.78668,-118.69114,-67.86542,-0.5134878,1.232707,9.798661,17.671555,-29.469334
-1219.0713,224.35547,-144.88417,165.21155,149.21216,117.12063,-107.83727,-60.66831,-9.005226,-3.162437,5.433153,5.206301,-36.611015
-1177.7869,184.4779,-128.70868,171.05661,154.33945,117.17706,-111.18262,-55.832962,-22.831318,-10.744783,6.322325,5.6580925,-28.42358
-1099.5815,144.71927,-118.74014,158.33537,171.0612,85.25973,-109.27458,-55.468845,-5.852051,-19.459757,3.4153864,16.959833,-51.47808
-1128.4304,172.9819,-137.21875,175.85837,152.1116,82.51799,-133.11015,-39.905037,5.013775,-22.640419,-0.97528344,19.833717,-67.21442
-1116.8932,131.97899,-122.249435,177.62976,152.54872,93.680046,-137.06433,-42.65656,12.002384,-23.286379,-14.05473,11.7185955,-70.30954
-1108.9275,137.0829,-159.99341,181.04686,176.89632,85.21701,-133.50023,-34.780117,-10.026995,-13.032654,-0.7368166,-5.6141815,-63.481438
-1191.7688,147.22504,-160.70117,184.276,189.38011,78.434875,-139.60632,-13.073489,1.800003,-16.732208,-13.050338,-10.489358,-68.86198
-1248.0112,149.14172,-174.46086,214.49648,169.89323,79.610596,-127.15521,-11.378617,27.933777,-37.816753,-18.970585,-2.3654976,-63.311195
-1225.5911,133.79257,-188.76138,224.79309,155.7843,77.19569,-124.83739,-0.9867897,22.32138,-28.310356,-10.824289,-6.823395,-52.51935
-1213.2396,102.326675,-185.8891,229.23303,158.69814,96.25998,-146.10211,19.525661,8.354191,-12.559233,-12.616883,-14.345465,-40.662243
-1160.0804,89.35237,-199.98703,237.69168,151.7544,104.39252,-144.91331,9.525093,12.730257,-18.3354,-12.366376,-3.2945127,-41.843643
-1136.52,98.95019,-199.68112,222.31856,150.69064,112.88672,-147.75912,-1.355259,14.391443,-25.516607,-15.785582,14.538599,-42.30977
-1141.2083,97.93776,-184.55147,214.1675,164.04851,99.60942,-153.00432,7.8961563,9.349476,-17.498837,-24.051708,13.116967,-45.57765
-1143.1027,115.58599,-188.74161,209.51837,172.68726,93.72464,-164.44647,-1.0018902,7.4306564,-25.487062,-8.775828,14.623903,-47.292465
-1136.2117,133.61554,-177.31296,194.96783,167.05115,70.85989,-154.53181,-26.066816,10.351107,-20.87296,-17.294285,35.136784,-60.07083
-1156.0908,151.37967,-148.78908,198.1583,166.95569,46.01438,-152.32812,-18.65736,-2.9292107,-24.065067,-35.520264,29.70335,-48.97896
-1189.5632,185.52621,-143.51575,204.1666,180.86993,15.549454,-157.38379,-31.169586,-7.1002274,-15.483221,-26.31155,12.8637085,-40.51089
-1196.9497,209.8089,-148.52974,195.77054,169.2455,9.149441,-141.82147,-23.342587,-19.875393,-20.863708,-16.729998,-4.003785,-36.327003
-1212.185,204.68161,-129.02132,187.6355,180.58496,19.608324,-155.84259,-31.254799,-11.590956,-26.376421,-22.743006,0.28733444,-45.668114
-1174.1279,174.05505,-114.13302,169.28998,192.73734,43.002083,-174.42622,-21.709862,-35.57859,-11.772764,-28.42987,2.0021157,-52.04998
-1194.1301,181.02036,-121.97507,164.6082,208.10434,45.921257,-157.293,-21.177315,-35.01026,-18.922314,-34.385685,10.780829,-85.50741
-1173.2048,173.41327,-114.383804,153.48521,209.31569,38.7939,-157.4483,-15.751496,-34.09285,-9.446411,-33.265957,6.5068645,-98.2267
-1172.1001,192.54294,-134.68666,140.88321,218.6065,40.963486,-144.92918,-42.899986,-10.318134,-13.450359,-19.776077,2.5598674,-100.58563
-1196.679,201.8923,-149.22119,125.6534,219.32814,62.99443,-160.3746,-27.342823,-28.393291,2.454384,-10.838481,-2.7461822,-101.52724
-1219.9729,197.83432,-131.48978,127.247246,201.48196,46.590397,-138.45663,-32.983433,-14.35001,8.386928,-16.549664,5.188695,-89.90871
-1271.1134,207.8075,-122.905205,114.61741,207.16435,49.609184,-132.43842,-40.85299,-2.5253983,7.584863,-6.902517,-4.4997973,-71.92942
-1266.4736,188.70502,-120.242096,113.00429,191.4104,80.58255,-146.24223,-40.64798,17.858429,8.503775,4.367578,-7.901854,-82.61502
-1278.1653,186.29593,-112.63716,97.99036,192.4009,90.32359,-146.08682,-42.277153,7.488722,22.271261,3.1938462,-12.878901,-56.116577
-1305.0471,190.20203,-105.227936,92.494125,193.55615,90.39765,-135.62125,-49.092926,9.650795,22.546148,5.7185087,-11.732389,-59.995438
-1302.8,198.01575,-104.99007,79.61806,191.80087,76.53149,-127.23389,-53.192345,12.608288,27.84779,5.3177934,-8.880653,-63.772907
-1285.145,205.61876,-118.34706,94.13308,173.55475,93.943115,-135.50073,-59.23584,12.735878,22.98729,13.74606,7.8685617,-70.9952
-1196.776,205.9825,-154.5358,83.07848,174.67215,94.28118,-122.71712,-60.54028,-20.98556,43.12259,7.957849,14.069235,-67.50964
-1109.8822,196.96902,-160.16037,74.81241,151.1928,106.33099,-130.77686,-70.837204,-26.55463,43.411804,16.621727,27.358538,-61.52721
-1012.818,186.48734,-164.80363,63.44661,132.44595,104.25914,-110.3674,-81.800186,-25.795637,34.950638,18.066221,50.29741,-61.89357
-949.52295,154.86761,-139.65245,88.33075,106.61292,91.34718,-107.183624,-84.978546,-39.533756,27.062294,42.763187,44.184647,-43.751347
-1027.0259,176.7136,-91.95886,69.02991,78.801796,102.29095,-55.46853,-93.8965,-15.476788,34.719734,18.425919,38.476288,-30.322704
-1116.5854,164.1124,3.022625,41.72715,36.104824,81.5898,-34.53241,-28.2029,4.55558,40.865585,16.56369,27.476198,-33.03262
-1137.461,162.04236,24.218765,47.147438,13.731157,74.48718,-35.546967,-12.217274,15.938948,32.941143,15.450035,28.946163,-26.39543
-1194.0017,149.36505,9.323068,52.62815,-28.813614,83.34829,-28.288633,26.574638,29.923515,35.99194,-10.10946,40.619648,2.044361
-1180.7858,154.82657,-28.247683,43.147198,-38.421406,66.85125,-9.000185,26.13167,30.857548,49.425873,2.1224914,50.780937,-7.057021
-1054.5046,198.03816,-32.598183,69.58294,-36.373196,12.796558,-60.350555,51.107594,28.681892,13.193429,5.7829533,1.2017889,5.525936
-833.7609,206.89798,-58.025955,38.155903,-20.868792,-14.643994,-44.678196,30.175014,1.2795987,-3.5820947,1.2344805,4.196564,9.742689
-728.50665,255.4015,-117.94354,28.782156,-23.904,-17.395512,-53.084007,14.225496,-0.23137856,-13.719278,-15.511447,-6.025295,26.948122
-740.51306,285.16803,-145.17633,30.986885,-12.427751,-33.253036,-67.081345,21.185482,-15.983115,-26.542507,-21.938982,5.2388897,32.70455
-762.7565,312.1074,-114.47454,7.436199,3.8040838,-52.309025,-71.72641,-6.4966984,-18.194466,-42.7405,-20.931082,13.244185,37.90747
-754.829,317.00482,-95.23396,-0.4170332,-13.274385,-51.199745,-71.63919,-36.157944,-18.58167,-20.092285,-30.587244,1.0059605,47.923813
-804.9821,344.72702,-86.61017,0.91807747,-25.035864,-65.790344,-64.912315,-32.668865,-19.07349,-18.905628,-32.817005,0.2061243,50.55221
-840.068,361.89056,-98.21921,0.25992775,-29.733402,-51.271935,-54.24582,-44.129986,-19.28183,-9.08564,-28.798912,2.3055634,43.236053
-883.35767,367.80548,-125.193405,14.653704,-35.6048,-39.541332,-53.77991,-45.960976,-3.9811554,-0.36865473,-24.62934,7.693415,43.452423
-885.89813,335.18835,-118.66948,20.566645,-52.616993,-18.793865,-41.53561,-40.324432,-4.749859,4.899763,-6.5297627,4.7202225,43.61379
-921.7307,326.75992,-107.81828,23.734867,-49.43373,-8.285065,-35.37477,-44.933037,-2.5774727,1.6230192,1.7936188,14.779658,43.452774
-1004.37585,326.21384,-95.14465,33.514103,-33.55841,-7.1808443,-24.078653,-50.654,-7.356042,8.59626,-1.1464759,26.661118,32.302353
-1048.798,292.46887,-71.88283,33.288925,3.6561947,-14.219213,-13.348994,-45.34565,-6.5571637,-12.907373,11.241424,25.775251,20.515568
-1179.0684,307.55072,-62.271904,48.025032,13.133594,10.990429,-11.485917,-46.569954,-1.3402033,-22.504168,-7.1600547,40.85565,19.02592
-1384.6172,305.88666,-48.173973,37.35341,59.99388,11.517486,6.084013,2.3517272,-4.713538,-30.493076,-22.833347,41.314724,23.661053
-1713.9851,281.80487,-22.380486,101.31343,128.81076,43.899628,25.403275,27.685043,-32.849617,-38.30265,-13.755857,23.272734,6.5324974
-1726.1311,274.32196,-29.358534,109.57982,146.37329,44.41178,21.619991,30.96658,-34.927197,-25.398216,-10.2418375,9.48233,0.96079636
-1725.1644,274.28815,-38.10195,121.72746,154.18198,44.290794,15.261621,22.049389,-27.658247,-26.984983,-25.411682,16.436647,7.390211
-1698.3027,248.03085,-50.83097,138.03593,135.33156,57.237774,30.385128,25.504677,-33.8354,-24.953367,-29.580381,16.890596,8.160724
-1751.3539,280.20227,-34.899525,97.84665,149.16559,50.91536,12.401292,24.118818,-16.559431,-28.253082,-16.426292,18.76606,8.992469
-1762.6836,278.602,-39.223476,109.23613,161.1207,44.337677,17.518646,22.774323,-28.828163,-28.456066,-20.375696,10.536781,12.778366
-1770.9508,270.18292,-23.167374,93.81964,167.30844,38.88817,10.349467,39.853527,-22.846231,-37.302906,-12.778397,13.012166,5.8276196
-1768.4957,282.24152,-37.57329,91.9967,161.08536,44.63314,12.844821,41.093395,-21.795979,-34.74955,-19.443863,8.990229,2.8553467
-1756.4805,281.1039,-24.78254,94.50428,147.07242,38.25614,13.519148,37.053772,-14.026124,-34.9461,-16.30204,17.10156,-2.1781988
-1764.5703,286.72482,-21.839249,90.9374,145.2101,45.882298,1.5394232,33.668526,-16.332266,-21.567097,-15.410862,11.450661,-1.415628
-1747.8093,287.86615,-24.501038,85.713165,148.44363,47.029144,-5.570145,36.956093,-27.761663,-26.279621,-9.630111,10.767948,1.4734001
-1667.1046,280.7564,-49.09632,98.50007,137.67337,29.008495,12.869511,19.622576,-30.708927,-18.479517,-12.361499,14.763639,-3.738307
-1673.5328,287.7998,-52.288513,96.96416,139.13097,33.34529,3.5133646,15.12833,-26.127636,-14.157742,-11.00643,12.098673,0.9027128
-1661.6809,293.72598,-72.01971,110.12264,120.48021,32.211235,16.988956,10.690007,-17.8957,-12.576344,-20.461517,13.558758,-2.115974
-1654.522,285.6934,-70.99234,95.04309,142.00224,19.564379,10.026979,21.301016,-14.087854,-7.608266,-26.996674,7.562585,-4.173834
-1692.9631,291.98444,-49.9692,80.41312,141.69064,34.589832,8.261728,15.636493,-17.45641,-15.450676,-23.096268,10.129799,0.48890972
-1726.8096,283.2377,-48.637077,91.761154,144.91638,44.2006,10.518624,22.774908,-19.47008,-15.132232,-22.321867,9.952031,3.1336212
-1738.4144,272.95416,-53.868843,98.04639,144.43304,40.820847,23.421635,40.789673,-10.629773,-11.723032,-20.668436,0.48482847,-2.3652277
-1765.635,260.78674,-51.765587,86.60241,151.35315,57.581337,39.901966,47.691032,-17.01756,-15.692476,-10.3762455,-8.373451,-9.625414
-1680.0042,268.3629,-54.882298,53.27435,118.069176,42.85997,22.329933,43.356033,1.714858,10.013364,-17.416098,-7.670882,-9.618426
-1553.7251,292.97028,-24.957626,0.5336437,87.46165,49.017616,-24.980501,59.87195,6.0131598,33.96727,-39.597916,10.947245,12.802489
-1580.0444,244.76814,8.280497,35.460815,33.70072,22.125208,-44.096405,58.696945,41.36498,56.38984,-30.536402,26.374084,21.607582
-1533.7579,202.42136,-23.426601,29.74016,-8.468892,43.993973,-11.408703,59.44149,27.269604,75.3696,-12.435393,21.944412,21.999836
-1555.9349,196.83301,-15.499643,7.361953,-20.835009,32.554585,-3.69874,63.850418,23.874786,90.768684,-1.5710194,18.79058,15.966317
-1509.6654,175.05626,-22.723663,-1.6165838,-19.131702,60.78115,-28.86728,63.5606,37.56694,98.580734,3.114265,21.2039,20.941034
-1406.2974,177.00783,-25.997084,12.764992,-37.332836,38.94825,-4.445844,76.69539,6.399564,88.61334,4.571648,38.971848,6.734357
-1218.5016,205.2179,-41.138298,26.134308,-53.306683,18.549934,-25.836773,53.599915,14.46213,68.44049,-16.060184,34.057083,19.020742
-1077.1597,249.71179,-59.679737,19.62807,-76.005554,13.70559,-25.192205,39.47046,11.623955,66.65401,-18.212742,35.258327,15.199257
-897.4529,284.57977,-102.53339,4.236453,-66.28075,-19.22733,-17.737196,21.96695,-6.67885,49.791935,-13.0934515,26.477734,32.622246
-760.67834,314.66443,-174.52167,19.42012,-38.330143,-37.732826,-28.033674,-2.979762,-8.7248955,28.67824,-5.808015,7.633131,30.075836
-761.64575,348.8888,-184.77939,10.120225,-25.247683,-35.62846,-40.68239,-6.4585276,-26.648521,0.58230066,-13.0259495,9.746521,49.223763
-748.76624,355.22986,-167.47949,0.2861557,-20.59657,-36.774326,-50.53751,-33.256706,-20.396156,-17.184109,-15.054887,25.052174,44.70227
-753.1965,345.82513,-131.73749,-2.84874,-34.228737,-34.951233,-62.86367,-24.03227,-47.82904,-31.334637,-6.7277145,33.307827,37.816986
-841.6822,389.74268,-112.81297,-20.307661,-21.676218,-33.719585,-60.94755,-25.688126,-60.866833,-30.822922,12.295111,21.444561,44.91286
-819.45325,368.67438,-96.63577,-7.009466,-46.407116,-18.208118,-51.707108,-47.59985,-52.98245,-26.891457,-7.492472,36.43161,44.563015
-819.1508,337.42792,-71.48184,19.12144,-62.025246,-27.332329,-34.31631,-59.63055,-61.999435,-24.696075,-6.0929923,30.912285,44.595703
-839.7549,328.72986,-66.28255,36.482746,-56.50573,-25.646267,-49.570103,-62.954693,-57.6307,-26.978598,3.3889787,16.086435,44.48156
-881.1376,333.88995,-67.506165,45.840134,-28.225895,-20.798618,-66.84646,-58.436478,-59.641186,-21.074045,6.656855,6.9236717,39.283375
-898.6747,307.49463,-84.13504,69.51152,-0.792905,0.7899351,-64.175766,-68.52361,-86.12442,-5.478318,6.4837036,16.068005,24.664713
-1011.08655,303.5277,-80.303055,71.09057,10.107683,42.211502,-54.192818,-72.488335,-62.66951,-3.1888094,-4.581175,17.534966,18.243828
-1063.5522,292.78613,-89.41417,71.06203,26.756413,50.71344,-49.608913,-59.54317,-56.35048,-13.277077,5.40467,32.201653,24.138504
-1215.7727,282.60114,-68.177704,63.08805,60.33467,58.626514,-42.627697,-49.03313,-25.787796,-26.450218,-7.4453816,50.963524,5.404395
-1612.0967,276.04678,-27.735811,81.7079,120.7573,36.087814,-2.790946,15.816608,-20.868286,-7.519147,-2.727242,14.957629,-30.637707
-1733.3716,295.5524,-18.216496,115.17363,136.84885,30.56567,-0.5658132,40.971905,-18.676842,-19.344303,-5.9185123,15.523434,-26.188347
-1792.6979,284.40314,1.398828,106.17002,172.16241,38.497616,-26.477627,39.620743,-15.152214,-27.858158,16.054592,-0.77727795,-20.93885
-1795.4203,288.09097,10.989444,116.99975,160.922,16.450785,-29.616705,49.093765,-21.215393,-17.886505,23.341095,-6.083434,-19.524147
-1826.0704,281.98346,33.290066,118.00527,157.15128,14.3891535,-24.957405,54.60972,-14.484964,-24.875263,21.792656,-7.3413925,-22.183455
-1880.1641,267.81647,45.549286,134.82526,152.86356,19.27655,-8.8481045,59.78,-5.801776,-18.888771,3.5698469,-13.536302,-35.41263
-1853.3616,267.7723,47.870415,131.0282,139.9971,23.20877,-18.723557,47.506523,-3.950694,-20.123241,17.361805,-8.651314,-32.064644
-1613.0182,280.98706,-43.54093,114.36019,146.48987,43.785656,-32.742493,-17.936749,5.654482,15.055777,-22.581701,-15.366903,-25.36551
-1565.9795,243.76228,-37.989174,158.78734,159.89319,56.18925,-66.71112,-37.058514,-15.206446,25.373672,-9.20707,-11.6890955,-19.475801
-1525.0597,222.95901,-45.2612,155.31439,141.218,64.247955,-54.37629,-30.15823,-5.20957,21.951178,-9.036844,-16.85784,-34.80475
-1572.4686,238.32986,-32.50844,161.27716,146.87706,50.89415,-59.638977,-41.97324,-4.7457848,25.71801,-9.37402,-5.6704283,-29.405182
-1558.1515,218.68182,-27.312538,160.87317,144.45541,51.186337,-44.63513,-34.198135,-14.93147,33.75106,-9.87779,-24.340145,-15.816384
-1579.7327,236.00995,-37.534534,167.63304,132.14456,79.11185,-46.258125,-47.891045,-11.771429,20.72889,9.376698,-7.061612,-29.310278
-1559.0125,266.93518,-59.91751,136.37057,145.71323,88.238174,-46.284935,-64.836174,-0.83643913,22.777573,10.076983,-0.9129305,-33.73075
-1512.4182,266.8406,-85.80754,135.74121,141.78711,111.183876,-43.322445,-90.16227,-12.483667,20.571732,25.783245,-0.33238888,-26.12546
-1444.8105,257.0654,-91.281784,120.226326,130.13458,125.04924,-44.55104,-106.47009,-22.495651,25.341797,25.902306,14.432498,-29.580666
-1382.6484,250.78625,-94.74891,100.51192,115.7448,139.59387,-50.88717,-108.883606,-31.233364,36.86486,38.329483,3.5429516,-23.818409
-1303.1001,225.66577,-101.37294,87.54036,96.8858,160.0735,-39.62384,-107.618965,-42.342945,43.703598,40.350628,14.241423,-27.837711
-1325.0681,215.23395,-106.22321,59.318718,96.49643,169.08035,-35.846764,-84.15497,-15.977985,65.40238,44.866386,1.279747,-37.77812
-1419.7346,184.0169,-79.12497,47.07409,106.96621,180.5135,9.818804,-70.60299,-25.871689,69.921234,36.165188,10.4230385,-18.769608
-1471.0781,154.00494,-6.606348,52.629784,39.863182,126.8813,5.002758,-36.067078,-6.532713,81.532036,36.75917,30.041483,-26.817602
-1545.0469,172.66632,-44.390858,5.9454756,43.557564,121.78724,9.708675,-19.61701,-27.834557,65.572,52.596233,53.313515,-33.079174
-1558.7415,170.24008,-52.825684,31.040539,3.2518682,94.83542,-6.122402,5.7316766,1.2441514,60.934326,29.73793,33.441483,0.5128987
-1562.0054,200.15141,-59.180534,6.2311106,-15.373611,71.16278,-8.213522,30.652184,6.3640285,46.335175,40.768497,28.20973,-3.8856664
-1525.2046,200.98918,-38.82471,36.691074,-48.478912,63.76854,-10.863765,13.647211,28.104816,57.71199,22.221512,16.408117,25.358082
-1479.8075,218.53061,-70.40518,11.6095295,-42.60808,66.99152,21.53542,56.9954,55.416794,77.636284,27.597773,0.8662262,13.108353
-1351.0975,243.30403,-40.141876,88.43747,-38.009487,47.401897,-24.26904,34.199867,0.065971375,27.861187,34.74027,-13.040279,16.17452
-1289.9341,279.8378,-72.19849,96.214134,-16.150782,26.39579,-33.823036,6.10437,-16.221684,16.000221,34.589527,-15.567091,25.98645
-1274.049,289.39508,-89.54031,108.16526,-5.407489,6.4368534,-49.037785,-8.09618,-16.74648,12.379971,12.346774,-24.35999,27.525778
-1269.3787,308.45236,-96.29125,92.95124,0.4928007,-8.315277,-65.41485,21.644566,-31.563797,-10.021542,19.16343,-41.97351,15.576019
-1236.169,305.84363,-101.04887,93.16395,-20.590704,-4.407421,-49.44193,-6.602722,-21.044693,-6.2476006,6.933612,-42.534077,23.576538
-1155.5806,313.40735,-127.02294,99.84097,-33.522263,-23.188667,-30.563923,6.6019897,-16.496521,-12.053391,-3.1952085,-41.227055,31.504562
-1140.5093,326.61523,-106.28259,98.010544,-56.706673,-24.177267,-23.86507,17.448166,-13.741371,-18.216427,-19.25774,-18.721626,50.18943
-1128.1337,336.7691,-94.906265,80.52933,-56.0576,-31.612133,-32.572334,30.490818,-11.864431,-38.26185,-19.027147,-11.999754,48.18747
-1081.0414,314.95557,-89.65704,104.34613,-95.83828,-16.788242,-43.430702,27.712381,-5.6696014,-33.066128,-30.329681,-6.8027143,63.593178
-1112.1001,354.0617,-91.26141,83.59236,-88.48516,-37.911674,-48.681976,50.26013,-17.737257,-62.711933,-18.74407,1.5286903,73.10399
-1126.8342,359.88016,-90.63295,86.23743,-79.284386,-54.086742,-34.67039,46.49083,-23.613197,-56.638138,-10.08706,1.0967083,72.02419
-1164.3839,374.02057,-80.12076,63.327602,-60.664577,-51.262444,-55.00194,53.30549,-20.487282,-53.9522,-5.53964,0.9466915,63.347557
-1162.4178,376.16815,-75.94496,39.201202,-60.255745,-46.756615,-52.04057,63.91147,-23.289032,-54.841038,-10.465481,8.108658,56.71579
-1169.1877,372.83887,-85.29354,45.84459,-53.03099,-57.048363,-28.362083,39.760956,-22.325024,-54.502304,-1.6881843,-2.1453266,59.865772
-1196.4736,388.61737,-86.0121,30.25177,-30.906544,-65.63277,-39.31615,72.85656,-41.65152,-59.79903,14.8838415,-10.073193,44.722885
-1216.4602,387.9714,-77.5965,41.07821,-37.08914,-70.80292,-20.384789,59.574303,-34.630535,-59.002052,4.4854393,-2.0201664,54.348324
-1219.5076,359.6092,-50.9027,49.899586,-69.25251,-30.895601,-36.510677,51.78105,-15.920023,-70.39623,1.0768676,5.276596,48.59659
-1241.9144,357.1113,-61.632256,50.057426,-59.501953,-43.64539,-26.280231,49.419678,-19.67107,-60.54976,-11.448633,4.117235,57.151318
-1253.0393,359.5631,-58.985657,51.870018,-68.70503,-34.68839,-32.741966,44.371555,-23.242023,-57.84111,-5.3192964,8.835382,52.615124
-1284.4701,375.48578,-61.42154,40.43438,-57.375954,-45.93875,-23.798618,36.8107,-22.351318,-50.683052,-8.298874,10.854296,45.250557
-1269.3219,358.68176,-72.44257,58.968727,-65.72268,-45.293526,-25.734444,39.50665,-27.9944,-51.604576,7.143909,0.76301384,49.488876
-1279.195,363.78052,-79.67359,47.61177,-40.43699,-57.62104,-25.339653,30.283443,-24.559784,-46.69459,-5.7983603,17.687748,44.681503
-1321.523,383.1438,-68.55111,35.247234,-33.529636,-55.99855,-35.23085,24.032005,-16.954273,-40.890625,-12.72626,11.528017,50.11636
-1275.7549,383.055,-74.48723,28.564768,-41.185894,-36.77549,-57.44482,21.217258,0.2332344,-43.34188,-10.621874,-4.17984,44.989197
-1242.7589,393.66083,-110.74219,47.362106,-27.239527,-63.16637,-34.72432,15.92334,-1.4315186,-32.648746,-15.808325,-10.527539,46.734283
-1272.6913,406.3823,-108.78526,32.642555,-12.87339,-66.4613,-36.307404,6.5055904,4.306282,-19.059452,-40.209503,1.3282137,49.929585
-1274.8445,398.39917,-100.74811,46.533367,-24.667686,-76.66488,-29.595364,-6.1143208,0.117427826,-12.303217,-41.265358,1.0418763,51.083176
-1345.2407,422.98633,-84.28786,27.473139,2.0401764,-68.82942,-56.861393,-1.2662497,0.24129677,-13.714235,-25.602852,0.8715358,44.040405
-1336.6439,395.52048,-90.491066,77.19353,-31.521086,-83.70407,-15.62377,-18.85372,-5.538517,-3.7740335,-35.37598,10.695006,47.031452
-1385.9937,390.5827,-60.215614,56.903522,-23.827309,-78.85666,-27.165451,-9.737556,-12.766783,1.7334192,-29.863594,6.392481,43.24479
-1431.374,400.23108,-60.99151,36.77592,-0.44485664,-76.914314,-40.055454,-0.17110252,-6.2510777,-14.337284,-9.427828,-0.28562117,33.338783
-1455.992,402.72272,-52.734413,31.392353,-31.012556,-59.463017,-1.2320251,-8.170924,-16.369022,-14.431625,-19.69638,22.956299,42.71323
-1426.8044,383.74487,-58.22699,24.398518,-17.717974,-44.235847,-8.271518,-5.4982333,-15.646577,-17.502304,-16.243172,19.509872,35.78578
-1431.1484,383.41492,-89.96068,12.217862,-15.145634,0.14761782,-11.461329,-16.035793,-27.152012,-5.9630294,-1.8705055,14.687786,25.914677
-1379.4502,354.38867,-126.36585,25.444582,-35.590916,2.635079,27.827816,-10.476654,-46.782276,-9.06051,5.6394777,16.048302,25.34814
-1376.2942,363.26508,-132.78917,0.13002968,-10.411786,14.008288,21.745562,-40.12884,-45.251503,-1.6001616,6.265023,16.652897,23.137085
-1375.6648,367.64526,-123.64425,-2.1827407,-28.870697,6.0898023,23.926558,-22.729424,-35.687016,-6.087781,4.0685277,18.397446,19.034328
-1375.8511,358.18015,-119.49861,7.8674145,-25.487844,13.056729,19.416307,-34.141373,-34.55328,6.3365746,0.7288916,21.440123,17.786846
-1382.6423,353.65234,-113.032684,17.248241,-29.198837,1.0595493,18.64783,-17.599955,-47.446327,-14.392105,19.371456,27.231014,7.3137054
-1419.1221,351.09543,-94.4772,15.971821,-14.661605,-5.1383715,6.349878,-27.900202,-36.395794,-10.063829,15.094736,18.121996,12.739681
-1434.2493,358.2275,-89.770966,24.55151,-32.81774,-12.876276,24.802662,-13.433311,-34.465965,-14.764713,-5.7272468,20.9491,31.492476
-1452.0315,370.70264,-76.70776,21.415333,-23.502882,-5.39899,7.8750553,-21.411377,-21.326496,-3.2941122,-5.2621937,21.843498,26.358627
-1459.6792,365.5545,-73.01172,36.421284,-25.002613,-6.905404,17.429604,-33.42241,-16.377357,2.176507,-8.820215,27.093853,24.958405
-1469.1101,362.98428,-81.76083,28.407043,-10.885175,-7.50631,12.195185,-17.654078,-22.689114,-8.140465,-5.8518624,33.06387,25.291126
-1490.0134,347.37695,-79.017685,33.25943,-23.607267,-14.056949,38.167553,-7.872532,-25.117104,-15.616784,-21.38447,28.719513,30.508461
-1534.0872,352.51135,-61.77041,27.98627,-14.675634,-14.637547,13.478106,-10.232007,-14.127554,-4.8859158,-12.625573,8.311,21.570318
-1567.9108,354.90643,-54.820732,3.0957282,-3.7897062,-3.6707458,0.16875458,0.5784626,-12.442509,-18.964638,-10.150806,6.767211,16.709846
-1551.4482,329.47345,-52.982685,39.79165,-24.953373,-19.252594,16.28172,-6.1583157,-6.4034033,-12.790432,-18.233446,15.067234,25.071686
-1588.6074,360.04443,-55.46283,11.508287,3.3635702,-19.44486,0.18696976,8.611472,-7.34239,-7.2243924,-24.198978,4.320991,19.865677
-1609.1821,350.5678,-44.972816,15.132649,5.637457,-16.249361,-5.590559,16.88781,6.1084356,-4.5025334,-19.137049,-1.3522177,23.632542
-1589.2075,349.75128,-51.061256,22.887028,-9.796905,-34.718826,12.642414,18.134052,1.0391827,-12.730717,-22.076166,6.825134,23.794958
-1555.1407,343.66483,-53.595463,62.550484,-14.052884,-67.428894,26.48381,35.08707,-21.003967,-14.727644,-19.454836,4.529137,24.576946
-1520.0326,350.54913,-54.505806,57.93272,-20.730244,-68.73808,26.397552,34.025574,-9.249092,-20.253845,-41.436733,8.466412,33.93638
-1521.8257,357.37256,-40.30767,42.47283,-22.625446,-48.344475,-3.81034,40.733208,5.538706,-43.17326,-42.82353,2.5561638,41.51168
-1538.6599,361.91235,-15.274174,22.958076,-49.294506,-25.483934,10.542978,17.31783,11.107681,-23.317646,-56.116673,-0.38539124,40.085537
-1540.0651,371.28088,-24.503464,18.979244,-36.1395,-45.83499,15.703383,29.050655,2.957447,-33.12409,-45.178856,-3.7194557,37.47819
-1522.0684,396.4899,-42.001694,-0.19999027,-27.689156,-46.974052,19.854628,37.42437,-6.2733603,-34.827568,-44.26477,-8.770166,29.352047
-1553.5385,388.97556,-22.04626,-8.808899,-46.487038,-34.53556,28.97976,42.500813,-9.093067,-40.935455,-42.946632,-9.496153,28.861305
-1529.8494,379.1878,-52.867943,2.6900477,-22.128698,-60.316708,23.248762,49.17202,-9.315979,-34.099686,-47.78324,-14.866866,33.177765
-1573.3916,366.6601,-22.802616,-0.89949226,-20.0775,-54.977776,17.099873,54.874607,-8.02657,-43.894287,-29.117874,-10.424568,27.338024
-1576.2506,362.871,-32.597694,17.04834,-7.677502,-55.719383,14.601116,56.679222,-14.457897,-35.101322,-27.887094,-9.952172,28.747883
-1599.6077,337.68817,-11.663725,30.967958,-21.56162,-33.398117,4.274379,39.582703,3.1934538,-34.240925,-26.283394,-11.275661,27.101227
-1607.0292,328.72162,-28.231043,38.980713,-10.077392,-45.228127,11.236494,36.35806,1.4013672,-27.276978,-32.300255,-7.25373,32.085167
-1618.4368,323.29114,-31.677265,45.686165,-10.627531,-46.109875,18.921675,27.512894,-0.62792635,-11.812858,-26.6729,-12.392259,14.363857
-1598.4583,331.0326,-26.189262,39.765793,-18.86003,-46.043396,16.710863,38.851467,-1.0810366,-18.952866,-29.293573,-15.921096,24.56372
-1583.4199,344.01913,-27.865273,18.18749,-16.92871,-30.918365,15.517167,52.314976,8.326313,-19.968044,-40.226337,-18.377895,19.58213
-1522.9276,349.28912,-48.75076,12.659767,-21.68109,-22.15978,16.035736,33.32163,20.70309,-32.714386,-55.3033,-9.585043,31.872215
-1501.252,350.88647,-45.28544,6.844042,-28.748016,-32.141605,8.97916,59.800728,12.906875,-43.4675,-52.662914,-23.308632,36.18975
-1489.221,363.0006,-45.198532,3.6566992,-23.324871,-36.87738,5.072548,71.447784,11.854784,-50.17966,-51.51091,-20.196629,36.538956
-1468.583,377.89117,-41.682228,-2.2924032,-42.101704,-41.78823,26.384483,55.290062,7.9078255,-32.66487,-59.624413,-16.557432,34.906956
-1483.4116,383.1364,-18.576057,-30.445614,-37.791775,-13.069416,2.8134384,42.30832,19.270706,-36.92773,-61.158894,-21.835232,40.0633
-1459.3359,371.44153,-24.734585,-14.87633,-48.73166,-30.787045,23.867819,55.552166,6.5546064,-48.217308,-46.44569,-30.811455,31.240635
-1419.1824,358.67273,-29.612564,3.1729326,-54.24731,-39.613483,14.62805,55.642967,-6.958147,-33.94034,-43.04083,-36.313797,36.958427
-1403.6514,352.20392,-33.013664,17.38103,-71.26478,-36.548378,29.835228,48.824623,7.751396,-35.877262,-52.306324,-30.512966,45.02307
-1394.83,348.7143,-16.726559,-4.967054,-63.86183,-18.909306,13.32201,53.611298,-1.840229,-31.436878,-52.25398,-32.580517,45.098003
-1428.162,367.45673,-46.028534,1.6821442,-40.337425,-39.61212,27.325611,55.037544,-2.863656,-33.464336,-56.12762,-25.567997,25.617558
-1478.4006,358.5667,-22.68216,4.5889015,-35.257603,-48.232582,21.439035,67.35646,9.523856,-43.97476,-60.896523,-19.982674,34.760868
-1459.2489,332.41547,-20.125362,37.468597,-56.120354,-46.741364,25.559505,65.224976,14.380142,-59.831814,-39.0463,-23.457249,33.493977
-1494.1914,346.25565,-6.415059,19.034222,-40.800335,-38.540127,8.817672,64.30313,10.0745325,-63.17841,-29.730562,-28.016201,29.238499
-1521.1458,326.86197,-3.9951167,27.873198,-31.257029,-29.769075,16.332539,25.689034,21.902836,-31.458263,-48.6278,-19.96331,31.294056
-1592.5203,319.34637,-17.833296,53.578796,-7.600918,-48.27097,22.126543,45.06846,4.5949697,-22.050827,-36.289677,-15.975448,22.783592
-1589.0259,298.70624,-2.5591583,47.500526,-25.421898,-18.805742,9.655525,26.112732,1.6487093,-4.9069242,-29.219591,-31.327274,22.689022
-1565.5642,291.3012,-16.96268,73.68263,-32.382004,-40.02253,24.332281,23.670393,4.8329577,-9.443014,-35.972637,-17.235292,20.117363
-1588.0671,313.4376,-12.297441,67.75193,-27.404972,-31.563269,28.2337,18.758484,5.665495,2.2185302,-60.017952,-11.173178,27.81956
-1552.5212,326.34863,-16.378925,58.423813,-43.6322,-35.01155,44.29181,33.26304,11.458722,-29.56814,-72.275764,-12.147043,38.59492
-1546.7612,342.56097,2.580205,36.737324,-44.85772,-33.937504,19.475153,47.481697,2.7838364,-38.95092,-44.281353,-33.441498,38.85369
-1498.3191,352.30032,-13.37336,9.315158,-21.82139,-21.781044,-6.098671,29.752977,16.43486,-31.308355,-42.35497,-28.589838,38.08534
-1489.5198,366.15308,-19.46251,7.5822678,-32.821945,-21.942469,-0.7938576,19.676369,2.4729128,-15.020328,-45.48716,-30.505589,32.99119
-1513.3976,345.72394,-10.99933,19.7669,-28.795658,-27.298386,14.059837,22.899096,12.359419,-23.20807,-49.728783,-34.1976,32.100693
-1585.2222,346.7934,3.0425885,21.70282,-1.5133705,-33.98298,-4.406122,34.285908,-0.10674667,-27.941664,-37.760742,-21.449331,29.499882
-1569.2312,322.78693,-26.25734,47.207275,3.53928,-35.873653,0.41072464,33.92067,6.127599,-28.25209,-38.227894,-22.717693,22.241383
-1606.8633,307.77612,-9.656532,56.935566,-9.273756,-36.380974,11.407592,30.90735,2.0512562,-14.333834,-48.19121,-16.376013,26.183496
-1611.2083,312.76883,-17.129246,52.676563,5.4124727,-24.383415,9.831284,11.376932,-1.9686909,-4.547288,-34.693607,-20.855545,20.006584
-1647.0881,307.5088,7.505107,39.306084,2.9528675,-1.4094915,0.8968258,23.185091,-2.3150215,-16.328588,-39.191845,-5.378671,39.512894
-1664.7343,300.05133,0.27896118,41.00844,17.596447,-11.696786,-0.9822655,15.864405,11.310017,-10.109691,-29.38741,-11.999812,21.224083
-1683.6726,294.08075,10.288476,45.63874,-9.757183,-10.699714,0.6771946,50.620605,-11.783025,-25.413744,0.7611734,-8.745359,18.410301
-1688.7374,270.02747,1.6562676,75.61638,13.688074,-11.140554,-10.8231,10.379267,0.413764,7.714013,-12.307009,-3.7165804,15.383476
-1712.1594,274.13495,10.103376,71.74808,20.824638,-14.188196,-22.954582,16.079811,10.181543,9.1779375,-21.382006,-6.2893114,15.9271755
-1782.6632,279.5714,47.901196,61.628616,-14.275358,-19.973967,-4.6475477,32.44199,11.192605,-11.57074,-19.645475,-6.5841675,17.96104
-1977.5808,275.55438,32.737427,58.444317,13.927898,15.831274,0.28675985,47.320824,3.699192,-15.449163,-21.160894,-12.184319,35.47757
