-1202.8235,321.7049,25.009857,-223.38431,-110.76225,1.2994757,86.80583,-40.88549,20.71915,13.355413,-12.873743,33.25154,-29.016827
-568.49243,243.02808,-109.92001,-113.00037,-85.91778,-55.58486,45.06962,52.023476,-1.2191892,20.429985,-6.3272896,3.0920792,5.4134583
-443.3344,243.05605,-103.99567,-82.29703,-95.6631,-45.42055,13.4097805,48.28579,14.005352,6.939624,12.952125,8.540684,8.156849
-424.01068,247.79086,-91.82424,-73.88101,-84.93252,-41.50979,7.9296074,41.510036,7.4809256,1.5733023,21.906416,7.114193,5.904396
-453.05115,262.33893,-75.785324,-66.285484,-99.4935,-37.277164,24.031681,37.703583,-10.661116,15.989655,3.53671,20.300064,0.7535567
-540.5594,291.59583,-38.169167,-67.41401,-123.45322,-30.111752,45.59322,22.450079,-15.142073,9.978853,3.394665,31.952116,-4.411955
-598.02637,300.23346,-16.643158,-70.97467,-141.63757,-31.27538,58.674137,33.573376,2.645965,-9.4021,6.7305202,23.114449,5.1127024
-664.4768,314.88806,18.219418,-97.25505,-161.6232,-0.64363503,57.054016,41.083214,-18.198147,0.11606979,2.4750712,33.748447,-1.0030489
-734.3393,326.72076,55.2645,-123.491905,-177.54353,24.045263,63.487335,41.680546,-29.909822,4.636631,-9.741326,48.023315,-9.239325
-849.60974,358.5407,82.59751,-137.13432,-205.74329,33.909992,101.769394,30.636238,-39.662403,21.017277,-20.824268,49.69018,-22.320816
-837.33594,358.9677,61.73063,-145.79117,-193.26898,27.835686,86.02912,51.207954,-39.273026,9.457634,-16.88053,48.66149,-13.558907
-776.745,327.42215,38.968727,-123.690506,-181.79913,3.2349339,77.64415,63.06672,-36.259224,2.5575867,-31.546312,63.877266,-3.8397121
-582.50366,272.89227,-46.725544,-77.678665,-126.802635,-54.948204,75.6305,70.67006,-15.993981,-12.705996,-31.799984,48.68531,29.858082
-565.3082,272.19656,-66.033424,-68.914856,-124.282715,-55.184547,75.2093,67.06386,-13.741339,-17.494469,-27.430927,43.827225,33.28199
-520.9952,263.0774,-91.24075,-67.49283,-108.30928,-48.118477,58.88674,82.26746,-30.704542,-10.072784,-23.025377,30.218155,49.891388
-521.4634,258.77887,-86.12184,-67.42984,-114.33635,-48.078316,68.39142,71.505356,-23.309124,-19.998306,-21.315582,33.355637,46.627193
-531.7463,253.88257,-72.52132,-82.73574,-110.812935,-55.34731,91.12825,62.837128,-20.49163,-23.521248,-23.910149,42.849556,32.371506
-546.417,257.1684,-68.732666,-85.785835,-125.00252,-40.80981,92.88321,66.92729,-22.010933,-18.003199,-27.920948,50.290092,19.600727
-598.54224,276.08807,-38.456345,-100.57295,-144.26186,-30.50711,102.25807,55.690323,-26.625748,-13.837528,-18.909538,58.088017,4.4802847
-577.359,278.69382,-55.782146,-84.591194,-137.94284,-52.231968,101.56549,48.488777,-15.9748,-12.4519615,-19.127302,60.512577,3.297121
-585.6114,286.67084,-55.750237,-85.02518,-139.03035,-52.75586,98.071365,48.02742,-22.113493,-7.679554,-15.570181,59.97405,6.408291
-576.5851,272.91467,-33.182533,-99.568954,-144.90927,-39.189327,93.2881,45.5045,-23.1101,-10.918705,-7.969151,56.631184,6.3909626
-571.0143,277.6044,-48.063187,-93.9392,-142.4933,-29.324062,82.14794,50.160034,-25.063988,-9.681135,-9.371945,48.813942,15.61882
-668.1885,304.08154,9.136214,-119.90979,-183.06909,17.121136,77.6461,54.093414,-57.209126,9.79472,-5.193046,55.614742,-11.52058
-647.77966,299.73633,-7.8869324,-108.25966,-170.64282,12.348962,76.60379,46.60021,-41.45336,6.685381,-15.393839,59.878754,-12.118515
-542.1032,258.6441,-51.518097,-79.75421,-149.54263,-4.5506086,71.96321,56.719913,-24.860287,-6.9524727,-20.51332,48.567894,9.618011
-526.41125,247.66663,-53.294933,-79.02721,-150.55481,6.2604136,69.372284,54.121162,-21.08526,-5.6238804,-26.076471,47.63571,7.990461
-474.2429,221.57062,-63.508625,-81.8288,-116.83887,-21.597034,79.74149,58.94178,-22.876451,-9.918867,-27.818052,48.330772,15.28504
-471.15604,224.92453,-80.1276,-78.69539,-112.98073,-13.9263735,78.568634,57.379566,-27.132988,-8.218494,-23.625093,44.786785,9.948677
-499.82538,235.73438,-79.592545,-78.6587,-133.77672,12.29752,77.8111,52.09187,-39.132786,-0.6465893,-20.406055,53.382652,-13.315869
-526.45886,240.49365,-68.065346,-80.42913,-154.65027,34.163395,74.182724,53.908638,-43.37332,-3.3378944,-10.696743,47.58855,-17.552475
-540.9918,235.11984,-51.451866,-85.557396,-162.9476,41.91217,78.44739,49.041065,-46.970215,-3.587099,-9.602244,45.683586,-21.046799
-606.3268,253.53952,-36.673195,-99.54691,-177.57434,66.20745,80.79279,43.683823,-45.209377,-8.174849,-4.888016,40.797302,-31.75838
-675.2966,264.09528,-15.745588,-131.1236,-175.76917,100.5853,73.46622,52.380047,-38.237175,5.6815815,-29.888037,46.020164,-47.308105
-740.2272,276.24158,-18.854025,-126.84153,-188.45917,121.11654,71.78747,58.78582,-22.309542,3.6923275,-31.849203,41.719032,-53.941223
-785.6435,291.66425,-30.411999,-128.09349,-180.51817,127.8055,64.583,66.50625,-10.29479,3.7819328,-37.56726,37.273228,-59.689087
-813.4303,295.68317,-30.367224,-127.41077,-174.8052,123.85086,62.10224,64.45238,0.5921364,8.427149,-51.944294,41.69522,-60.93171
-868.5631,317.3891,-29.818497,-137.97849,-162.1261,126.27077,56.780846,64.812546,8.381014,5.7300816,-53.17804,37.897972,-57.745003
-855.8871,310.10583,-31.801811,-136.32422,-164.38574,133.89249,49.99929,59.057564,17.724201,-5.4137316,-44.447144,34.241173,-53.723965
-855.07996,303.15735,-16.952765,-138.51993,-180.38528,155.62653,40.434563,50.847694,17.048445,3.773119,-51.583393,37.045288,-54.79274
-840.2776,292.54947,-13.64945,-137.64322,-172.58731,136.3327,51.333275,43.638065,15.35833,4.9858932,-42.908886,27.608097,-51.114433
-877.977,306.1079,-1.8739929,-144.33505,-182.32533,138.46423,53.377674,34.486595,13.142698,6.116374,-40.16156,22.649479,-33.09629
-914.50586,312.24683,2.1206102,-140.22586,-198.98532,141.36371,52.072357,26.93871,15.641587,0.10969734,-44.877407,32.535583,-27.21672
-944.5686,303.58926,11.200881,-155.8885,-194.03183,123.2293,53.96357,26.654236,13.804325,-0.8519764,-41.104126,37.26992,-31.822765
-1035.3629,326.19092,1.7645578,-168.31287,-199.28229,124.8478,50.874905,17.726347,8.914305,4.934704,-32.329887,37.115967,-33.429657
-1177.064,358.80243,-37.810223,-181.72368,-170.0806,119.41554,66.95144,4.564389,15.145377,4.0623684,-7.422142,28.272074,-41.42108
-1290.8424,385.87408,-6.895947,-168.55766,-167.0137,103.239685,85.51126,-27.16918,6.72138,15.988605,-1.4722844,41.205296,-42.624855
-1375.1346,346.27728,-13.1381855,-138.89026,-146.88358,85.349174,99.010475,-24.02702,9.375137,10.035364,-9.64823,44.227676,-53.387352
-1568.4745,342.13892,38.688683,-147.17053,-125.66906,74.877144,95.14882,-17.68083,5.6560535,18.974945,-1.0671366,44.688656,-33.997955
-1704.44,264.81473,114.05284,-159.00272,-67.37642,42.65667,105.65115,4.0437703,0.28013515,29.632088,-14.204297,21.477348,-25.429825
-1630.6093,303.66663,25.91695,-174.18944,-78.42113,70.6584,88.798874,-0.22443676,2.3513174,12.584225,-16.760265,50.5004,-20.251144
-1814.008,272.01166,68.55986,-133.60701,-59.564453,69.867874,89.666306,37.065865,-0.21313548,28.413929,-4.668292,14.972126,-5.2214155
-1630.5988,300.3933,-34.425022,-209.77469,-1.4989066,123.20471,61.60759,-30.667881,-30.149796,20.620018,4.350653,42.818832,11.4299
-1328.8271,355.92142,-150.30206,-235.91295,38.090515,114.36956,13.660123,-46.493107,-33.128494,4.2020874,7.184382,64.10051,13.858177
-1108.3962,325.0271,-197.08603,-282.1966,79.23404,107.74922,-66.49908,-67.539215,-24.808184,-27.449934,5.6960096,86.94929,-28.706335
-928.16785,370.2452,-244.79556,-193.86649,110.31111,81.98279,-100.90105,-68.5814,-35.868393,-10.8629265,19.377958,100.51781,-46.728165
-899.19586,359.44928,-206.2641,-177.34744,139.84262,89.5103,-151.80212,-40.865913,-50.44156,22.452263,16.424042,75.32116,-43.99939
-898.8334,353.11862,-187.88837,-145.72566,135.46765,97.46567,-159.60028,-42.768204,-40.791233,27.598675,7.652014,24.51117,-48.573322
-909.6018,363.3927,-137.37799,-106.42204,145.74486,77.50529,-175.19748,-61.768066,-29.34122,26.403347,4.789531,13.715878,-52.89336
-946.6793,353.64923,-69.458626,-63.181076,133.25159,78.137596,-160.30809,-92.18678,-28.915195,41.42274,-23.65235,4.577385,-47.89163
-991.186,346.72052,-40.049545,-27.041664,140.38098,58.18148,-151.89767,-84.850235,-31.650183,53.141197,-40.49701,-11.441641,-26.983492
-1009.6628,346.01678,-6.67983,-6.2434673,139.51634,48.24422,-135.38911,-91.11002,-47.5422,60.30587,-41.635628,-24.604446,-12.10187
-1042.6555,376.2205,-1.816639,5.035407,134.08466,35.876842,-132.325,-94.820366,-33.607132,37.651924,-48.17908,-38.95333,13.678566
-1097.1896,369.82172,5.8285103,59.730835,120.97165,29.381042,-112.60599,-104.67412,-23.705587,30.738346,-59.727123,-30.23983,15.496653
-1105.3268,357.50427,22.800734,80.291016,115.05252,5.34787,-114.262474,-66.69756,-31.200058,13.984813,-35.988605,-22.484684,1.2756624
-1113.6409,342.48874,16.382526,83.25479,150.34525,-23.506794,-96.81416,-59.617294,-30.82537,-6.4123287,-22.821262,-19.43054,-9.160718
-1121.543,344.24448,17.74382,100.38128,139.49495,-37.571426,-91.169106,-55.004654,-19.598392,-33.60209,-7.793059,-23.153452,-15.375924
-1145.448,338.12842,23.38219,109.10304,127.19681,-33.481705,-90.3367,-54.69689,-16.34261,-34.77401,-14.465661,-13.571123,-21.436882
-1169.3126,326.32938,31.387917,107.42645,127.53523,-41.31378,-72.52151,-48.544052,-3.1265264,-39.91342,-29.961767,-25.75158,-16.298925
-1194.8667,316.9126,26.864042,100.30296,139.5206,-43.70719,-59.924007,-36.80568,-3.9257574,-30.548298,-38.279358,-24.341236,-14.871419
-1198.7476,302.7713,40.46322,91.22452,131.4043,-32.526,-70.55553,-29.875017,-0.8830261,-22.853102,-45.607597,-26.428102,-13.021053
-1189.5771,291.84293,34.74736,87.515656,132.1712,-32.714676,-51.6603,-36.42678,-8.413207,2.8473558,-57.24264,-24.116573,-7.5607405
-1209.023,274.38477,45.181087,90.88045,137.87799,-32.373695,-52.894672,-32.620632,-5.6834908,17.393549,-66.83901,-32.17926,-4.51643
-1215.6243,273.91656,41.364788,91.40819,141.22264,-26.593496,-47.417995,-31.75709,-8.038931,19.571903,-68.26357,-29.682491,-7.379957
-1229.5515,284.77264,36.89637,99.5177,142.29803,-30.688295,-45.7586,-44.29062,2.044973,16.44012,-63.900826,-28.952602,-14.066006
-1223.6205,279.22168,36.86506,101.56889,147.44336,-25.2025,-52.138706,-56.099453,3.347054,29.505007,-68.29642,-29.96932,-7.096915
-1226.138,283.5966,33.015923,100.721756,157.60966,-22.930696,-50.146027,-66.74039,6.95619,28.766626,-68.906425,-25.347471,-13.388182
-1224.7163,277.93506,46.067307,84.24823,174.25311,-17.595318,-59.424397,-62.90283,3.7863445,36.38186,-67.27729,-35.571815,-12.719473
-1235.0159,291.1537,53.261406,64.88558,190.97116,-6.7226353,-67.52728,-66.64076,6.316293,36.025738,-66.56487,-34.10631,-17.471317
-1218.4165,291.53558,62.11603,58.32252,197.09583,-11.729471,-67.60533,-59.4572,3.8498993,40.703117,-75.968475,-36.73919,-12.436943
-1228.14,312.17004,67.95252,42.376858,211.2403,-4.54383,-82.172,-57.306927,8.466244,37.81122,-70.39332,-48.925644,-11.276499
-1219.8942,326.87396,60.72059,48.217987,212.97038,-2.677022,-86.22965,-56.31734,10.223507,39.021408,-71.65562,-50.09433,-14.499008
-1218.8862,340.4027,60.552456,41.52733,215.58356,15.981279,-97.95443,-59.492554,12.403006,45.585102,-75.70498,-49.959713,-14.597406
-1215.1008,335.8471,73.562515,32.347942,224.2636,35.091057,-112.776184,-56.044243,15.577108,39.54922,-69.752655,-58.998875,-4.270886
-1214.6523,333.81668,62.052982,47.681908,237.01422,27.79086,-102.86684,-57.15145,10.430326,40.980923,-64.77806,-62.960453,-10.23546
-1208.3804,322.49677,59.37571,53.574257,242.52258,40.190727,-108.61734,-56.51281,13.911531,44.268654,-73.61046,-52.559227,-25.9261
-1199.9739,326.19135,46.256035,48.61878,253.4929,30.78623,-104.88934,-46.545746,13.17832,46.50477,-73.99688,-55.490555,-32.198227
-1200.8375,329.09464,40.389397,43.74914,253.09805,24.979734,-95.92293,-46.660286,16.800842,49.534073,-77.182785,-58.694748,-28.58136
-1195.7484,327.78003,36.13792,45.99608,241.52084,34.163548,-101.04091,-48.87951,21.178429,39.30892,-71.8815,-59.23963,-27.019112
-1215.7166,335.3342,49.32985,29.1759,242.76675,39.32348,-112.82086,-48.412632,17.966341,35.6127,-74.596054,-49.830757,-24.027113
-1229.9767,334.36734,56.119404,43.52481,231.72272,37.31999,-123.334015,-53.094597,19.054932,32.807922,-80.69472,-42.62352,-8.755654
-1223.5157,343.3734,57.096264,32.105762,230.82574,39.651066,-140.97617,-52.065033,17.860819,24.04916,-74.911705,-30.326263,-9.577427
-1191.1829,343.5387,59.880733,29.821472,209.6499,30.86533,-141.27505,-38.94047,1.6327276,20.236908,-66.81357,-30.10315,-7.78778
-1169.7883,347.13397,48.049446,46.944458,197.54498,16.103336,-146.98708,-36.219864,-7.1084833,28.280092,-70.83382,-30.780096,-8.449114
-1181.1876,361.2656,52.60634,35.811558,203.61116,15.534745,-161.72131,-36.117424,-22.394772,32.1245,-62.267452,-23.668346,-12.173515
-1179.2935,360.67807,61.287106,25.881416,202.34435,35.63376,-191.93535,-34.614216,-36.940212,34.378315,-47.34071,-28.926819,-10.362831
-1164.9005,365.99805,58.28727,5.8781843,206.36562,39.86554,-199.13187,-48.859573,-40.474464,30.117785,-26.84401,-42.909378,-3.506403
-1112.5018,356.58322,54.323498,-13.48737,190.81644,45.602505,-191.87866,-59.604866,-52.33027,25.652262,-7.354224,-57.04519,9.114338
-1067.2343,360.58276,31.754015,-29.320988,169.07263,46.42142,-180.65268,-60.659523,-66.72867,11.298338,5.108155,-41.60086,2.5117035
-1003.4706,341.30457,-14.352618,-13.773725,149.0662,43.916164,-179.81789,-33.60237,-110.87428,-6.4113083,48.148674,-45.874733,-8.7205925
-1023.0389,312.49542,-79.64084,15.704765,146.83139,43.698868,-153.50978,-19.06165,-123.70123,-17.568443,69.42132,-49.576126,-13.496796
-1207.1228,271.84222,-49.721363,18.758282,85.266014,39.6973,-127.852425,-10.613522,-109.18208,-15.471455,63.624718,-39.729458,-14.936916
-1382.7139,242.54164,-25.043776,39.12669,82.95683,34.576824,-89.06724,0.15899277,-94.43677,-22.31065,37.81125,-31.218311,-32.87802
-1525.0138,281.3789,29.74958,12.456328,46.93743,9.593604,-44.824318,-21.80899,-79.578156,-19.645466,20.69061,-25.320797,-26.316502
-1492.2534,273.24347,2.4671488,34.07542,36.383984,-20.032925,-40.756264,-8.923782,-89.24266,-35.333393,15.806452,-28.972622,-24.793285
-1770.1699,277.36737,119.87636,21.020927,57.070805,-8.28873,-67.88449,-52.413788,-51.642845,14.153965,-20.36273,-20.29282,-6.9492035
-1541.854,299.01492,100.37143,-78.800446,-46.373596,-51.38704,-29.13975,8.113935,-15.469009,-8.885233,-49.48592,-18.070305,-36.586037
-1309.9187,319.24762,81.71038,-99.31027,-79.61743,-68.24829,-56.68638,19.92869,-26.970142,-23.52304,-47.581406,17.360622,-57.04498
-1201.7511,354.93372,117.56838,-117.9837,-72.124954,-55.882233,-90.046936,29.249657,-33.742825,-11.485302,-55.37149,72.37207,-83.753784
-1189.5686,403.95367,130.91562,-130.08775,-104.16013,-59.62047,-77.37678,42.73017,-21.001694,-20.798698,-64.18909,72.2586,-112.408875
-1298.1255,448.41418,160.88315,-101.36616,-81.24798,-66.77587,-47.32791,26.611317,-36.65702,-1.7631521,-69.86026,31.793747,-83.14371
-1345.3954,442.886,211.55685,-109.08932,-91.63158,-63.80764,-42.454353,17.08786,-62.459297,17.26389,-69.53887,24.84328,-62.733437
-1434.8923,457.3058,246.69652,-113.27784,-91.362305,-51.655098,-38.618813,3.466857,-72.67754,16.389704,-59.417038,26.774801,-67.412926
-1459.9326,468.57977,230.33751,-87.21065,-92.6198,-48.651356,-37.22608,-14.5388565,-58.668488,9.457912,-50.434853,12.836874,-58.22483
-1426.4214,449.56586,211.57549,-66.50369,-76.66517,-59.607883,-51.12886,-18.53455,-63.52661,11.585867,-46.619873,11.563034,-48.486404
-1457.3176,461.6019,224.10913,-83.888275,-79.7268,-42.714836,-49.195614,-27.694756,-63.127586,21.586864,-36.350693,5.00924,-48.142975
-1426.207,460.6965,163.57092,-65.165726,-59.436726,-48.339874,-60.14843,-30.315805,-33.807793,14.784974,-34.429726,-19.1502,-32.28202
-1434.44,434.61432,149.3228,-88.94502,-48.650173,-13.911187,-52.91353,-32.45424,-42.175014,23.101984,-44.581593,2.446312,-29.90208
-1488.5281,430.94,144.38522,-113.94962,-47.323673,16.95492,-29.072441,-28.780285,-51.866207,29.218212,-40.364697,4.9220085,-23.615772
-1469.5748,416.02344,112.319595,-124.30483,-34.233044,34.15435,-28.266888,-31.336617,-43.225266,30.74563,-29.346603,3.87121,-31.733467
-1480.9124,415.96692,80.81253,-109.69063,-15.885929,32.442047,-26.353832,-28.554176,-24.440052,26.789371,-24.626339,-6.2140465,-24.419888
-1478.091,413.4829,80.40781,-120.86176,4.7720604,42.79601,-44.6205,-31.075592,-6.3476973,29.962032,-40.13765,-7.975377,-14.945806
-1445.7671,421.86847,54.415646,-105.81668,13.278137,56.936813,-51.190956,-44.697937,4.145595,29.080715,-54.737053,-18.844318,-12.540073
-1411.2852,426.14484,43.17737,-93.0506,26.780128,58.772568,-70.9686,-63.86953,22.028328,22.29813,-59.23994,-29.618687,-6.7057333
-1383.2731,432.49408,37.20758,-102.82037,48.970985,57.114414,-99.770164,-51.42639,16.470455,24.532553,-57.23489,-23.037897,-5.252271
-1361.6337,420.64417,30.126427,-89.55884,59.652275,53.686966,-110.97945,-54.721123,30.10982,23.942562,-66.08677,-17.090248,-3.8564243
-1354.1165,415.97015,23.652966,-83.0685,83.09857,34.898064,-119.6895,-43.96299,41.608253,12.54434,-73.73341,-22.888384,7.746462
-1357.78,404.7849,30.04721,-55.31893,78.201614,28.62859,-137.56615,-40.087166,54.909016,-2.616353,-83.64789,-12.935575,17.446812
-1353.4927,402.6206,28.130587,-52.247276,90.81358,10.001179,-140.79358,-34.548107,51.5733,-6.8306055,-86.820465,-11.180675,21.501575
-1332.0665,388.1704,23.921494,-43.15158,77.71679,12.342403,-142.94376,-30.380527,58.647324,-14.177489,-101.82629,-4.1462393,31.739288
-1327.3717,397.09564,6.115419,-44.159184,80.6385,13.845867,-148.22942,-24.583126,60.405495,-27.663027,-92.96452,-8.175879,44.86193
-1343.7456,402.30255,14.709277,-51.901627,78.83293,3.288728,-144.45633,-22.96259,53.632896,-17.810574,-94.77619,-5.42003,46.656693
-1358.1393,402.29224,17.965168,-47.595657,81.48859,8.337512,-160.36989,-28.748184,59.70076,-13.088187,-86.73244,1.2121315,45.930786
-1359.7396,396.3182,28.21922,-45.167847,65.348236,8.686816,-153.81964,-28.8541,55.394615,-14.236001,-72.58275,1.0648651,48.98313
-1357.8574,391.91785,35.548206,-44.358482,54.765083,11.733997,-156.09735,-30.337677,51.131493,-12.221046,-70.07867,8.185034,41.78553
-1363.4385,396.09802,33.398247,-43.580097,62.206116,6.2243295,-165.35681,-30.480976,48.664543,-10.062235,-75.16528,16.581188,47.25753
-1353.2008,395.53162,34.864723,-42.88282,49.850243,5.101609,-159.1026,-33.658997,53.147766,-14.498589,-77.54483,17.554512,51.341812
-1351.7386,398.1025,34.018093,-40.923523,53.707054,-6.5814695,-162.12682,-31.164152,55.43846,-14.032007,-81.66887,22.518354,51.536194
-1338.7083,389.39392,39.67385,-36.525845,49.905975,-15.194109,-160.81506,-20.268639,44.262486,-10.085907,-71.35231,10.961994,53.813
-1341.35,378.60898,62.19066,-44.519146,46.706375,-12.184077,-168.16223,-21.545599,47.81102,-10.911316,-62.346844,3.2694144,55.22928
-1352.3755,386.63858,59.020454,-40.34934,37.492508,-14.54557,-164.09052,-20.649315,46.15325,-16.249968,-56.480972,1.1341572,59.44155
-1347.2881,381.83453,52.411915,-34.805805,34.38597,-14.125494,-166.08525,-18.285124,43.844517,-12.735357,-62.444317,6.4963684,62.462353
-1371.4515,381.4691,73.45214,-44.62301,23.52454,-7.7349186,-163.69296,-19.754574,49.136013,-17.452728,-61.802887,6.921361,60.7255
-1378.2207,369.0481,94.051094,-47.52324,14.001979,-11.288242,-152.68936,-8.780281,42.277084,-5.8420353,-77.06911,18.55119,52.79959
-1399.2821,373.706,78.761,-42.944767,23.138832,-18.469883,-135.42276,-9.590878,41.277832,3.0517826,-76.4278,17.914307,50.904427
-1418.1532,363.48193,87.668274,-41.88189,23.976593,-12.725656,-128.4484,-17.355375,49.17337,-9.568869,-57.458576,2.5275183,58.566452
-1422.1671,357.7464,89.80878,-36.985165,41.93464,-27.605944,-125.14079,-7.8789654,45.638504,-13.893756,-66.52164,-1.0032558,55.026337
-1417.556,343.3934,104.34075,-32.0784,36.76348,-17.270607,-116.66929,-15.852062,41.07325,-17.009813,-66.05231,-8.469479,46.935555
-1433.485,346.529,107.892456,-17.775213,29.003036,-19.620708,-109.40261,-15.0456705,37.137573,-24.650846,-53.33379,-10.031244,33.24627
-1461.9353,338.82104,141.58755,1.3899984,16.131788,-35.937126,-117.33564,-10.778566,33.156113,-29.131636,-38.639816,-13.935415,14.465464
-1509.5161,356.2176,131.52643,8.40723,32.94206,-57.784645,-120.61427,-10.989807,31.874178,-18.449627,-51.72254,-21.8625,9.343721
-1617.5457,345.4555,94.16943,16.796307,67.455124,-44.096752,-104.35796,-11.892782,28.89016,-0.7386627,-58.785275,-17.524767,18.149391
-1674.2148,295.99585,79.136284,68.17218,109.53644,-14.051201,-79.88565,6.476901,24.535622,-6.54652,-69.52523,-21.18218,38.250828
-1714.8823,305.48975,114.27016,37.147507,61.28655,-30.5983,-80.36667,4.7372236,41.543877,22.264492,-42.50323,-1.9704971,38.952858
-1795.3356,312.33014,183.75455,57.939514,58.157116,-4.5060863,-57.334305,-6.792651,22.547771,21.23648,-48.17254,-26.340534,25.25227
-1829.6069,319.61658,224.5622,63.61734,40.75385,-10.659738,-49.359978,-11.664061,29.106382,39.406902,-39.03009,-20.656307,29.07239
-1874.9766,288.88574,225.28522,74.61005,36.556282,8.051946,-12.542681,9.929754,33.020645,46.269283,-27.509565,-25.515194,16.369532
-1882.521,292.26764,249.60152,100.76955,32.32658,0.88504696,-19.443892,-1.2877951,24.844154,41.80365,-43.34315,-25.587402,17.058979
-1866.1039,295.3896,255.9327,91.80996,18.878338,-8.964723,-15.947608,10.973886,36.406445,52.40788,-29.666433,-30.242863,15.589433
-1843.3956,285.03845,261.02667,103.61174,7.7528477,-11.919312,5.8202696,12.727482,35.168232,46.357845,-36.294815,-32.821583,2.3360023
-1350.7598,285.5315,111.425285,80.38747,-60.52999,-13.352759,-9.517851,11.422638,35.92841,-31.906065,-63.672867,5.74671,10.942992
-848.6657,326.5215,-8.998881,-25.600994,-113.65666,-77.92285,-50.691154,7.6912184,2.8908958,-40.83296,-74.981674,-15.476542,37.277805
-718.9951,306.61597,-44.12396,-33.158134,-110.48733,-90.46223,-36.7022,46.222843,20.892544,-35.506653,-57.930416,-12.275576,27.49374
-671.66284,281.80322,-59.7976,-50.63919,-107.826004,-102.97366,-60.79364,21.107708,9.045646,-33.01012,-23.965097,10.889065,24.427517
-573.6122,236.56258,-89.13057,-67.97887,-117.21925,-110.33084,-38.6213,29.093851,-5.812355,-12.447231,-7.8300333,11.75408,39.55233
-466.18573,200.93694,-111.086975,-83.43365,-108.21777,-87.828094,-43.58477,11.643486,9.001829,-10.398884,-4.540656,13.107136,32.400284
-416.1028,160.42459,-145.81647,-102.07977,-119.42109,-90.60506,-39.921703,9.749903,10.871843,-8.459055,-12.072759,5.169786,47.683517
-400.31287,156.89993,-146.57294,-103.487946,-115.140884,-73.34009,-42.26361,24.59325,17.838737,-11.003672,-19.753565,25.031229,50.645554
-392.08533,149.86906,-146.96289,-106.790794,-115.86067,-73.22244,-39.163567,24.699474,18.435009,-26.481167,-15.745473,30.777332,42.22758
-415.71173,159.09505,-167.36539,-114.66584,-127.27115,-71.62414,-40.62452,15.617604,0.6788235,-26.95856,-19.813936,23.649998,37.786407
-441.05814,178.6871,-152.16168,-110.44987,-125.27641,-72.37957,-27.97148,17.138126,-11.859993,-19.142393,-14.177344,7.070385,42.479324
-506.80304,218.6837,-136.60922,-107.27723,-131.02122,-69.69268,-12.304138,1.0258617,-16.819036,-6.3925624,-14.291698,-0.9599824,38.342216
-623.8623,264.0147,-100.01634,-123.316086,-165.36203,-47.652992,2.4451704,-19.212597,-15.4069,-5.3981056,-12.450573,-0.6152878,31.809965
-663.9797,288.5164,-95.046295,-121.963806,-152.47195,-55.127056,9.22057,-17.538174,-14.328432,-9.296726,-9.883697,11.848789,15.849504
-644.2922,281.17877,-98.35629,-110.8035,-146.02684,-53.324997,20.37114,-15.274668,-29.343002,-2.1634386,-6.587545,6.089038,14.771071
-601.5425,251.99411,-113.335365,-100.95176,-142.62697,-63.272125,20.737598,-1.0368986,-47.151115,-9.542457,-4.4967303,8.32293,16.157213
-528.84937,223.45442,-132.05997,-95.04338,-127.76049,-62.948822,-7.3613853,25.37535,-35.635857,-32.650253,9.301455,4.71984,24.087654
-484.5219,208.38235,-136.19135,-108.931335,-122.89393,-56.98385,-16.68242,20.840847,-23.767006,-35.587097,13.776665,13.90934,17.567337
-510.5948,216.8407,-137.9707,-115.766556,-134.93826,-58.168884,-8.296366,20.973703,-48.814335,-22.950764,24.161343,15.898396,21.684643
-455.81055,188.63483,-145.61273,-108.32303,-134.37819,-50.23513,-0.41380882,14.513943,-24.915478,-38.948822,25.353792,29.171106,18.439266
-471.9334,183.41907,-147.47122,-119.20836,-138.02356,-55.33068,6.015268,19.213129,-42.17756,-34.712475,21.125519,23.817268,19.268744
-441.72348,169.90282,-150.97337,-115.378296,-133.30424,-46.663353,13.665151,12.402267,-39.002747,-39.732338,32.127125,33.5474,10.674318
-449.09622,162.9921,-151.57275,-126.68744,-142.68619,-46.227276,22.242844,-1.7661734,-55.091835,-29.477552,38.87741,36.974716,8.359079
-486.01746,168.47192,-146.02762,-133.0751,-145.55722,-40.31363,27.45717,-9.978855,-71.03072,-9.943291,38.785122,47.935017,10.391928
-525.55945,193.55713,-142.83803,-137.19911,-147.93103,-35.583183,41.814713,-16.085876,-71.64627,-4.7214813,35.569508,50.89086,4.6073112
-607.6651,230.78357,-115.808044,-148.84796,-158.29367,-22.613659,52.640137,-20.319984,-69.49185,-14.410824,32.138428,57.218372,-6.2497215
-794.8524,317.59674,-64.87929,-227.98654,-103.828094,12.233694,1.0526128,19.302961,-65.902245,-45.3828,22.611063,101.202286,-32.961205
-903.66833,334.0224,-46.78778,-252.94794,-60.387867,30.739681,-0.45858574,31.314114,-58.917953,-58.136127,23.120586,119.987595,-57.74156
-1089.2478,397.89014,-40.46151,-246.18394,-52.74952,22.920464,12.367634,41.997635,-73.105415,-61.66134,26.201014,123.11094,-45.756935
-1148.4712,383.73126,-65.658356,-238.19254,-28.134022,24.144287,-11.536144,57.9281,-90.7045,-73.94432,12.297136,145.50261,-61.674946
-1300.0048,360.1814,-41.80733,-230.09645,-19.943813,35.861263,-3.1307094,53.87394,-91.7553,-75.64202,19.387226,150.79034,-65.14243
-1323.78,329.51138,-47.025074,-247.59088,-50.832664,46.946518,-8.357454,37.617348,-111.97401,-68.523445,7.5655007,117.80114,-70.83692
-1602.1265,353.10956,-42.774124,-222.26472,-47.287228,21.564713,18.10664,23.538977,-86.12634,-43.576866,37.336414,103.65342,-34.928463
-1750.9199,369.84937,39.997063,-191.25691,-92.30611,-0.6333642,4.0129356,-13.022761,-58.992382,-29.99256,35.47617,63.87043,-16.06168
-1855.378,341.1962,56.359463,-180.28885,-88.32119,0.027934074,20.074207,2.1725788,-44.249683,-38.245438,29.858149,66.993866,-9.820602
-1740.5836,338.22772,68.16301,-109.750305,-96.58186,-50.38175,-24.224228,-31.161613,-42.846573,-31.420301,11.814788,49.06833,4.9539375
-1577.869,420.19672,207.51933,-62.303722,-209.90182,-97.78529,-40.01584,0.46786976,-20.36192,-49.62858,-14.601526,76.10198,-26.7972
-1416.0719,441.33392,185.49095,-41.08059,-212.5018,-76.05737,-56.175964,-20.820593,-13.320419,-57.006523,-13.759069,80.008766,-38.25387
-1408.2615,454.12436,191.64929,-54.395203,-202.23248,-73.3224,-48.633175,1.6326671,-6.2035294,-53.373337,-13.1315365,75.02626,-43.255093
-1426.476,470.6989,192.49443,-58.498055,-148.46043,-90.25461,-43.980022,20.887197,-31.812683,-46.986015,-2.6592975,51.888573,-26.300468
-1475.9324,521.62524,216.93028,-78.64308,-147.32858,-87.453156,-42.712883,13.704161,-43.40566,-32.826324,-5.554477,29.198652,-30.584034
-1461.2231,517.2096,216.00418,-70.42549,-134.01724,-75.80888,-47.515236,-19.02606,-37.460518,-13.667892,-2.4051569,12.477093,-29.86886
-1181.4197,422.1256,91.1369,18.236458,-61.69633,-73.465744,-76.00221,-61.796173,-51.22548,-1.8177872,-7.3093224,-3.3511057,-10.189468
-1312.2429,432.313,135.77347,52.29226,-45.555237,-81.06854,-102.743004,-59.467175,-19.05953,-7.707265,-5.5647664,13.903583,-14.460848
-1170.5879,411.74332,77.996216,32.465622,-33.52017,-47.150726,-86.86789,-87.911575,-59.139015,4.8983517,-2.5626066,4.3461895,19.219498
-1376.0132,439.74738,173.27583,24.394272,-62.75845,-60.854313,-104.63984,-57.624245,-32.065342,-4.035472,-21.610636,8.63449,15.896435
-1379.9822,453.59552,161.69606,-14.744848,-50.321686,-37.896706,-126.45289,-74.935936,-2.5636477,-11.292877,-23.821096,-2.5574012,3.7931151
-1298.4562,424.4646,108.2079,63.666588,-23.136595,-77.76361,-150.57465,-73.32153,-27.4797,-2.0172863,0.39466444,-15.483044,2.948763
-1340.7527,435.7321,148.89636,22.71212,-21.713467,-45.795723,-171.80316,-75.87747,3.6494942,-18.825203,-17.863832,-24.826023,25.555342
-1430.2756,448.41916,160.00821,-10.806675,-8.608192,-12.3357935,-180.9842,-49.87828,27.574646,-40.137398,-39.696564,-21.868322,32.404156
-1409.8022,473.43185,188.38689,-11.193206,-22.251083,-10.253367,-149.84967,-42.42979,8.018328,-38.29646,-48.44099,-7.049386,45.201347
-1405.6321,443.75717,186.62292,-16.82803,-45.88981,0.3028841,-139.94293,-44.551105,-13.141029,-56.218414,-33.897186,-14.329973,35.78831
-1471.8511,458.66028,180.8168,-27.203537,-17.260344,-15.211489,-105.350624,-35.012745,-12.426073,-47.751625,-41.19469,-9.172792,25.284796
-1503.093,433.26862,183.7999,-45.927658,-18.591982,-26.915838,-100.74381,-58.662605,-28.23033,-53.504063,-40.794487,-13.164104,12.092302
-1486.5894,434.27014,187.5188,-57.976852,17.768393,-27.998123,-115.52956,-66.87506,-11.560495,-37.73846,-45.39509,-9.673877,22.183363
-1471.2781,402.4463,189.7834,-94.85172,-6.9596996,-54.664177,-114.898026,-91.72898,-22.617125,-50.15137,-44.666416,-16.4435,13.570177
-1474.5095,405.0426,209.28131,-83.06369,16.614124,-52.117805,-100.147156,-87.20095,-27.474602,-29.84343,-44.89974,-10.400664,23.626102
-1457.8535,407.55377,183.76077,-58.928127,18.203833,-37.332413,-118.29028,-71.70227,-31.966421,-40.359745,-49.526783,-9.008615,37.630974
-1461.307,405.69147,190.40344,-61.350033,34.385757,-53.25445,-116.11354,-72.81946,-28.399307,-48.69137,-46.255707,-8.341225,31.817474
-1450.0708,418.40137,171.02565,-36.97429,30.650091,-43.852135,-119.604355,-60.943676,-29.763687,-34.65766,-45.222355,-13.919617,33.12681
-1436.9172,411.0677,177.97229,-8.712193,21.675865,-63.275513,-114.98353,-42.42668,-36.816757,-17.087568,-48.35205,-27.54112,39.804733
-1463.1836,423.2265,177.07883,1.800869,18.581657,-55.63331,-107.681145,-41.572,-23.494009,-14.20123,-55.99597,-29.705051,42.039078
-1487.2411,438.74744,180.30304,5.633118,29.035332,-27.364704,-122.87444,-32.756638,-19.736881,-12.568718,-50.93938,-19.954426,37.225872
-1451.9934,435.2898,187.46542,19.120281,2.4679432,-44.740833,-125.33998,-46.69649,-20.36475,-17.064068,-33.96908,0.20702648,27.100674
-1447.6145,423.5583,161.20523,13.185985,8.781487,-54.100143,-123.238556,-44.88552,-16.937946,-19.462553,-45.64904,9.573378,41.53269
-1406.8044,408.7048,152.53603,-3.232982,-0.8411875,-45.60393,-145.94016,-54.939594,11.1880665,-42.790108,-61.771004,20.64688,57.920517
-1389.4268,387.0976,147.12468,-3.090231,8.939859,-47.818214,-157.48521,-59.72587,25.850414,-52.09758,-54.04155,24.90039,49.078197
-1381.8994,397.7922,147.36385,18.049295,15.7504425,-22.194057,-162.89879,-44.287956,40.03406,-43.689926,-48.120872,9.695171,30.439236
-1377.0496,399.04926,155.91576,1.8838701,25.277517,-18.090092,-191.5014,-43.66231,35.76263,-46.070213,-47.51865,25.825432,32.157543
-1352.1265,404.2652,147.17001,24.21809,22.028168,-13.946704,-195.34164,-45.910255,41.639725,-47.536007,-51.47028,26.61922,40.88008
-1356.6292,395.47104,154.34538,17.938046,12.862869,-11.84072,-197.39098,-45.009678,32.839806,-37.36236,-47.77298,20.970093,45.1733
-1397.175,396.3119,178.09897,8.557943,4.876386,-6.9825673,-191.95737,-44.69208,28.291784,-42.377113,-42.220833,18.862495,46.14705
-1377.6057,384.5757,173.30353,11.898436,-4.9258404,-26.408169,-155.65833,-45.37079,13.357638,-36.532867,-36.891632,11.662394,37.861843
-1427.2324,393.16937,199.04442,9.671209,-18.27881,-19.94515,-160.2012,-46.223225,20.257607,-40.91374,-42.511486,18.525505,39.950188
-1439.3497,410.4955,178.08633,23.581514,-18.791424,-30.004436,-149.41066,-52.244442,19.19405,-44.5105,-40.32645,12.166832,41.891117
-1484.7494,415.51294,183.88153,8.279091,-12.874809,-28.352932,-151.761,-75.09007,16.352026,-23.354422,-46.263557,-0.3414364,45.341385
-1449.9424,392.99786,178.35646,28.780067,-44.88025,-34.82997,-149.31088,-62.199055,13.042946,-38.74405,-37.07636,3.1240292,42.113174
-1427.9722,387.4871,185.76859,-4.685965,-42.637207,-29.530775,-155.42107,-57.32872,17.290764,-29.73256,-44.065357,5.787487,36.875626
-1409.4048,405.72073,141.62137,-21.348288,-3.598998,-48.845512,-162.55829,-37.24572,10.94795,-25.698544,-40.06309,9.941638,28.746447
-1413.2054,384.5072,97.430305,7.825879,-5.920816,-50.99301,-172.98578,-23.163973,18.407364,-56.523464,-25.510862,12.964497,32.96639
-1495.3402,270.45367,68.21048,14.346348,-48.940685,-74.345795,-158.33432,17.171646,36.21778,-38.330315,-12.278797,-5.1326523,21.62635
-1602.973,304.09308,64.08182,-1.874517,-65.6418,-98.23738,-116.162285,26.538528,34.21285,-15.973896,-13.134576,-18.80946,-0.45072174
-1704.2709,288.99954,132.66647,3.2576618,-51.061947,-91.37549,-72.58234,19.867155,30.701042,3.3454337,-40.72213,-16.648598,-15.350995
-1515.3546,294.21326,5.987999,-105.20105,-66.22766,-17.250175,8.134004,42.02457,4.5605965,2.8009148,-38.1648,-15.422153,-22.65075
-1086.4391,261.02908,-65.048965,-278.18225,-160.27066,8.246109,-2.424905,75.60486,22.972946,11.436876,-50.558964,68.33601,-106.57356
-861.64496,246.87323,-86.9246,-204.47896,-171.92336,-26.21035,24.656118,60.643906,4.620947,31.4194,-23.69051,39.948658,-58.98005
-665.66724,214.36102,-158.8118,-156.30887,-143.18204,-66.13493,45.12745,63.199097,-2.7471046,29.978306,-19.74413,-13.020695,-0.20539355
-789.2323,290.71747,-105.60876,-145.4224,-173.33084,-45.42104,40.13303,38.485394,0.99853706,32.081482,-11.7057295,31.795868,-52.03437
-872.75073,310.83746,-11.497622,-196.89401,-172.046,-42.187317,30.026756,55.9904,-18.996616,45.72554,-34.611275,45.872093,-58.63901
-968.26294,344.02194,31.363964,-231.44118,-208.87146,3.3964052,43.48597,44.698105,-13.978931,26.114662,-23.089314,59.065483,-80.874405
-879.14966,332.26538,-12.51246,-181.60754,-209.4032,-6.2411785,59.383923,19.42619,-4.677248,13.874144,-5.7630677,25.198107,-56.244568
-990.5343,377.59564,38.252487,-240.96306,-171.8967,31.367477,37.8872,1.6528625,4.6789894,5.6810226,2.03457,54.67206,-88.0238
-958.37256,371.0818,26.049824,-231.51544,-184.66127,45.228065,36.620865,-4.3239107,-3.4314804,-7.079954,11.482985,53.30072,-80.525154
-940.8894,375.2558,34.546837,-237.58891,-209.70169,60.550537,41.2361,-3.6582308,-7.964245,-12.88851,22.66401,56.534203,-77.77469
-747.491,296.81155,-16.302788,-178.76007,-208.90988,38.78761,47.785713,6.3399897,-30.626587,-8.534359,19.610111,41.203373,-43.252365
-769.74274,311.1787,-21.196732,-193.56288,-200.79886,43.994682,49.730347,13.062901,-38.891598,-20.15786,26.305534,50.890953,-42.66007
-572.53156,216.68185,-97.43548,-130.02878,-186.72137,2.7598534,57.615677,31.725235,-39.07398,-32.097546,20.418736,44.179325,-14.029599
-544.8954,188.43991,-127.98047,-119.66295,-160.97543,-22.097355,66.28482,31.831417,-32.256626,-32.490463,8.291913,53.67887,-1.2376604
-513.17206,164.39624,-146.79297,-118.09384,-140.16371,-33.40013,46.635365,33.040207,-28.889347,-29.25048,6.553499,54.040092,4.1599073
-671.6811,241.82318,-137.77695,-137.18396,-162.31264,5.43643,17.201515,7.262001,-27.01928,-12.924243,27.005516,34.426914,-12.408372
-843.41187,317.9264,-95.31513,-187.9379,-156.24298,79.185776,-40.85945,-24.455845,-5.4905033,-7.920718,38.458656,30.87521,-44.97039
-908.2477,330.29993,-100.256035,-166.76353,-125.966934,62.983917,-54.501457,-31.19698,-36.742584,7.188901,50.556633,19.2029,-55.01214
-1016.64374,350.86572,-69.42433,-159.3565,-103.12309,75.79205,-63.439045,-39.609306,-59.80562,19.369474,37.025757,23.317884,-48.92074
-1217.278,393.97977,-23.214882,-133.93619,-77.28953,79.826225,-40.06096,-61.03322,-38.92218,20.080141,9.40952,13.509359,-30.898066
-1467.3888,444.40594,35.070007,-92.98117,6.624228,61.553978,-7.742899,-29.846376,-27.802565,5.7648306,7.97856,-18.698383,-37.705864
-1516.1289,438.49634,65.43122,-55.056488,7.9886813,57.43791,7.1294217,0.088434696,-29.19919,-27.080927,10.477302,-12.4417515,-45.30291
-1560.0864,450.7351,101.27818,-29.905313,26.097576,55.343193,-13.247801,-3.773062,-16.64267,-39.059303,-12.750143,1.7659855,-33.36489
-1530.2742,439.2982,86.81365,-12.126741,69.998795,62.428116,-39.106934,-13.576278,9.205765,-32.750546,-45.03383,-0.7364769,-2.4245753
-1538.9294,440.60486,86.472916,-16.925919,76.95682,52.337353,-36.182533,-2.9983366,-8.177982,-44.118885,-46.641953,4.081436,24.567982
-1556.2788,412.073,86.63776,-13.65654,49.270184,45.459465,-38.5972,1.3732433,-5.061061,-55.359226,-43.629856,10.580456,19.127213
-1589.8591,402.92688,89.52449,-8.454856,42.690468,32.734352,-45.95806,-29.080498,-30.395067,-64.034546,-30.718046,20.97705,26.404844
-1577.1527,423.70615,118.14069,-9.67483,51.876938,38.723965,-61.067303,-26.357012,-23.752502,-46.402794,-50.762306,5.4887924,35.582672
-1547.9636,433.14362,112.93618,-0.7133329,42.981606,27.397886,-62.10439,-26.16102,-9.547852,-42.662273,-46.969013,1.1244507,27.69025
-1552.3204,427.23355,100.61479,8.951687,43.977055,5.8970957,-65.55173,-22.245548,-26.09913,-41.804363,-36.830887,-4.0933647,26.342402
-1562.624,421.66068,87.53884,25.50017,46.337425,-20.427475,-59.102776,-28.758753,-40.74665,-43.363663,-21.974848,3.930317,14.621744
-1565.3154,420.30536,101.30727,32.32921,57.48013,-24.311806,-69.61728,-29.079878,-29.763966,-42.876812,-32.86712,-9.62154,24.876858
-1566.4518,415.34814,102.239655,35.61519,58.32293,-10.705923,-77.00736,-35.91938,-37.615005,-40.604103,-29.580238,2.7429485,22.301748
-1566.5995,408.26343,102.59488,33.34102,57.73112,-6.7184186,-84.27823,-37.52859,-48.793568,-40.418274,-21.681747,4.0333347,29.796871
-1567.8516,409.4776,96.43407,32.89314,69.68644,7.1077833,-93.56896,-51.30475,-48.316063,-48.36424,-15.252729,20.90482,30.26417
-1568.3086,405.5574,96.53346,48.828766,63.778618,-5.3617826,-75.96052,-57.242645,-49.06847,-49.286247,-12.894386,24.074356,26.55772
-1553.2081,399.1831,100.00514,41.079796,51.162426,1.3954506,-76.40227,-50.643497,-51.936783,-49.293304,-11.970832,22.447624,27.552322
-1555.8123,402.0525,89.10447,27.529524,51.008842,6.3032017,-72.46048,-54.584064,-51.22351,-52.512836,-15.502447,29.742634,30.750715
-1559.3315,389.33936,84.95942,21.131401,55.504944,8.725733,-76.89776,-64.63627,-49.641758,-30.29139,-27.165552,23.10257,39.559032
-1535.5087,371.98083,39.979088,32.725716,59.052048,8.729924,-79.80462,-60.512676,-31.871109,-57.80695,-30.02187,36.03581,30.79494
-1536.9685,349.1404,-61.149017,-3.0126753,82.399124,-18.717009,-60.33628,-3.719387,-58.75221,-93.30163,-20.229479,30.255812,31.672642
-1660.542,305.48477,-34.012592,-6.955266,44.664505,-21.448242,-37.126305,-25.464905,-65.60914,-93.9818,-2.349067,30.7188,10.534311
-1541.4579,237.11871,-60.124306,-37.80145,-19.815992,12.061436,-36.156773,-45.924305,-68.51605,-67.67082,-19.152962,38.69258,7.5907574
-1614.6589,295.51364,-46.77234,-118.89572,-41.95111,-4.3540144,-11.544092,-27.974472,-10.2839775,-7.6481867,-9.987819,6.4112577,-7.610979
-1134.1516,347.9802,-163.37524,-247.40695,-92.80649,15.088222,-43.275654,22.050882,10.30357,-9.124397,17.103218,62.24224,-82.417816
-912.8414,301.88385,-165.43228,-145.23141,-134.3905,-25.846142,60.236824,-5.280987,-1.5958366,3.418746,20.471052,22.37856,-23.353754
-810.83936,297.49664,-151.31232,-138.85368,-150.73903,-27.77112,77.42146,-8.723124,0.7400179,-7.2980366,27.345268,19.988169,-29.736893
-806.0642,326.91367,-144.31253,-147.24768,-160.36479,-32.2427,79.11478,3.2273705,-18.255747,14.732667,17.933622,42.342674,-36.779724
-1011.9651,397.86237,-12.646714,-279.1542,-149.50418,54.96979,4.2301145,-1.478039,-20.606514,19.54782,20.35037,68.79532,-82.63334
-1082.2751,426.28076,-5.704645,-264.19446,-154.41217,55.89802,2.1243494,-16.260956,-14.661434,6.8637486,37.3843,68.245186,-81.04677
-1136.0349,436.34607,-8.609398,-262.67072,-183.11159,80.307076,28.206057,-15.726957,-18.543097,5.372425,42.081493,56.831974,-80.36091
-1135.665,414.7327,-35.754944,-239.8385,-169.12645,52.296684,41.456726,-4.8971004,-31.914019,10.229691,27.916885,61.53328,-48.066956
-1219.1926,460.60895,7.267415,-261.53247,-210.19257,84.23625,44.574135,-29.404709,-33.842285,-18.22662,23.90812,61.54578,-49.17119
-1162.2307,433.206,-21.074055,-223.5466,-192.93414,66.82965,38.102386,-19.20605,-37.350594,-21.36107,19.069386,65.27031,-37.2362
-1216.2594,472.2442,-1.1700743,-247.85089,-206.1307,79.13445,33.72364,-34.303566,-38.83259,-20.77777,36.147808,69.39574,-48.320152
-1195.1862,451.4383,-9.191955,-239.83795,-207.09174,76.89014,34.24975,-42.273556,-40.152954,-15.12833,30.298235,73.12042,-36.560898
-1181.9468,437.0206,-18.868576,-224.6033,-185.91534,59.891888,23.0989,-33.558365,-46.498367,-9.313274,31.694128,73.95102,-38.168747
-1194.9402,441.63742,-12.667766,-247.36542,-180.00888,73.724174,16.183514,-38.665913,-51.7582,-5.325527,37.9892,80.472565,-52.512535
-1183.426,440.18915,-13.511057,-270.5329,-159.65207,72.68422,-1.7071228,-21.122387,-52.342392,-16.22135,46.00686,75.13534,-48.868774
-1190.1742,421.2484,-7.6068306,-249.70132,-145.43661,82.82811,0.56088257,-28.29652,-38.311066,-8.086611,50.61369,55.01513,-55.845078
-1174.4633,415.07483,-9.875906,-221.621,-153.82831,97.93369,-25.599178,-11.497768,-40.36933,-2.919361,50.850628,53.108948,-57.780807
-1168.1831,393.6556,-3.2107782,-208.52205,-150.22891,116.341675,-39.299282,-31.665106,-20.5253,-8.361872,45.66658,53.675117,-44.006058
-1159.4832,376.94922,-29.191309,-186.28163,-125.52671,123.9281,-69.769135,-39.424217,-18.56641,5.3846273,45.60775,32.42167,-35.056953
-1158.0325,355.90845,-51.11436,-133.67215,-80.85931,79.58815,-73.5666,-49.427322,-18.559788,5.091586,46.473404,10.16661,-37.879322
-1220.9104,355.7707,-46.056946,-100.22659,-10.650748,45.75967,-83.37894,-67.71266,-28.387348,13.479977,57.532345,11.382551,-43.32092
-1504.204,411.27493,26.0784,-82.67277,20.59629,48.08412,-27.251242,-47.305893,-40.637726,7.1175356,47.06113,7.0223494,-33.75435
-1632.1328,383.18137,58.11173,-38.34324,43.60608,61.051632,-2.4677067,-38.033703,-31.16846,-7.6766644,15.466042,22.969011,-26.397312
-1587.8951,420.24652,88.27704,-13.1153965,30.712175,30.141996,-21.608242,-36.140488,-41.55105,-4.2577868,36.412674,22.813023,-15.323479
-1615.2,422.4148,120.0764,-3.0578756,14.690092,28.580025,16.20678,-6.0352793,-33.004463,-8.0131,16.787573,-1.5862269,-24.738678
-1669.3723,416.6374,145.65274,13.148688,31.404694,32.51175,-8.857341,-13.758463,-7.5500145,-12.602423,-4.5389,-3.65699,-23.312166
-1711.578,394.6278,183.71489,26.524239,8.780959,50.588276,8.313461,-25.221659,1.46245,-4.647412,-9.68507,3.9687257,-27.01649
-1691.4685,386.0515,177.7956,76.942024,33.091003,61.20352,-0.8799,-58.06913,-9.4990425,-15.056701,-34.57375,6.697631,-9.327
-1663.805,395.60974,181.58316,80.93478,49.76327,50.595444,-8.756266,-56.192856,-4.0388727,-18.66307,-33.94142,-0.45172215,-12.685126
-1588.4973,391.3437,108.87253,105.32331,94.7612,30.904911,-43.999134,-32.625572,7.383357,-34.633774,-19.60114,18.22351,-12.890019
-1468.4299,350.60712,39.153275,124.92268,108.803955,22.930529,-93.03261,-42.423656,35.34794,-28.77529,-26.710428,16.458075,-11.766424
-1423.8455,340.01477,24.105127,126.68043,106.40111,22.019983,-105.54712,-34.895477,39.79186,-35.71751,-30.570143,0.05997467,0.1291542
-1408.78,330.21112,23.4804,133.99765,102.18823,45.694527,-109.51192,-40.40515,50.09263,-47.48855,-19.595324,-0.047056198,9.856907
-1397.0981,310.3852,19.803917,153.5683,106.401184,42.845894,-113.07498,-44.915276,59.436935,-45.172928,-23.910591,10.350294,-0.19529152
-1401.7644,286.86694,9.502609,171.76624,105.846695,40.126976,-113.11252,-39.086456,43.412655,-40.922817,-13.317616,-10.918045,8.567112
-1414.8176,277.1435,0.51124823,166.944,107.94827,29.718155,-105.75331,-38.76635,40.19516,-48.980663,-20.9776,-11.486431,11.967573
-1417.2627,272.86652,-1.7299905,152.95679,99.35339,37.684013,-109.92702,-36.390358,32.866398,-47.01895,-22.81934,-7.8456173,7.0518837
-1425.6946,288.56122,-7.888128,128.01978,98.13869,41.550613,-116.14046,-41.065815,45.136658,-40.5573,-32.260937,-19.520817,9.015684
-1444.7188,280.0888,-0.42777514,110.095726,103.91751,43.666336,-123.819305,-39.73609,28.98682,-52.252502,-8.007416,-26.966072,21.72491
-1436.0178,268.41498,-15.331953,96.17421,100.102264,36.265785,-124.78018,-46.633625,25.876812,-29.184124,-6.997677,-26.66521,22.71312
-1424.2363,244.30728,-40.429455,110.87001,86.195145,10.958172,-115.24803,-41.21589,29.30198,-4.893076,-6.4455695,-25.260384,14.51329
-1433.7283,202.44269,-51.617287,129.18932,70.66643,17.523077,-124.023056,-29.11213,25.034935,-11.112601,20.007496,-28.750027,10.140405
-1482.7385,239.7903,-49.40925,104.593765,70.692894,14.933446,-107.64163,-54.50376,-1.4558351,-6.415106,7.3217382,-40.670395,-3.7682216
-1545.5907,215.24387,-70.886345,67.81029,54.60873,25.258358,-124.77265,-98.1243,-4.16335,-25.875496,-18.011217,-11.568568,-9.960393
-1149.2977,318.0715,-152.64987,-150.18396,-60.905266,4.153923,-17.876364,18.480692,1.1827245,-0.66971016,-11.2683525,21.102766,-2.6043587
-1169.0181,407.266,-227.61307,-223.59288,-53.954845,-34.25376,-41.757927,22.210438,5.446782,-3.3452764,17.568787,6.7093997,-18.495293
-970.1384,387.58966,-240.47704,-199.58368,-52.683876,-40.878113,-29.79524,26.148174,13.903141,9.126535,10.508543,4.267467,5.179386
-944.93774,420.87494,-218.74944,-220.63712,-47.944447,-46.601276,-32.439686,22.436289,3.687708,22.316273,2.7616005,11.183148,8.657093
-838.1107,340.95428,-223.27216,-183.86267,-98.1669,-60.082054,4.190221,7.3480096,27.327456,17.741705,-11.834006,11.896904,14.724035
-987.54486,402.83792,-143.40144,-235.28877,-82.122955,-39.650208,-45.560432,35.58174,27.232826,-4.417576,-2.6160204,32.244633,-6.4925776
-677.21674,257.4415,-157.05063,-111.90645,-136.87622,-80.18649,3.9939494,48.044373,-4.5538387,3.5482857,-14.553958,8.445388,56.179398
-600.8387,212.51399,-140.99176,-102.75932,-150.14673,-87.17067,19.204891,36.076073,-5.5112133,-0.026106834,-11.739693,26.002186,45.40338
-590.6854,215.28857,-120.69093,-100.796585,-143.3989,-88.278275,17.781502,41.774487,-12.615561,2.2077436,3.5153499,30.024464,43.152267
-552.32166,207.38263,-126.77871,-101.23034,-131.5412,-90.740814,-9.017363,41.768867,-12.51384,2.9364104,12.697513,5.30255,48.4336
-534.5004,202.31436,-134.44238,-96.35823,-131.59192,-93.109726,-19.026453,40.17704,-0.29085732,10.429496,12.013928,-2.830185,55.083984
-561.8509,207.81464,-126.71083,-99.03094,-139.39926,-93.82918,-13.9774685,32.721836,3.932146,17.977299,5.61717,-0.27607632,50.383102
-618.1325,250.68289,-122.012024,-103.95114,-144.31903,-84.15895,-4.0450373,22.01078,-0.14871216,22.21233,-4.0205355,1.8895159,40.402424
-702.19385,293.086,-107.23453,-123.432526,-159.06197,-54.623398,-4.053731,8.47976,1.3031235,26.631775,1.041212,-1.2621145,34.262123
-781.9033,333.57697,-94.17175,-131.31915,-160.17679,-42.462242,-9.643272,7.0037117,-3.303196,31.6118,-1.0738288,7.866724,16.362032
-826.746,345.7566,-57.096756,-164.15695,-159.71178,-30.118927,-9.72637,22.970608,-14.092598,17.93415,-3.9744153,17.146187,33.317856
-1025.8943,443.7262,-4.0017223,-225.66331,-158.83353,1.5168705,-24.084625,9.658974,10.144104,-9.380007,1.910373,45.831856,-4.8309045
-1068.9568,450.79736,9.346296,-221.41211,-147.05978,2.3433475,-38.873623,-10.40629,23.148788,-17.310474,13.691434,41.076786,-23.757431
-1120.9487,469.1282,20.013493,-213.79956,-140.26556,-8.292894,-48.708748,-0.17541695,26.390762,-33.367836,24.67456,50.848457,-45.252655
-1125.7993,466.19247,22.670296,-203.19217,-147.72934,-25.703194,-33.521538,4.1021748,8.180063,-19.0991,19.441133,32.872116,-28.662989
-1187.4707,472.99585,50.032654,-209.21243,-136.94647,-9.597339,-60.632786,-11.704036,16.288643,-14.620124,41.623207,31.735909,-46.162647
-1149.49,436.56232,45.16221,-192.56622,-153.77823,-10.960201,-38.644897,-30.54271,1.4685383,-6.0145493,43.749084,32.120136,-38.14041
-1212.9077,449.29224,71.424866,-213.1319,-172.75916,22.23932,-51.776215,-25.674173,9.041609,-20.036503,50.39437,33.49838,-49.108734
-1212.7075,450.80237,55.468567,-211.81651,-178.4186,30.233227,-42.06545,-18.925484,-7.569175,-22.448889,51.264378,27.792734,-38.236187
-1207.0812,454.09937,41.97542,-213.1984,-177.57468,35.10136,-37.910812,-16.336304,-19.806711,-31.018036,67.464355,26.75547,-37.6569
-1190.8048,453.2917,43.892887,-228.76547,-175.43916,51.194733,-48.53152,-6.508152,-25.486073,-52.227737,95.38984,28.350609,-39.615208
-1190.3447,467.3164,41.975327,-253.33325,-158.2017,42.470024,-30.619583,-13.774878,-31.693918,-40.05333,85.33634,33.07074,-44.48078
-1171.7104,464.75043,36.03969,-251.62964,-167.60724,66.69919,-31.254154,-24.438602,-18.694054,-38.935295,65.113976,46.392433,-52.17399
-1130.192,444.0475,11.268401,-231.30939,-162.13051,90.86342,-49.77446,-21.391363,7.3659534,-62.382874,57.537663,72.33197,-57.77501
-1119.5161,443.8982,-40.607407,-215.16919,-132.08894,79.81006,-61.864853,19.796633,6.275646,-72.620285,63.46618,91.60594,-63.339832
-1078.6399,442.64987,-76.13881,-219.2343,-101.596375,51.56094,-68.046646,27.398739,-4.9024143,-79.05795,64.88788,120.61432,-67.45505
-1140.6183,452.12213,-95.99039,-233.67944,-97.14378,36.385883,-58.397945,19.392477,-7.909855,-96.8824,56.319115,122.648575,-56.93578
-1213.1592,419.97986,-114.1704,-269.31445,-110.859314,40.884064,-63.14395,6.6453943,-5.5282726,-98.61696,67.53392,139.3814,-49.42698
-1206.7704,437.9745,-106.51488,-251.22916,-67.21637,36.27541,-31.549236,18.538305,-30.604715,-97.80583,30.021973,114.90393,-45.638893
-1290.0505,412.2919,-70.29937,-260.17212,-47.541832,57.035934,-4.0755215,18.420853,-33.61976,-98.30019,18.686474,110.53916,-39.28157
-1356.899,413.4312,-64.57263,-233.21964,-89.953865,52.856415,-4.113658,2.4659824,-34.52369,-75.87683,21.578817,75.085724,-12.232313
-1475.5686,385.62512,-6.4329376,-230.80756,-115.13262,65.062584,-12.065647,-24.539284,-4.177721,-64.52321,29.284815,86.354355,-20.926647
-1504.8064,368.96863,-10.269864,-212.41821,-105.274574,64.92766,-14.135952,-11.193523,5.5862756,-68.96871,16.091059,81.22791,-18.997484
-1618.5745,378.59924,25.442085,-208.58174,-107.78691,65.35438,11.479235,-19.536982,-20.219425,-57.053665,4.4080014,52.373253,-14.265155
-1565.6997,339.42383,-3.3213706,-204.16653,-141.48611,48.119186,-29.471546,-23.586506,14.475119,-56.320618,10.94684,72.8324,-10.113291
-1670.1531,293.39948,1.8473347,-167.98325,-115.4974,86.984985,-16.345253,-34.38992,21.127226,-52.84089,5.671874,55.664528,-17.561651
-1688.4043,284.0434,-1.0579247,-152.39117,-105.556526,82.596985,-19.132767,-62.05433,0.9951639,-45.322285,19.092165,57.264065,-7.408677
-1555.8594,217.39105,-29.632223,-120.54057,-122.8345,99.403435,-53.88643,-63.352207,1.5397196,-55.569843,6.6579576,57.20422,-10.957958
-1586.6296,300.94403,-40.347706,-139.68826,-50.107193,72.834,-64.52301,-66.09412,-7.6519995,-42.915108,16.415213,49.323524,5.40792
-1621.0771,298.45917,-59.44458,-129.60678,-22.532356,67.817474,-44.834038,-65.39619,-10.170172,-31.468979,8.200233,27.228134,-2.6482143
-1629.0308,313.28186,-52.904396,-115.71132,-7.5578203,61.39421,-78.557495,-73.56997,-2.9094334,-58.40786,7.7994423,25.104914,4.7468643
-1792.7288,291.0805,-14.331575,-87.1109,40.579285,47.01484,-42.54186,-40.92215,-29.757202,-34.874344,-6.377545,6.327177,21.721996
-1688.7197,312.20654,-42.937126,-1.8608284,113.01254,-10.940209,-67.20901,-8.619601,-1.0184202,13.964249,16.61476,-10.586227,22.942505
-1670.7761,347.35428,-21.706373,-16.265333,126.87923,26.872555,-54.691517,-9.925247,-16.912926,-11.74613,-11.946896,-1.9515004,14.860661
-1659.4475,349.75937,29.487509,10.443008,104.56354,30.364096,-59.929512,-17.02022,-5.135538,-35.96144,-48.135246,14.004151,31.85623
-1633.2465,359.6266,70.43325,17.943916,84.66295,60.83735,-73.89054,-34.12127,4.3437834,-56.697266,-43.56394,24.144712,27.37946
-1587.4385,360.9389,65.40685,27.141071,52.604565,65.945946,-55.242912,-36.721188,-5.604158,-73.0269,-29.187376,24.48804,15.245283
-1244.9806,350.9267,-1.919138,-27.743986,-49.571327,61.891903,-57.29844,6.085292,9.9068365,-73.86582,1.9027339,46.33699,-23.704384
-1092.4502,312.67407,-38.15153,-50.070206,-82.55582,45.077305,-71.60202,27.43121,30.612213,-36.68727,27.686539,32.872612,-50.98294
-1064.3121,297.91702,-50.558712,-48.89499,-109.70627,20.145805,-64.52257,20.920603,36.47914,-21.045729,30.910727,20.648142,-65.350136
-1062.0826,296.94287,-23.946545,-65.57096,-119.42557,28.192585,-65.88733,2.7438076,64.15892,-7.184021,12.489578,33.09478,-73.357025
-1103.6396,317.02835,-7.738106,-72.85901,-119.71113,26.494484,-72.73257,3.938774,71.32703,-7.161495,2.7748811,23.972446,-54.902237
-1078.2225,308.7567,5.7209005,-106.30573,-119.99708,30.09841,-71.93652,5.070549,81.35855,-6.0609484,-13.522512,33.13643,-52.786884
-1097.9554,308.65363,1.2656531,-127.40854,-122.93774,47.375477,-62.107292,1.4372253,94.12903,-9.86248,-8.408113,24.635769,-63.91513
-1117.3696,306.25897,9.326618,-147.51807,-126.00557,51.11577,-50.156063,19.130684,90.35709,-6.576994,-9.356163,27.448198,-46.23812
-1088.5271,295.08362,0.1522752,-133.52332,-128.76778,54.18348,-46.87217,16.673155,106.71164,-13.990999,-8.727437,30.68054,-38.295395
-1076.7968,281.39197,-0.05889225,-130.87558,-119.04622,50.023056,-59.013294,5.284542,102.49725,-11.779196,-26.233166,41.61006,-36.596893
-1058.013,283.14832,-4.0379786,-127.249725,-103.309555,47.160065,-55.96656,24.270277,72.52357,-8.838154,-17.02453,33.408257,-35.27362
-1049.8318,273.53497,10.674651,-121.07668,-103.65534,29.480074,-32.14599,19.088755,68.054,-16.906525,-1.0732625,42.852985,-57.933403
-1044.7499,276.94928,25.994629,-135.01129,-101.2861,26.940266,-22.294222,18.922913,55.11773,-10.628588,-1.3044915,45.49614,-47.77758
-1040.5737,268.48865,27.8046,-118.56698,-94.47763,7.285721,-13.161396,21.597633,37.999916,-17.02322,21.960297,26.98095,-49.767113
-1055.7001,254.86295,13.208795,-72.5379,-86.54335,17.122154,-24.314323,-1.0096706,35.37259,-1.7762194,0.69021297,27.630917,-54.096405
-1193.2543,264.45984,27.620178,-36.710045,-30.669777,16.611858,-55.338867,3.9837852,9.616344,-21.613287,3.8951077,13.777403,-21.808338
-1299.0208,283.59802,42.863438,6.68997,-37.143013,2.430354,-50.595913,-2.09827,11.485405,-22.43089,-1.4682398,-7.8814783,-11.062593
-1569.1985,328.19046,95.75508,-6.266741,-22.340641,34.11212,-32.51436,0.29172707,20.238836,-1.979794,-15.264467,-7.6101747,-16.12337
-1671.6002,333.23672,124.23218,45.505028,15.100525,27.852766,-4.877345,-17.034292,-5.0695295,-14.707806,-27.380816,10.387428,-16.970154
-1668.0613,332.46356,128.46526,51.140396,-2.8861427,29.261204,-3.2784874,-16.797516,-25.236252,-36.24961,-23.850044,2.2247467,-9.110527
-1683.7119,327.06683,148.77525,53.083572,-25.633282,19.932642,-19.229904,-33.629093,-10.033,-34.252613,-28.319094,22.29031,13.6735735
-1667.8799,320.4873,153.65668,68.17816,-28.298512,26.372835,-9.228744,-36.710052,-8.976605,-45.872337,-51.092754,13.926176,20.539585
-1675.3973,329.37442,133.69894,59.261295,-11.124529,32.83889,-0.6673584,-40.608185,0.123464584,-39.31659,-54.063328,31.199486,22.697123
-1716.3868,312.27,156.92477,77.46629,-4.100237,28.004576,-1.3693924,-33.849598,-4.8149166,-18.461655,-59.17496,15.76899,23.624891
-1713.3824,341.78986,163.99078,67.504105,9.886433,10.137875,-21.83996,-34.28633,-1.0066566,-8.449851,-52.644604,16.3913,16.193508
-1480.5232,293.5374,35.731865,65.98235,26.876026,54.92791,6.074822,-51.160263,-22.87508,-2.8580532,-33.813107,10.19853,13.368931
-1451.1292,274.65308,-2.075766,87.121185,112.60918,31.219616,-68.607994,-78.65845,11.041229,11.595272,-36.24602,-0.40803194,17.10338
-1450.5508,242.38457,7.0619955,149.81995,88.403404,2.6164534,-94.68822,-49.50618,34.712494,12.348938,-35.70114,-29.456402,-4.2932663
-1414.9163,226.87732,-0.2147497,159.04007,76.008896,-2.2132096,-80.04583,-50.727055,15.406733,8.812732,-20.679138,-35.73389,9.143175
-1431.5145,212.13815,22.771454,158.78839,75.135124,3.7131834,-78.87548,-67.9447,12.637022,20.208027,-27.968437,-38.847107,10.635586
-1471.9575,200.54987,32.616577,179.8854,83.03314,-9.357567,-93.219406,-61.84475,7.078138,15.811977,-19.442196,-41.277462,8.812885
-1462.4486,216.94775,2.9185524,182.00024,74.28101,-18.522842,-97.35136,-17.39048,6.5936937,-5.874275,-8.231289,-52.972755,18.384087
-1459.7616,215.03625,4.5725303,183.59727,65.91038,-21.34302,-80.08414,-31.347897,28.090935,20.619587,-36.618103,-39.382084,24.011002
-1458.9269,215.85733,12.8024845,188.99207,74.38785,-19.912327,-90.41757,-29.443966,27.020481,12.28337,-36.007977,-35.780067,27.771854
-1442.5652,231.35284,1.2431316,177.61644,95.40074,-9.83794,-108.52693,-25.92704,12.438106,7.0486565,-21.40276,-42.975353,28.251297
-1416.8091,241.51123,-10.363688,173.67877,99.85462,-14.182987,-112.24735,-17.411936,2.7933636,3.4657345,-23.61122,-36.099854,24.686493
-1411.2524,239.82764,3.319861,167.49463,94.21625,-12.831238,-107.93113,-31.491392,9.236785,10.719482,-35.652676,-32.15657,20.513802
-1410.9338,242.52829,-7.853461,174.70955,94.01637,-19.799923,-102.08276,-20.073177,0.6460533,0.07926369,-18.604645,-34.240753,15.471275
-1396.4713,230.69241,-0.9743509,173.41931,77.09291,-11.951807,-95.513336,-19.901222,3.3875341,4.1499014,-33.791035,-27.004951,14.746409
-1381.9012,242.25644,-15.099798,180.5003,67.9749,-18.553745,-85.58064,-26.998653,0.11071682,9.146767,-35.8619,-30.29422,13.713002
-1334.5818,240.78954,-21.180508,158.93208,71.177475,5.8742075,-97.54668,-44.31936,11.79638,16.61142,-49.355774,-35.00658,10.578517
-1294.6539,248.30432,-34.960503,124.54347,109.9,6.0819216,-116.44029,-39.888298,4.3194103,23.383274,-34.832195,-52.79253,-11.954723
-1237.0288,227.09595,-39.03314,113.33949,117.85799,7.4567995,-111.965256,-51.950108,-4.6820145,45.538857,-41.63604,-50.133987,-24.138666
-1209.1274,206.71652,-34.050266,106.50729,114.719955,18.143139,-121.22234,-45.23986,-6.4626465,38.44393,-26.602934,-48.61509,-29.412643
-1355.0265,212.52896,35.993343,77.267136,116.81386,24.646328,-101.946434,-25.209475,-9.918011,20.309578,-19.25862,-28.013035,-17.116486
-1630.9414,294.68286,94.152016,110.393555,69.22491,32.135643,-42.4911,-68.20773,20.27893,35.640495,-56.767685,-10.148802,19.777176
-1664.1471,296.03198,110.46684,107.0611,77.100784,25.731102,-49.793095,-54.66082,7.944917,4.1505156,-30.60782,2.2794812,21.733923
-1697.1204,301.60712,106.18564,109.15074,104.85742,35.92067,-72.2583,-49.818455,12.546537,17.175621,-31.161842,8.348321,21.428282
-1678.7454,317.80994,92.43008,97.46439,103.94659,43.002037,-60.44001,-46.786636,3.2982302,1.2561102,-24.784775,12.655634,26.372711
-1681.6656,320.20538,93.58374,106.216576,99.39337,26.128387,-52.67028,-28.485191,7.3722715,-15.794999,-15.703261,11.007579,16.297825
-1673.4684,322.5677,89.45034,100.0985,101.33057,35.059544,-53.59459,-23.80736,-1.0679927,-37.546635,-7.8849144,29.801388,7.657147
-1432.5304,329.9236,17.353718,67.351,46.028797,14.457784,-29.432823,-16.919575,-2.734795,-19.098415,0.6905771,28.119366,-12.515062
-1135.6439,323.30692,-52.72116,49.479824,9.284046,-32.513435,-59.283096,-4.102393,-32.69918,-5.471403,37.669617,43.02767,-19.4178
-1065.3127,335.133,-28.991844,-4.8242836,-32.259586,4.112211,-60.962116,-53.608635,2.583757,-3.445938,26.896276,53.80069,-5.943461
-998.2925,321.36633,-21.198986,-33.35214,-63.38356,15.47668,-36.82112,-60.256798,14.945295,-29.449364,23.71878,72.27097,-29.293371
-1009.174,332.4076,0.93608,-61.41433,-83.99313,18.463457,-39.054935,-44.432606,3.664916,-35.308296,21.92274,73.261925,-25.329327
-1003.4772,330.8132,-1.610178,-74.93455,-103.637314,28.054665,-38.311424,-38.356113,9.2108555,-38.845615,12.286635,81.812195,-24.958654
-1005.1329,327.19354,-0.46830893,-92.355606,-120.01625,30.907507,-31.10097,-31.779964,11.5866165,-34.73091,7.4578166,74.42717,-31.139145
-1006.73846,300.71796,31.780487,-112.4822,-141.3605,34.290115,-26.235506,-13.730801,13.510883,-37.50251,-2.6676607,74.93741,-32.24997
-1025.251,303.3347,42.799183,-148.4642,-136.99692,37.53704,-24.929256,-27.861164,19.214813,-13.630276,-24.804832,62.985317,-11.229194
-1017.834,287.94592,58.75311,-174.77817,-138.67555,28.464764,-13.335355,-28.251514,20.027012,-28.013363,-27.05834,75.76424,-11.919379
-1007.7638,283.11157,39.78202,-170.77354,-140.24274,32.490482,-31.119003,-12.995073,4.5964327,-22.76178,-36.742664,91.41576,-19.861473
-1013.5392,283.2599,41.77976,-180.28587,-141.76836,35.213066,-28.441208,-21.78377,25.207245,-33.285355,-41.961628,97.91051,-13.544266
-992.4104,287.74066,18.591858,-176.00925,-125.16837,21.247465,-29.697704,-8.920169,24.547531,-43.207527,-31.883657,90.7687,-0.18074799
-977.49896,291.34033,4.2256317,-180.4386,-106.15946,22.062605,-53.557693,3.0337386,26.652275,-33.071297,-46.543137,96.21053,2.7946339
-971.93274,293.47205,-13.295883,-156.81665,-92.842224,9.51324,-61.97014,8.059987,27.44903,-41.870674,-38.13543,90.19253,10.388884
-952.74615,287.1322,-21.32126,-138.8913,-76.31958,9.002598,-66.53892,-15.794747,47.631138,-53.828835,-24.355673,86.657555,2.6042747
-970.545,306.19183,-51.578186,-123.356445,-43.900192,15.110879,-94.53964,0.34966326,36.938206,-60.86487,-7.892605,86.06511,-9.670391
-1019.20374,306.9758,-53.620636,-81.42586,-31.41541,10.886513,-80.27764,-15.336443,2.8396125,-35.9933,3.9341042,79.95885,-14.647612
-1075.1918,308.5542,-68.34878,-35.004143,7.7987947,2.3498697,-98.0894,-32.14465,10.512394,-19.74503,-4.026522,66.28653,-9.986799
-1284.3695,373.5023,-53.185898,-8.042115,69.88817,-31.445343,-100.47658,9.367794,-8.509086,-33.206688,-26.672878,29.644836,3.725114
-1328.6057,382.2542,-71.96902,32.50906,109.905685,-44.57866,-112.649895,11.2556925,-8.400034,-48.55472,-38.35223,6.974468,29.06111
-1350.9387,366.58957,-66.38664,77.19798,133.69797,-26.325754,-100.32447,11.926789,-14.345121,-71.12658,-62.23971,-23.13369,21.724684
-1350.6932,376.95215,-35.24579,87.315216,144.49414,5.580465,-88.628815,-16.07309,-32.193207,-90.40488,-83.86572,-12.42564,39.94822
-1325.2676,383.7636,-45.158016,117.72908,149.6654,4.2049246,-81.53475,-42.522736,-18.369501,-78.85156,-111.703384,1.7054558,42.99424
-1311.4708,372.8662,-41.640614,126.64893,152.08339,1.5812916,-80.42557,-44.378674,-27.799116,-72.74712,-120.938866,9.810354,33.988724
-1339.2013,398.069,-30.700981,107.77347,145.13947,3.0212789,-105.90931,-48.10561,-29.85719,-75.943214,-104.311325,3.0790253,34.507755
-1314.8789,372.35577,-27.384579,112.57012,124.43865,22.52924,-99.687546,-52.81375,-28.048374,-83.83464,-101.36067,-2.2148285,41.095318
-1314.502,352.92474,-23.119854,133.54782,106.99337,19.351757,-74.38218,-75.68939,-35.247482,-59.431633,-98.43347,5.6155415,52.87567
-1367.6935,361.44452,-10.248758,105.55205,111.17038,42.696976,-76.78203,-69.37471,-41.567604,-59.856686,-88.08631,1.7744102,57.31199
-1399.3,366.1137,2.1589937,84.16716,121.895424,48.991203,-88.874664,-72.80829,-22.61181,-69.977936,-82.441734,5.8349724,53.125053
-1430.1057,363.63123,26.395164,75.42917,108.77981,61.720993,-95.304,-59.721935,-23.56052,-61.400017,-87.98722,6.430029,65.666016
-1443.454,362.9303,32.276268,62.368828,116.04539,83.08028,-99.38598,-78.98392,-5.8886566,-67.407616,-97.95969,10.698509,77.25113
-1471.2236,364.6996,31.462715,78.07609,106.190704,76.60356,-94.83312,-69.66214,-20.078165,-73.44115,-77.56413,4.990261,71.39774
-1473.8499,347.23752,32.37952,84.1884,111.24825,60.82702,-89.737915,-57.472527,-42.608086,-62.856453,-67.2651,-1.2236805,56.200157
-1496.1263,347.28796,29.975422,87.184616,106.85278,60.759243,-91.32449,-66.96546,-21.13033,-68.0486,-73.56267,4.499584,52.144085
-1516.2817,352.67084,22.192266,69.3141,127.16404,54.30649,-106.55406,-57.766235,-13.108898,-55.278828,-80.97212,-5.4678,65.95203
-1531.272,349.73663,6.354827,64.08158,139.55392,30.384125,-101.46483,-53.29457,-9.395412,-53.548897,-73.112686,-3.6015854,56.887486
-1486.2635,325.43787,-53.413612,69.19574,142.64844,39.26964,-105.698105,-42.158134,3.2747898,-49.608215,-60.961082,-3.2237186,56.22731
-1568.9924,321.1828,-51.095222,35.481056,157.29529,66.53476,-83.275986,-34.38065,0.34698296,-71.41605,-62.74511,1.1829071,58.64041
-1688.618,312.0457,24.332155,40.48223,82.58409,14.698944,-69.344086,-0.4647293,29.00629,-17.127752,-46.18648,-26.633348,25.275688
-1741.2417,325.90344,62.780907,44.403183,80.66431,9.904343,-37.245766,42.41996,61.939194,-6.652708,-52.389477,-27.373915,2.2981167
-1743.1401,337.50275,76.60698,49.418587,75.57358,7.103257,-34.03519,28.018543,65.190735,4.971941,-45.717945,-19.885021,-0.3047638
-1584.9911,343.83615,70.25602,58.106678,37.88065,15.737371,-23.595472,2.2577276,33.82968,-6.3032484,-43.81042,-8.737806,2.1031628
-1523.4298,370.31848,136.61365,62.009377,-1.7622747,-22.528473,-82.17209,-36.36753,9.613155,-6.5077906,-42.846066,9.052736,8.460897
-1544.2941,374.56348,189.28201,61.792088,13.373826,-54.470673,-130.13924,-37.990143,44.812965,-7.127432,-60.904537,8.758846,29.25341
-1540.9832,398.49396,189.04947,65.43546,31.64928,-55.824398,-145.392,-43.524826,50.730293,-8.675966,-54.20877,21.696423,31.73467
-1541.5176,425.18414,198.98386,78.56058,17.937706,-62.1174,-141.6759,-38.636627,36.93534,-4.979093,-60.106525,18.296167,38.563156
-1517.0183,427.40848,214.73138,69.28235,19.84992,-70.61539,-138.74059,-34.404564,19.865292,-4.3619366,-46.722046,13.618433,31.336296
-1503.0223,437.2636,221.87727,61.651302,-3.7466588,-52.785583,-138.11871,-36.38355,41.38748,-12.314693,-53.15911,29.969738,19.318985
-1496.1663,452.43457,218.69144,51.806385,-10.979436,-51.790176,-118.0379,-43.170822,42.319626,-20.72031,-36.033012,29.51131,6.533888
-1462.801,469.65234,207.76729,22.708149,-26.8775,-40.86015,-114.736305,-38.957813,46.136932,-9.042696,-31.995026,26.110708,17.790771
-1414.3367,472.7987,197.77612,4.6193542,-37.631027,-47.96049,-112.36545,-17.290243,32.362732,4.2993927,-27.652346,30.39986,17.03837
-1427.3625,488.33795,221.5369,-15.564964,-62.70836,-51.388348,-102.28479,-7.6487823,26.35425,7.22665,-23.836693,23.605587,19.661764
-1391.8667,485.14093,211.8143,-27.626026,-77.95502,-42.945984,-105.70511,2.9666498,20.66864,7.2033987,-18.294796,9.615323,4.788082
-1331.3401,481.39374,196.72351,-53.714024,-67.636795,-48.445564,-107.38392,29.472782,19.106464,13.517786,-18.896524,-5.2847805,-9.189011
-1225.227,470.76617,153.50858,-86.54452,-68.89122,-43.829956,-90.42862,36.582977,23.735596,28.017334,-17.819386,-20.836853,-45.17128
-1122.4685,447.33716,123.55963,-112.9507,-74.786705,-27.348711,-84.81224,43.729263,21.986032,41.859802,-25.325611,-28.208536,-52.044075
-1091.9272,430.3542,106.376564,-126.181946,-71.28606,-15.648037,-62.16512,23.62887,17.440033,14.08119,-13.29334,-17.930136,-32.758804
-983.48224,423.77515,46.411865,-140.12775,-95.46382,-18.199724,-29.488518,36.15885,5.657925,28.967598,-30.993505,-36.42502,-13.782637
-738.7637,323.2016,-45.07797,-65.4744,-115.67883,-78.786835,14.746687,62.89681,16.05711,-6.2150154,-28.111893,-46.64888,14.902893
-792.1665,353.9648,-47.545815,-105.85323,-115.823845,-35.34684,12.494675,42.402634,-4.338578,-6.784376,10.846266,-32.400757,-5.244094
-1001.60516,441.8391,-0.6775596,-178.05545,-132.71527,45.02285,-7.7682924,13.666459,6.4312153,-30.863726,47.23863,9.464617,-50.798546
-1056.2352,453.71182,-12.419038,-194.04749,-128.21649,65.72039,-13.647915,18.806898,17.3182,-49.07247,48.78699,24.768837,-42.3152
-1069.003,472.35342,-46.957123,-208.35025,-131.78604,64.42764,7.237146,23.578154,3.2437468,-60.911057,48.623085,39.048965,-32.888294
-1062.1697,472.34845,-57.05281,-213.51685,-170.3543,77.585175,-6.486023,23.668549,-14.732189,-85.54695,60.76947,48.37213,-23.647385
-1140.2378,455.80267,-67.74816,-246.0931,-177.67987,76.05284,-5.7939034,34.348175,-19.917572,-90.91291,35.52372,75.892006,-24.568344
-1221.702,423.95532,-71.1745,-257.86218,-183.59311,76.26337,-2.2514815,27.640911,-16.135632,-101.71609,30.66777,100.94956,-16.971859
-1195.5664,403.23206,-30.359638,-230.37497,-173.60559,92.67729,20.427332,53.313286,-35.84646,-97.44912,0.97525984,95.97898,-19.110819
-1287.4487,374.12497,-41.485916,-243.25027,-160.75714,68.35039,6.3056383,66.87862,-27.93024,-93.82224,-2.7860887,101.282616,-9.270088
-1434.0945,403.32697,-17.115576,-236.36575,-130.6673,39.38823,28.6696,37.19992,-40.012527,-85.48286,-6.142074,89.021034,-8.047647
-1487.8992,415.61652,32.3664,-244.06763,-133.91138,57.940987,35.17116,43.597015,-29.85509,-90.80792,-23.075401,89.08879,-14.883795
-1465.995,429.57516,-2.8724654,-226.19742,-128.76468,24.105518,22.973263,44.265472,-15.2785425,-107.13821,-19.970533,102.66428,-5.330085
-1505.2705,393.1142,6.1820016,-214.10867,-129.81262,45.52063,38.492607,39.089325,-3.467804,-107.81116,-19.564686,93.17973,-27.670135
-1547.8196,388.20752,23.848911,-194.59299,-144.44836,45.73732,20.540344,13.855162,-0.77277184,-108.69893,-10.646944,97.9951,-35.283287
-1570.6809,368.80923,19.25248,-188.8727,-139.12631,43.16744,25.116966,5.77722,-12.98571,-88.2489,-11.811446,96.24713,-23.946491
-1597.5859,334.0094,-1.4703045,-182.13058,-116.05708,45.448555,23.405334,-20.838085,-33.890594,-54.50186,7.6586566,87.29828,-6.6251106
-1655.4696,312.4529,-16.96142,-180.9664,-91.70657,64.53758,24.594233,-12.444074,-16.771608,-55.474144,20.528,76.85862,-24.650908
-1603.2361,282.9904,3.5166957,-139.09273,-97.01351,68.35967,2.9148674,-36.35387,-34.125942,-50.1469,22.076996,58.59135,-24.282108
-1646.1548,251.63538,-1.5499678,-105.46246,-69.95587,79.99123,12.7143345,-25.615225,-25.386063,-48.327545,20.644299,38.178596,-27.233978
-1716.0427,217.76038,-39.421173,-63.170242,-22.310432,55.179585,-42.890396,-37.678066,-12.799221,-16.673817,23.985096,19.09962,-10.647274
-1612.3215,310.81516,11.508011,6.8832197,44.933475,82.01757,-28.327223,-66.36664,-38.0581,-24.814781,-0.026348187,12.229201,-7.5573006
-1724.7593,349.953,104.349075,33.160378,61.74271,26.22917,-68.913376,-37.029346,0.1634562,-13.921856,-27.557613,-15.77388,4.8847675
-1663.3064,340.077,113.59899,43.745213,60.79022,46.562622,-67.522415,-38.617622,0.29823875,-3.5382376,-21.229925,-20.755173,-10.539953
-1658.601,357.3653,155.62625,42.196594,37.4165,59.606182,-77.743996,-47.414562,2.8964128,5.5447006,-30.05183,-34.684395,2.968814
-1450.1554,336.50195,41.878075,64.08209,113.41163,22.880566,-114.987015,-33.583958,12.183605,-13.230679,-32.247303,-27.727993,-6.4648623
-1386.4741,286.64334,42.13705,98.63232,102.47664,33.807983,-177.12698,-49.53237,12.430724,-5.0117207,-24.67656,-59.570114,0.46219444
-1436.229,262.6369,96.10806,100.06582,94.25853,10.783293,-180.70154,-16.532997,-21.684109,-16.966026,-7.304142,-58.557762,5.491374
-1444.0494,261.88538,81.63565,128.13614,74.65442,-18.303446,-119.70732,-4.576763,-4.759512,-36.124336,-49.154873,-41.9121,13.02253
-1462.8792,234.1058,57.819717,124.453674,72.96046,12.471024,-123.60603,1.38834,15.341145,-11.066265,-51.696976,-49.13194,13.404541
-1442.9377,234.30981,51.986694,121.6419,69.87858,-3.5238686,-126.65155,-15.806328,16.260471,-2.881796,-53.505974,-46.120087,9.535297
-1416.6514,256.86554,40.806843,136.16263,75.78238,-1.9376116,-158.76965,-31.378777,23.844837,-14.070385,-42.286648,-58.65276,0.92819214
-1402.6555,264.36432,23.358139,117.54825,81.9854,-1.6029524,-129.94124,-24.827305,14.766036,-12.425902,-49.596188,-34.271683,-14.419745
-1393.1073,272.75305,29.784754,127.27492,76.109314,-6.168511,-154.5169,-22.07298,18.692078,-14.420927,-49.37776,-46.1092,-10.417828
-1384.3889,275.29736,20.674543,118.28066,80.15623,-4.311479,-163.93991,-25.612967,22.6282,-15.8012085,-46.15899,-47.30824,-22.79731
-1349.5045,272.82916,22.070791,117.84473,72.92436,12.595281,-173.92953,-39.940536,21.789263,-7.6749344,-41.28191,-65.11149,-13.807787
-1339.999,269.7199,17.377403,105.07041,66.00365,23.548111,-173.55911,-42.554626,18.445093,-3.2555466,-41.94521,-66.42536,-5.617391
-1364.3417,264.85776,43.61134,88.8293,77.22032,25.179945,-173.37415,-46.165054,4.157161,-2.0937996,-48.56901,-62.56477,1.7939361
-1441.6357,279.83234,79.876526,81.691086,79.87579,2.5785635,-162.46414,-14.96521,-13.790005,-17.596424,-48.602142,-63.974483,21.147076
-1475.9478,291.08032,78.30051,60.50171,58.338943,18.693224,-128.38094,-24.978312,-17.019665,-10.502695,-24.066341,-59.769974,-0.3119297
-1534.6045,324.91913,90.82952,17.162437,25.23054,37.391354,-84.933945,-24.817268,-24.383978,5.0723476,-18.558163,-55.129303,0.62532234
-1675.5607,352.2644,152.29915,43.138313,-8.77064,15.685104,-46.479015,-39.512856,-0.7408824,-11.442757,-47.314137,-31.541698,11.389538
-1702.1824,360.1026,166.69978,47.213196,5.0100584,15.901546,-49.156013,-45.995052,9.450237,-9.000788,-54.99436,-22.244904,5.0491266
-1698.8949,351.0114,151.44872,30.896912,16.903976,7.889016,-53.16905,-26.220383,15.226919,-19.682331,-55.327297,-15.166771,-6.411716
-1711.2668,358.00558,146.62064,37.242104,25.250362,11.311448,-53.767002,-16.673664,0.20181465,-29.343624,-56.80876,-22.002636,15.058371
-1728.5918,328.90784,111.354355,50.26712,56.766945,19.066637,-28.992418,4.3811703,17.824951,-34.89725,-47.136234,-3.8717575,-0.5868788
-1690.9099,358.92865,124.5488,58.42595,34.223186,4.6930656,-27.362595,-2.704008,9.840336,-31.79489,-39.42625,-6.167036,-8.952162
-1676.463,352.1931,116.20684,49.10084,41.26654,12.947581,-11.735482,16.705494,12.471144,-29.199177,-48.36242,-20.166698,-8.969728
-1614.1855,353.61627,82.78632,37.061512,54.39366,17.5183,-19.616026,-0.4684162,25.219244,-29.038189,-61.418648,-22.777515,-22.576635
-1419.7307,383.9943,56.847157,8.647235,-33.028423,-17.607386,-17.260118,11.327399,23.70231,-12.996879,-48.61283,-15.96024,-0.5346756
-1254.1782,396.472,42.96805,-48.945824,-112.52536,-39.939274,-10.792597,-0.8305168,17.080624,-15.42347,-45.91366,11.903805,14.090977
-1152.9036,351.60275,1.1978889,-60.076874,-118.246506,-39.657654,6.341775,-6.441181,8.066305,-2.4317446,-30.913155,32.00803,15.403992
-1083.6514,343.0123,-7.622425,-77.062454,-88.221275,-34.667206,26.915276,1.7430053,18.469257,2.6743383,-18.602077,31.949406,17.555336
-1053.1664,358.85645,-14.943324,-91.85048,-75.66559,-16.765629,6.0154934,6.9990063,27.203396,4.268736,-30.796488,37.80626,-5.040226
-1031.0188,346.27313,-57.051537,-109.89226,-79.73773,-19.646606,10.400335,1.2179737,33.880585,4.684986,-26.381626,38.69524,0.69083214
-1027.1259,332.63916,-83.77967,-116.33013,-85.13309,-34.57791,-2.8890815,11.925793,22.323538,-2.6086655,-26.28311,48.67803,6.6953793
-1008.6775,345.3925,-73.228745,-116.78314,-72.45195,-23.116693,-2.5182528,20.15863,20.772383,-3.0554256,-19.900368,43.867607,15.064077
-990.912,343.98248,-64.36971,-115.49422,-66.60269,-9.481009,-7.0202923,18.973457,40.446114,-12.247271,-19.617687,54.836098,8.241854
-1000.58136,333.9067,-52.864956,-113.99051,-85.37317,-1.6430912,-5.5467424,6.95103,46.274246,-7.4004555,-27.854877,66.69438,-0.37490845
-1037.5327,342.64954,-18.000137,-155.27542,-81.91442,-2.1411114,-2.806449,5.462841,34.446785,4.4193726,-17.67974,36.865532,29.955284
-1046.2761,337.27264,-5.2212934,-141.46294,-100.07668,7.34873,17.372509,-12.628504,53.0632,-8.447105,-13.802934,51.21923,14.466812
-1058.4031,331.22632,8.245052,-150.55539,-90.36977,3.9302273,11.758873,-3.8889346,40.294983,8.920026,-13.626485,37.032055,21.898123
-1051.7799,326.4999,-9.895877,-156.49994,-94.497856,22.710903,-13.174991,-0.28720617,47.659264,1.4938946,-5.6784983,31.624796,16.496164
-1045.773,338.51157,-39.30199,-175.46439,-69.402,51.832317,-41.978443,-13.199475,73.54741,-8.753214,1.5349824,29.272497,2.2997932
-1037.8367,358.17566,-79.156815,-166.09213,-50.923103,60.560028,-36.990646,-24.770008,82.421234,-12.022549,-7.079636,38.008358,-8.393368
-1030.9697,330.759,-94.47165,-142.81386,-71.59989,93.7677,-34.278454,-27.368877,82.320526,-14.423126,-8.077059,36.08879,-10.938641
-1172.3499,346.18195,-105.724976,-139.0935,-47.34581,96.57536,-20.478977,-25.249786,86.065216,-24.75235,-2.6955867,31.450912,-15.567326
-1379.4062,373.4154,-84.89085,-145.68,-43.458458,73.08592,-16.09116,-25.192266,51.74866,-12.228016,-3.0384347,21.627773,-9.815514
-1576.1023,337.1609,-39.63636,-126.554955,-43.111656,68.84671,-0.38362074,-11.304001,44.766655,8.179442,2.296467,5.4681044,-17.845007
-1733.4067,311.95288,11.529019,-131.5647,-75.8074,37.10816,-19.944431,-25.352623,32.082985,-4.5642204,-4.299932,28.520977,-4.7267933
-1819.632,332.65247,20.657104,-128.46667,-32.242104,38.61193,18.080576,-9.026613,14.880325,-13.773338,-13.920583,51.33049,6.769176
-1711.807,367.7372,42.69603,-200.41617,-115.88058,35.902473,49.035305,-4.3038316,5.3343406,-33.468212,-7.6562514,82.25275,4.021814
-1518.7913,420.052,-8.351798,-245.83809,-132.65018,52.87744,47.58683,-26.73285,-21.496922,-66.8311,0.24499811,94.507645,2.2102976
-1267.2991,423.9843,-97.7822,-205.78854,-106.95944,88.57222,40.338264,-43.958496,-37.54404,-92.50528,14.714673,108.26413,-15.855466
-1150.4408,422.59882,-107.70462,-179.39775,-39.284893,98.151505,-12.517313,-53.759613,-58.519638,-111.35805,16.932108,125.08098,-47.90718
-1116.6526,434.41974,-126.75902,-163.78809,-16.480715,75.646194,-36.99876,-61.49409,-83.73197,-72.52635,28.188484,69.94832,-36.95613
-1194.0247,423.94415,-84.0742,-136.9516,20.289034,112.0509,-63.495632,-74.636246,-91.43211,-37.30443,2.4930913,10.975801,-33.906292
-1217.3995,398.7268,-26.6023,-98.60621,52.918213,108.0125,-87.027054,-92.455826,-109.79379,0.072264194,2.012487,-15.761133,-11.095715
-1258.988,383.575,23.411377,-46.442142,67.21332,89.50515,-94.771416,-92.39575,-107.524216,28.280369,-13.766857,-24.585396,15.771324
-1294.9265,361.6103,9.149779,-7.9848433,84.365585,97.318115,-54.541183,-69.437454,-98.60063,34.426193,-25.75657,-24.70465,9.595089
-1280.405,368.40778,19.588064,40.591953,86.44287,72.542206,-61.638256,-99.36055,-53.624794,42.02055,-51.940884,-30.063839,0.6471195
-1276.1322,356.12122,22.94385,82.18473,98.73448,58.254345,-70.624535,-95.16048,-49.511696,33.34854,-41.381657,-57.037025,14.2880745
-1248.2312,307.6129,42.232834,123.941925,79.876884,52.509995,-69.262634,-63.483616,-51.935356,27.20742,-37.66741,-58.4879,29.740044
-1242.8739,314.01135,37.28061,144.46454,65.82638,51.64012,-74.28679,-55.18366,-42.700596,19.683609,-41.764744,-47.66008,36.501415
-1284.8308,308.0092,72.23877,140.23103,73.30459,37.106922,-99.63562,-18.180769,-56.65184,-10.270235,-25.071184,-49.964706,42.79254
-1293.6108,302.21292,69.97869,130.85213,65.55631,33.59107,-99.19393,9.341338,-46.789795,-20.769897,-27.673182,-60.579872,45.224533
-1321.426,289.98645,68.50009,138.2728,59.213013,29.46269,-89.039215,9.814239,-47.77575,-28.64409,-19.81286,-64.41989,42.8976
-1373.1444,289.43176,81.2672,129.77155,70.03952,15.061893,-99.81605,35.972523,-54.183693,-33.006397,-9.322876,-75.596725,49.07863
-1399.7285,293.41202,98.54639,114.46518,66.838,21.119095,-107.90106,33.92744,-42.695595,-41.210976,-10.117753,-76.190056,45.444847
-1414.0334,290.4203,113.92407,101.5925,61.540607,41.478943,-103.16123,31.02655,-32.575123,-55.600853,-8.518753,-56.717438,36.2393
-1424.6921,285.0537,114.183395,121.50047,69.5311,64.913345,-116.30629,5.8000374,-16.708872,-44.38794,-8.756711,-69.43909,29.62956
-1427.7258,306.7932,92.462,107.34799,81.94928,84.84173,-109.87903,1.7894993,-7.3275557,-28.155643,-16.910515,-75.05417,14.720353
-1425.8491,302.19522,103.254486,118.25236,97.62382,56.798744,-115.802986,19.623137,-6.871944,-14.450848,-14.54528,-62.8094,-0.42613935
-1448.9806,299.64075,131.59198,141.21518,83.64725,46.61122,-116.52168,29.602356,-10.755499,-22.001602,-17.133652,-38.8684,12.69039
-1454.0454,306.32745,118.02053,147.42589,88.187294,15.722943,-108.63448,46.294342,3.819446,-31.476631,-34.211693,-41.515312,7.7285695
-1441.1138,295.0393,67.011665,144.55653,77.31758,10.044689,-105.49322,10.687567,-2.331246,-16.171427,-32.322643,-39.05507,3.8494248
-1464.5653,272.0456,46.04019,118.0613,64.36056,-16.574528,-130.22455,22.992306,-6.480768,-44.99692,-21.142447,-40.71593,17.532488
-1475.0642,266.64105,61.50431,128.32233,69.8941,11.168816,-104.710754,61.39469,4.0373087,-57.71315,-24.005602,-50.116577,6.401374
-1528.6875,235.50436,39.402824,112.39128,52.68467,-14.596514,-123.210365,73.69793,25.373745,-48.32744,-13.206859,-39.097008,2.649189
-1512.6536,249.2554,53.662968,118.40897,61.25808,-4.001073,-146.36955,60.982742,22.626568,-66.178566,-25.556498,-41.850365,2.0645638
-1497.583,260.29022,44.629707,108.81232,60.958473,-6.7755575,-134.84814,53.248283,28.901995,-61.610687,-31.200272,-35.575104,0.4414692
-1538.2981,240.62088,39.19276,102.06435,60.348236,-4.2355394,-136.02756,68.35395,42.060753,-59.1229,-38.131775,-33.552624,13.747118
-1504.958,231.77948,48.30133,103.69976,69.987526,17.799633,-149.20274,82.119965,35.527584,-56.79856,-39.101017,-43.612732,15.90801
-1523.5314,253.78851,35.007652,103.17155,74.35257,0.88999414,-140.25116,55.26145,36.117874,-52.6214,-48.372616,-29.56678,15.210054
-1535.3613,257.14392,41.724678,99.015564,90.575485,-4.908141,-147.38745,68.992165,32.362606,-55.384636,-45.977295,-33.398865,9.880717
-1552.2728,252.03236,52.35899,90.34888,97.33038,5.6953983,-154.07764,75.27186,20.776276,-48.6558,-29.955875,-50.590614,4.9479976
-1561.594,259.18582,60.83417,93.95819,91.68988,2.889081,-151.1625,55.02533,22.365543,-26.620337,-43.96121,-60.53141,11.538967
-1524.6423,256.3432,46.905785,77.331696,93.87523,21.760048,-149.74783,33.47355,10.427626,-25.786385,-32.195885,-65.43224,18.546774
-1499.3097,249.54141,36.12915,96.0567,77.77895,35.61512,-134.91298,2.3573723,11.592567,2.7940655,-60.167797,-64.11163,30.207527
-1473.7063,240.39503,5.107548,92.12384,86.95938,19.503414,-129.23161,3.5189476,12.27426,-1.8051891,-47.50084,-63.045044,4.3816514
-1445.2462,208.78882,-50.726494,76.85054,97.6021,-17.764935,-124.48583,43.72477,-5.9749756,-17.216232,-22.2624,-54.920486,1.5662754
-1502.3859,194.90054,-73.49028,62.23668,109.56139,-24.760637,-131.17497,4.501402,-8.950201,-5.415428,11.158145,-46.354176,2.216275
-1006.5569,275.188,-123.22308,-117.08376,-137.75269,-14.84544,7.955783,37.207542,19.800413,5.6862764,-11.640895,4.724695,-19.574903
-843.66565,273.8463,-132.11115,-142.23642,-187.8923,-11.570772,54.267296,16.221008,31.849827,22.962408,-3.5275064,27.455408,-34.505184
-658.0879,212.18054,-121.548965,-116.573494,-180.75621,-53.00335,31.691912,44.75836,35.355892,20.295147,8.764127,13.707333,-6.425041
-936.99744,330.66193,-31.788143,-162.40378,-246.3828,4.1937237,40.329346,-8.10998,56.530922,10.496641,-14.956681,69.79909,-63.14025
-1002.02814,375.58667,-37.330917,-180.54736,-230.61923,-7.138062,51.52855,-19.528671,48.61579,-2.477499,2.9967597,59.446625,-53.802673
-1085.8484,421.49615,-45.671112,-168.65176,-230.1706,-3.1519873,44.512154,-20.420162,37.60177,-3.1660004,-5.9309077,73.76509,-66.06536
-1093.8718,423.8381,-44.583923,-183.3143,-228.81909,30.277441,51.96677,-33.544804,29.848677,-4.9716988,-0.57957107,63.68812,-70.07535
-1134.706,438.7066,-12.422011,-219.27875,-219.5935,23.421776,53.27775,-20.932566,10.270073,24.523418,-17.613817,71.32883,-90.57388
-1094.0803,430.96478,2.1038418,-235.57935,-205.93729,28.967457,46.93055,-5.6325836,-12.482792,22.253483,-28.28043,95.08247,-98.99069
-1017.5024,394.39722,10.754677,-230.91258,-208.7022,30.47378,43.042206,-9.178246,-23.115095,17.185457,-14.435451,67.905,-62.55046
-1056.9641,418.07816,10.550752,-239.9114,-209.74817,41.310852,42.868584,-12.359165,-34.81437,11.550522,-32.605873,89.64428,-71.626945
-1036.7365,428.92627,-27.635418,-228.89397,-208.69562,41.67539,38.846676,-15.272719,-35.590195,1.6594658,-16.469444,76.5585,-63.545418
-1001.6138,420.1739,-37.27084,-203.32632,-219.13406,40.59568,57.722298,-43.495197,-17.112518,-7.792343,-12.409486,90.895325,-70.383995
-975.871,414.26447,-56.13866,-180.7665,-216.96007,44.011845,46.480377,-48.596676,-7.243191,-10.812222,1.0824727,76.26619,-58.81882
-982.0758,412.69183,-73.590645,-166.46494,-206.5349,46.296757,42.378143,-56.45642,0.2895279,-15.7911,2.129024,90.63299,-64.059296
-960.1403,404.59967,-98.70343,-149.19226,-185.44278,40.788795,39.115345,-54.30855,7.9670067,-30.264494,5.4533086,88.91995,-41.77592
-941.7389,408.2335,-122.564285,-157.15295,-166.91568,64.81927,11.160683,-48.315895,7.6135693,-34.54489,8.906512,89.729675,-33.72168
-909.25977,400.0251,-148.26064,-143.4742,-159.18152,91.91283,-21.373005,-48.674633,7.6883626,-23.884695,-4.5038633,87.65402,-19.928146
-877.561,378.63354,-151.2463,-135.12897,-142.18365,88.54257,-42.27624,-41.818478,7.4983077,-15.03833,-13.18409,81.864876,-14.993753
-872.1197,356.45892,-160.88644,-125.25041,-115.29935,80.24105,-75.83038,-26.837616,1.5146964,-2.696579,-13.256641,69.59659,-2.718908
-916.1645,343.6856,-144.02869,-126.187965,-80.66969,71.25427,-93.87842,-33.08116,-0.38451362,3.1514034,-5.576661,59.31894,5.7378387
-970.9779,337.96326,-120.10562,-128.86514,-65.25977,78.95218,-90.52428,-70.62052,8.446457,1.151535,-10.41002,81.46673,4.111866
-1030.4937,339.4159,-99.986786,-118.34292,-44.227657,63.861267,-86.04271,-67.337616,-6.197242,0.011512756,-8.683589,72.431656,14.945245
-1087.2515,335.12756,-101.23459,-56.73838,-45.713203,54.051,-78.87329,-104.19533,22.928474,7.6878624,-14.6682625,64.20206,4.7688913
-1175.051,357.393,-91.72539,-46.341187,-31.200588,52.529293,-77.55458,-83.31669,23.344917,-4.4681454,-8.6780205,60.057137,-2.179206
-1415.0748,416.0296,-36.727566,-42.905067,41.57063,27.099976,-60.56877,-47.425575,17.045717,-17.081364,-3.5912452,27.244144,-14.355419
-1521.1046,397.58337,-17.74039,-28.065498,67.201645,25.186108,-70.198494,-46.806583,-6.436947,-23.207245,-13.936135,26.6361,9.89835
-1599.3318,374.2838,17.122297,-24.156544,55.383137,13.160486,-65.15666,-41.534683,-16.676306,-21.468735,-15.779769,12.375951,10.426764
-1632.7502,375.94012,54.93521,-5.3992805,58.027008,30.015465,-50.047623,-17.824749,-14.672047,-24.398077,-13.584248,-7.321371,3.0421805
-1643.0083,362.20215,61.981323,33.620434,66.84917,26.499352,-25.736052,-26.63925,-24.882366,-32.077362,-8.655175,2.9172678,-15.637055
-1636.0879,372.61395,68.015274,36.003075,54.26888,10.418848,-33.240005,-35.32758,-45.92171,-43.60968,-1.2950938,9.563433,-15.724032
-1630.0009,377.98367,83.892944,58.544674,46.59852,-16.796642,-32.743145,-22.051126,-44.04975,-52.437263,-5.4823995,5.459608,-5.831579
-1617.9365,385.49512,91.85716,63.493546,47.45127,-15.834648,-29.81624,-32.092266,-59.14604,-50.01011,7.556569,11.672211,-9.58
-1619.2302,382.88574,109.56387,70.84021,22.223177,-20.976269,-29.117086,-40.53254,-52.80358,-58.439728,1.5017056,9.277924,-19.729368
-1641.2034,391.4581,134.0249,67.02766,35.5879,-25.757793,-45.56271,-41.365627,-54.158882,-41.07508,-6.7600145,1.2383957,-6.2982483
-1624.4795,398.74677,125.41672,88.40799,47.2891,-44.999336,-60.78746,-28.743774,-33.715607,-46.9062,-5.901816,-1.8790321,-13.579302
-1632.9147,400.3313,136.35599,57.5802,45.920288,-24.821419,-64.145645,-35.316807,-31.850542,-49.103653,-16.874575,11.067404,-3.2186642
-1643.3984,391.70926,123.23004,70.60157,51.73214,-28.689404,-57.286407,-29.065697,-45.37892,-51.044518,-10.5228815,20.420395,-9.49629
-1630.0071,382.95013,96.7769,47.83614,55.228237,-11.931697,-58.104015,-36.63765,-44.323853,-50.970955,-8.613882,15.357138,-4.565241
-1575.9602,340.75067,15.318157,48.352486,76.897354,-11.535061,-78.090706,-44.420506,-26.140205,-41.15661,-31.349518,5.2214394,17.712425
-1656.8213,316.25592,26.984743,46.538765,91.62573,5.578748,-51.605453,-31.890589,-43.069336,-52.4478,-35.757984,5.751711,21.424553
-1596.3701,323.58978,-31.247562,-53.213066,15.763907,5.0432596,-13.276856,-14.531921,-29.219646,-32.791687,-20.265768,6.7981815,4.5403967
-1199.8358,365.67258,-117.09646,-236.39177,-70.639915,33.057056,-1.6802216,37.198246,9.07872,-28.684032,-1.3373802,67.34761,-70.98208
-760.8987,240.01486,-182.47939,-135.30798,-100.53113,-28.043068,57.724472,47.10954,-20.641066,12.063019,-4.139576,31.458797,-13.657522
-738.4502,264.45422,-179.70795,-125.69993,-130.39716,-32.696007,49.794853,51.466457,-25.46915,17.408726,-17.049383,47.14683,-32.455074
-953.4891,388.43698,-113.97623,-236.21104,-123.061646,14.180447,19.33634,70.65464,-15.214233,-13.321981,25.436592,70.666725,-64.36348
-985.43616,401.51913,-111.82517,-235.37344,-117.660286,11.39071,-0.53718376,74.4155,-1.2953224,-41.950184,34.749027,82.41467,-73.83919
-1032.0334,409.83942,-68.546,-243.32028,-153.69559,27.724255,-3.1980247,59.559467,-11.21611,-42.854874,20.496527,85.865814,-62.63777
-1078.4177,419.3579,-42.298306,-234.54051,-183.44365,32.8377,10.753858,41.192577,-19.405071,-42.481705,7.8135753,78.77141,-58.270535
-1130.003,434.88275,-11.027485,-234.72577,-198.96094,32.36622,30.290451,16.995874,-16.21933,-29.554138,3.1793127,60.13507,-36.121506
-1173.4323,444.7104,0.12279701,-213.15831,-197.82617,36.177895,41.131878,-12.891291,-18.280514,-26.28984,9.039133,60.636444,-44.771854
-1193.0908,458.1548,4.9044995,-197.95169,-209.11401,46.008,32.96714,-12.921895,-7.1002502,-26.620064,5.0952115,57.880493,-35.136818
-1214.6174,451.2099,5.702452,-196.79382,-221.68024,57.394573,65.38416,-16.196476,-14.98567,-16.113014,9.50893,61.161156,-47.95472
-1155.9756,435.28027,-17.570381,-185.02142,-208.70184,51.516705,51.762302,-21.97482,-20.808554,-26.816082,-3.2415526,59.639606,-32.12268
-1192.7832,445.2783,6.335844,-200.62796,-234.9902,73.442856,45.664593,-29.6664,-27.612627,-26.1012,4.0097985,68.47255,-36.763794
-1167.4396,442.53665,-9.992493,-200.2174,-216.45155,67.76136,32.879246,-24.525494,-40.999237,-28.924807,19.36841,60.86856,-37.71663
-1165.9366,456.98578,-33.94937,-200.25192,-178.43445,62.791492,33.020855,-48.978455,-53.626404,-27.685158,27.225489,60.823524,-27.229675
-1145.8264,456.3952,-23.765734,-226.98607,-151.32266,103.69402,-13.29052,-39.79332,-69.35727,-30.580988,34.610157,81.10232,-29.69439
-1112.27,445.63635,-30.349085,-217.9472,-143.18945,128.85524,-53.60679,-49.74647,-52.52648,-50.300392,45.051426,88.1625,-31.326136
-1115.1836,423.66245,-36.138535,-189.90579,-104.26324,137.66951,-84.73429,-97.79947,-38.955284,-32.062862,41.78658,89.61772,-36.074287
-1128.0175,419.9192,-60.38044,-170.86247,-52.397156,144.03824,-113.362564,-105.10297,-33.22977,-31.816458,29.674505,72.03249,-18.921795
-1146.3352,373.7609,-91.244415,-105.925995,9.359286,131.4096,-97.77513,-120.354965,-43.663284,-27.992096,37.05576,48.89083,-15.418622
-1402.227,407.8631,-42.73192,-96.68234,46.39809,107.30336,-30.62128,-81.754974,-50.4538,-13.217583,31.375402,14.4067955,-24.835583
-1551.8939,399.14935,11.896277,-49.51183,41.782425,30.204494,-20.210163,-42.75744,-47.208534,3.052412,42.96877,20.811455,-30.158773
-1576.039,403.7827,15.420168,-28.857563,70.03166,23.333858,-32.254433,-22.046537,-37.698555,-15.182377,19.185223,12.877739,-18.581984
-1629.1731,391.67377,51.268105,19.654642,103.47595,25.651947,-30.011425,-10.2706375,-41.739597,-19.205906,17.23534,-14.938611,-29.912975
-1683.2842,401.18707,95.53435,-0.59403324,80.511826,45.3627,-11.288248,-5.780139,-22.765972,-28.910173,6.389975,11.687731,-20.863483
-1711.1887,371.2215,109.91495,27.880814,58.05351,47.613964,-12.3631,-23.17743,-0.5133467,-22.640863,-15.216144,14.984045,-15.038008
-1676.3263,359.26703,88.35974,54.143936,62.165554,60.50831,-3.0383635,-42.392067,-8.615847,-23.027096,-12.127017,21.342373,-10.707771
-1626.5387,331.479,62.874718,88.03058,92.4834,55.377853,-27.258093,-33.042156,5.2057605,-31.084875,-12.201238,50.63131,-2.907967
-1484.2999,289.54272,-24.45486,137.48178,129.24417,16.957146,-67.5143,-8.769698,16.972307,-38.602768,0.049154013,31.677742,-14.507902
-1450.9344,263.92487,-16.188175,167.10309,116.86908,31.614534,-75.15181,-7.84403,18.87787,-61.898827,-0.9463869,21.564972,-2.3587532
-1407.6311,234.98845,-2.706464,193.82912,105.83309,34.830956,-67.65916,-3.0039413,12.999329,-67.49913,-3.4323745,27.396828,9.955845
-1397.7588,232.52856,14.97188,211.53262,80.86621,35.52829,-74.52435,5.817149,28.278112,-55.634117,-4.262794,12.081184,8.359987
-1400.451,235.72784,18.771542,213.2761,95.20047,34.35192,-67.63003,2.22256,23.930601,-60.881104,-9.187016,17.522995,20.316267
-1381.3013,251.3867,15.859037,207.3035,79.37334,37.24081,-67.06334,1.8996105,31.844955,-50.13658,-16.498144,9.666246,18.931805
-1427.1912,243.55887,36.610435,235.06837,96.73567,25.399235,-79.67032,-3.0788732,39.549564,-38.28927,-21.349487,12.602888,14.73142
-1411.3503,245.43709,28.669895,231.13705,97.99941,25.16901,-82.639175,-2.4558525,37.643402,-35.652863,-18.117468,18.229012,17.639263
-1397.0154,240.71596,17.6837,221.08286,97.84328,30.708302,-96.87091,9.128496,41.623676,-46.78,-9.909746,6.136511,14.707673
-1388.4191,226.30835,17.28144,210.33727,105.57688,28.384487,-107.13137,9.598601,49.364227,-35.086662,-19.39369,-0.07907295,10.889734
-1370.12,212.26672,8.194387,201.18085,105.48881,28.80648,-111.817154,-4.1320863,50.124363,-19.488867,-18.55363,-11.401205,14.173046
-1435.4556,235.20596,1.2088909,174.64386,112.42938,13.8463955,-108.197365,5.3869233,41.681892,-15.957184,-12.824065,-8.923489,5.56859
-1599.6365,289.70273,32.334927,96.72594,124.48377,16.380077,-96.93737,6.38286,30.51021,-15.374977,-15.903414,0.15675306,-8.857859
-1326.3176,353.11853,-2.727682,-129.28717,-82.47319,25.404472,26.94412,30.161291,27.228806,15.6871605,-66.307785,59.818546,-57.454132
-1330.2305,344.31897,20.287304,-157.04358,-183.83476,10.1299515,86.25925,6.884349,33.488857,64.17058,-74.857475,83.44441,-44.81647
-1115.4613,385.81757,-36.75141,-158.98445,-217.16713,35.683304,93.78928,-45.01538,41.346176,73.517746,-52.217556,67.5912,-41.71724
-993.1659,339.695,-33.621532,-163.24348,-245.5107,72.40726,90.993614,-41.448097,14.835564,83.432304,-59.194,72.636925,-53.568146
-926.551,305.82703,-18.069592,-157.99222,-238.58832,79.16086,65.18823,-15.5672245,-3.4521751,69.70886,-45.05526,68.76317,-57.6638
-919.20337,314.76135,-11.44324,-143.21762,-253.39055,65.13575,58.869484,-14.612404,-3.5652828,65.151375,-36.75469,65.08793,-53.257057
-902.48535,318.5307,-6.613242,-153.39612,-264.58228,73.704544,54.441544,-6.260496,-17.444828,70.307526,-30.254519,60.921494,-52.035625
-905.95135,306.12317,5.967738,-148.3079,-278.51883,90.557236,48.1746,-4.513463,-18.970856,71.67497,-28.00258,55.860226,-42.99146
-921.9421,307.49298,-2.6804278,-145.48181,-282.72888,99.28819,47.298626,7.902261,-27.581444,69.37463,-29.11562,51.371475,-44.73188
-926.5441,301.45786,-6.359581,-141.60144,-270.85776,91.54898,54.212402,-0.75925064,-17.209492,65.48295,-23.324394,46.554535,-44.762108
-967.359,314.4436,-10.082486,-135.89261,-265.28943,95.44889,43.69141,12.884043,-10.655505,62.18419,-29.946802,36.417053,-36.44417
-967.42584,309.3129,-23.62645,-127.20927,-250.51202,93.75833,47.004036,10.318044,-1.1197414,49.1102,-27.676687,30.817566,-34.369095
-1009.0222,335.1313,-48.360764,-121.63145,-219.9111,98.95909,36.83677,-3.9783964,15.896773,19.55175,-7.167149,27.918789,-33.045444
-1044.1774,348.54227,-52.67437,-119.788086,-213.54434,107.31889,33.23361,-21.686007,29.209942,18.951015,-10.248446,27.530117,-22.399132
-1031.3287,347.15533,-66.17037,-113.13135,-199.02014,96.39669,21.243843,-18.604183,40.138004,5.3135686,1.3137543,17.391647,-19.46566
-1063.9268,353.80048,-71.33362,-109.55534,-191.444,101.77992,11.001869,-8.370388,41.91296,6.136095,-8.241054,17.2612,-20.481262
-1067.6377,338.18518,-75.29829,-110.70534,-167.12396,100.79672,13.137077,-12.352848,47.89662,1.6801453,-18.024998,10.512892,-16.159117
-1085.1199,332.41327,-86.37184,-98.25374,-163.22751,121.5501,-4.7599316,-1.777648,42.985897,-9.639378,-14.289226,5.7670455,-20.378136
-1096.175,325.97836,-91.366714,-84.99393,-154.1705,112.81262,1.1733818,-2.5600076,42.73278,-10.07051,-26.694727,5.375325,-9.02577
-1101.4518,318.19775,-94.235504,-78.50691,-150.3641,111.632164,-1.4221821,1.4044247,46.98772,-13.9781475,-36.581833,9.311832,-2.598751
-1119.7133,325.95062,-91.71463,-93.35357,-137.19547,122.84784,-16.245815,-2.4076815,59.18331,-18.99984,-38.109524,11.668496,-9.191849
-1124.1111,325.06213,-89.053406,-105.1012,-124.911026,130.61447,-31.896835,3.8405132,53.64753,-14.297735,-32.47903,-0.17273569,3.4887524
-1122.4415,315.82855,-85.62992,-105.55115,-121.24505,137.89612,-31.758453,-9.857935,57.470875,-7.588761,-36.530396,-4.59878,13.894787
-1131.5098,313.4883,-83.60175,-112.74916,-106.1873,145.47325,-41.559326,-20.210453,60.956894,-4.7499337,-33.311867,-5.9284883,8.209549
-1127.7874,293.96613,-69.068924,-116.41637,-99.329895,145.05856,-41.975693,-24.203545,63.229248,-0.92007947,-35.50552,-7.619087,13.810577
-1151.2435,300.7334,-76.58353,-108.997345,-103.66257,160.49994,-36.11102,-46.488415,70.97766,13.344469,-35.05787,-15.149309,10.202152
-1173.1244,293.94998,-72.11682,-93.200485,-88.893295,140.9393,-41.17304,-33.238953,59.88497,19.542488,-24.10599,-10.641193,-0.845911
-1246.0624,322.03925,-56.016514,-95.125114,-66.10979,122.472694,-41.911922,-42.629498,66.90078,16.336494,-22.405788,-1.0833068,-6.647764
-1247.1761,332.9623,-42.27686,-108.52428,-61.06865,114.90878,-35.9802,-44.068993,61.27098,19.426094,-27.387276,1.2737026,-1.8712482
-1234.9678,317.496,-23.969261,-113.49815,-50.085472,122.02899,-41.67437,-52.245636,63.813225,24.749271,-25.322247,-1.9161291,-2.983574
-1225.192,320.6527,-16.47421,-117.08841,-44.430992,126.443085,-64.28958,-24.076107,53.239983,27.701077,-22.04952,-2.06034,-7.2504406
-1193.7264,326.18127,-31.05708,-112.42758,-40.536213,124.3376,-60.74981,-34.07278,73.13655,13.158223,-12.6962,-4.585532,-8.929852
-1183.0222,329.2516,-39.17578,-110.354904,-29.133085,117.1711,-58.01554,-21.17957,65.73839,17.26994,-19.598412,-1.0019398,-1.6784592
-1179.9484,332.65088,-48.59295,-101.58896,-34.29354,126.583015,-60.809517,-13.346909,71.23218,9.723448,-25.575317,5.7773476,-6.418991
-1191.2585,333.46564,-46.14089,-102.790405,-30.14608,125.85103,-59.06729,-4.1447983,65.96319,10.700933,-27.38292,2.9941638,-9.840406
-1204.5941,341.65326,-48.853485,-110.1803,-16.490374,121.27842,-65.87145,6.885289,64.92729,10.910413,-34.38246,6.930743,-14.561428
-1210.0106,346.60022,-53.99907,-117.19267,-6.0092926,117.538925,-64.456505,4.6336827,62.340294,11.508193,-31.06669,-0.8833542,-5.1619797
-1213.5763,329.21667,-37.29911,-124.17259,2.3658733,112.97385,-69.88257,20.549404,47.06303,17.214941,-36.48408,8.81592,-13.451889
-1236.6403,330.88672,-31.999378,-119.31653,-4.68316,118.87962,-81.705826,25.78104,53.82438,5.827605,-30.376146,12.289434,-12.730125
-1267.6699,334.64706,-24.967976,-111.381134,-1.022357,107.727554,-87.75185,37.41263,55.28507,-10.253445,-17.849121,18.275673,-13.840855
-1281.8015,340.06445,-15.650799,-118.36371,0.64163876,101.48753,-89.00785,48.05945,38.126396,1.6332235,-17.627405,11.977102,-9.64961
-1330.2004,344.60123,4.8640614,-126.921005,7.2191553,93.63725,-71.26085,39.942562,35.77031,1.8156137,-20.978292,12.967023,-4.7615585
-1368.4036,354.13715,8.32428,-125.19034,6.3074074,97.79755,-60.245163,23.19552,42.205902,9.585646,-35.277794,22.75226,-9.112694
-1394.998,362.1049,-0.22810078,-111.298485,11.982513,83.30875,-51.195038,29.192886,36.61859,3.159605,-26.371859,15.555288,-0.5879116
-1423.3176,354.35944,18.35532,-102.95799,-1.873477,80.69558,-38.622787,33.60215,29.866001,-1.551487,-19.837412,14.047703,3.1345778
-1424.9479,345.81146,12.7394285,-107.20628,15.318196,91.3571,-39.628304,15.851092,30.049988,23.788208,-35.892513,6.0256844,2.06462
-1513.4813,331.73837,63.11892,-104.98535,9.32852,97.9313,-35.349316,13.1810665,39.069748,14.673967,-38.451855,-15.275551,11.707123
-1547.2822,310.61237,78.700226,-80.432556,17.735712,84.69617,-54.79724,23.574522,35.102654,-12.032916,-12.303589,-11.887582,9.231886
-1557.7689,325.18527,109.546005,-84.79664,-30.943893,77.38847,-45.45451,-3.4128587,28.7329,12.193453,-26.754927,-6.057759,10.086969
-1585.1929,314.57043,109.49188,-75.15983,-12.336957,76.53514,-38.693947,-17.7864,5.4896736,11.584433,-26.48227,-5.3319187,11.161055
-1632.0619,290.05637,126.04181,-41.256584,-12.381592,57.757042,-35.274933,0.6914635,7.254616,4.3481774,-34.09186,4.2873406,4.273325
-1650.8746,277.75836,106.15961,-16.33145,-0.7300787,74.63136,-12.8663,-17.808353,-4.594429,6.540759,-42.47357,10.970918,19.12086
-1674.3458,279.97446,139.39545,-17.802662,-14.891403,72.26666,-30.624546,-0.26827717,2.74962,3.6969078,-26.922106,3.8944209,16.896608
-1659.9231,275.83582,102.20433,2.803123,21.119324,72.18695,-26.954334,-10.887002,0.9079256,5.6259375,-30.327593,8.995944,21.466759
-1700.9614,295.19128,121.107605,-24.833035,12.387102,74.96944,2.8349621,1.8213594,-3.3037167,2.5290537,-26.800518,-0.69561434,16.014425
-1678.4509,281.25165,102.69504,-13.093418,31.76,90.91084,-24.949268,18.021591,11.388144,-17.848202,-24.02126,13.332466,14.36264
-1699.1185,304.302,99.8902,-24.209244,33.265854,74.67578,3.6100235,21.528925,9.042731,-18.605309,-29.098656,16.822758,8.884244
-1715.5918,312.85687,97.16224,-19.003542,33.915882,55.80651,5.410022,33.863388,14.428836,-8.34181,-27.389694,5.285539,11.485211
-1762.7778,312.37457,114.46727,-28.936907,38.82115,68.34336,-8.793192,30.078194,32.212944,-15.741732,-23.654354,16.641562,-0.107933044
-1839.7078,291.01,70.63446,7.3068767,37.43322,38.029625,16.188541,16.706257,14.13795,-1.4995317,-9.599348,3.9230428,3.6491842
