-1289.5532,70.67694,107.39104,33.85467,-85.98172,-74.82526,-42.92602,22.533363,-15.638908,21.34937,21.666784,23.575909,59.988976
-1241.6183,129.83061,119.97373,71.25412,-69.415985,-94.52347,-63.755054,15.821573,-25.834267,24.987532,20.365107,22.572496,41.760574
-883.69415,301.21872,32.846626,19.920883,-55.723698,-60.79699,-64.25693,-54.43346,-51.03167,17.862694,29.134256,36.328583,-5.860092
-547.9697,247.1246,-17.166325,-15.497329,-76.81598,-52.95114,-43.399445,-58.112404,-64.743744,-11.284414,43.971256,43.807693,-10.102943
-542.13464,259.68372,-21.859041,-25.426792,-91.593124,-67.48877,-47.442444,-48.80713,-57.582222,-2.5750008,35.16947,34.71337,-13.573235
-562.1852,276.9896,-17.777424,-41.14451,-94.027466,-73.39476,-41.77198,-47.74154,-50.693207,-5.260146,22.13885,26.32265,13.253422
-569.17914,285.78943,-27.706997,-38.862633,-98.86565,-78.06358,-40.284134,-33.747066,-48.631695,-13.571819,24.577377,32.58857,14.485851
-563.68164,289.26233,-39.982063,-52.227455,-97.13757,-73.96183,-52.807957,-44.206043,-42.214855,-1.432477,26.120647,22.523033,15.391399
-533.1363,279.94427,-53.054836,-54.93469,-99.83464,-74.16305,-53.537224,-43.775093,-37.151283,-1.238018,26.133978,30.281738,9.409786
-525.7697,270.843,-59.54046,-57.447376,-105.12199,-83.51932,-55.71957,-38.5315,-34.510708,-2.785143,23.503315,31.077738,4.9532366
-522.3779,267.48212,-66.26727,-50.997375,-101.599045,-86.38966,-56.78125,-36.605316,-33.18541,5.653842,29.534958,29.17612,5.3824043
-551.3375,269.3005,-65.40364,-38.951294,-92.22416,-89.15996,-69.31159,-37.843082,-34.543964,7.6452274,40.12176,36.048035,5.7257185
-573.70264,265.32147,-60.27324,-32.216927,-79.86731,-90.269684,-78.24846,-47.464573,-38.086277,13.259716,42.38201,30.565575,9.1965065
-584.03735,257.66486,-46.53418,-34.475075,-67.01488,-82.591995,-85.36691,-61.439407,-35.05967,18.390648,44.51119,42.390526,8.924513
-610.4055,272.67792,-45.682,-40.90731,-66.40871,-71.53295,-85.3954,-76.40922,-37.84456,26.704279,45.99543,41.65197,12.6581135
-598.7128,279.14493,-45.488213,-42.940666,-73.37358,-68.31856,-79.10356,-78.167534,-37.57147,30.429688,47.150154,34.139084,4.092098
-589.94885,285.04315,-41.421104,-53.635002,-72.97342,-63.330345,-75.232834,-83.304054,-34.513718,29.816322,42.772057,28.92012,3.4699993
-588.32104,301.64307,-44.040062,-46.200554,-75.54702,-55.83677,-68.525154,-78.58184,-37.352173,30.439402,43.94474,28.76692,4.356415
-550.3782,294.89694,-46.75646,-46.73848,-72.32428,-57.528053,-65.15265,-70.47009,-41.222923,25.368153,42.69043,33.07075,-1.4410648
-527.0111,295.77286,-48.9859,-45.54796,-64.952675,-57.519135,-65.819214,-60.843616,-40.807858,13.116199,37.181477,38.216633,1.6017952
-477.99435,289.74,-59.726547,-38.06502,-70.68261,-60.514557,-54.906456,-50.926796,-45.907898,7.6130686,36.843864,33.039413,1.7600956
-408.95212,263.38263,-63.83563,-40.621025,-72.89807,-64.36809,-55.47421,-42.95763,-44.085808,4.5825186,30.138128,27.288559,3.714672
-377.38336,257.62164,-78.327866,-43.42555,-78.56691,-64.044624,-57.937042,-43.743446,-40.24521,4.427964,19.441914,23.131092,7.602728
-356.27914,237.56831,-68.12589,-36.8586,-78.04697,-66.203514,-45.817383,-50.53268,-51.149723,2.6476936,31.066994,27.193449,9.099316
-370.963,241.82008,-76.74544,-36.160973,-82.98689,-71.83283,-48.137245,-49.652756,-52.492203,-1.8644695,30.077234,29.104586,6.8274746
-372.93848,244.23605,-80.336136,-40.94818,-82.570526,-75.99654,-53.785583,-46.266632,-43.40557,-3.390088,25.846619,22.984077,7.402607
-354.76205,232.59734,-81.981155,-46.726845,-80.078476,-80.70528,-54.829094,-43.974586,-36.318855,-3.9672203,24.554832,20.877724,7.95152
-359.0251,234.40112,-88.41153,-47.569084,-88.50273,-78.04601,-60.666424,-41.382942,-33.547863,-2.3731546,20.190845,15.296996,10.990376
-367.35928,240.51932,-91.268486,-56.209488,-90.77197,-80.10881,-56.996117,-39.153812,-32.344246,0.035607815,16.666082,15.404026,12.208448
-359.7541,232.39685,-96.81917,-57.24557,-95.611015,-83.79826,-56.41252,-36.488815,-32.642956,-3.0487309,15.456495,13.436842,15.630932
-332.70593,209.32,-92.425766,-58.327015,-96.43523,-88.62845,-51.6513,-36.07769,-30.617002,-4.558737,15.269767,13.683079,17.11136
-327.76062,201.95891,-88.43776,-51.651802,-104.9681,-82.633705,-48.198883,-36.714813,-35.60916,-1.3220916,16.126965,11.706625,16.205065
-338.34952,213.74213,-89.56591,-47.534233,-106.388565,-81.26976,-44.90367,-26.908695,-41.610386,-7.0192785,13.93996,15.964761,17.638107
-361.60406,226.28308,-89.17759,-37.263298,-102.56099,-80.66266,-43.837616,-27.3433,-44.832207,-9.24528,9.17428,15.8174925,20.39802
-396.89343,235.22069,-63.360294,-30.338566,-103.71101,-75.95239,-26.181885,-27.163544,-57.454296,-14.993771,19.661263,29.809944,19.960255
-439.01724,243.69562,-43.89691,-14.389858,-88.5249,-66.91525,-22.817154,-29.437475,-60.99204,-15.209137,22.784298,34.74172,15.195606
-518.0891,274.80707,-33.556515,-9.190308,-78.63145,-54.12726,-28.746925,-14.769934,-56.92621,-14.659624,21.71986,29.76042,5.095192
-726.29004,327.56015,-19.71184,6.714589,-77.08913,-69.013855,-25.791975,13.451693,-22.29415,-28.078953,-5.480099,29.053951,3.065424
-1283.7598,356.82074,35.532654,-15.925987,-41.111694,-98.95781,-73.01404,29.523956,13.293185,22.728703,26.08273,17.14957,-27.684628
-1590.2612,278.0163,20.540487,-51.355118,-8.725061,-30.505062,-47.18435,-11.511885,1.6603212,64.26133,34.485603,15.917994,-17.60801
-1650.6147,234.85358,42.721657,-15.88072,24.59711,-1.1317234,-29.226238,22.984947,4.8024464,40.61307,34.492184,28.612782,8.737435
-1382.2031,114.79727,17.829546,-0.6661272,-8.01391,59.938736,-55.256058,51.616844,39.157677,2.2179422,20.44396,31.531178,-31.491104
-1152.824,148.85999,21.977705,8.406117,10.72861,15.646988,-111.613304,33.883667,30.230072,-4.4952345,-21.519194,-7.6690626,-34.462532
-809.06464,307.81393,-110.99167,28.016727,38.348297,-27.360783,-123.41572,10.288813,-3.5181434,-19.757465,-32.006218,-30.404465,10.00278
-585.6771,233.47417,-120.512924,27.861479,38.12776,-14.410813,-118.23923,-19.200377,-35.82756,-46.869568,-26.237417,-23.235886,13.486904
-685.404,273.45508,-133.05164,50.41191,60.201508,18.286308,-125.65507,-41.828262,-36.65409,-72.82205,-26.607624,0.96720505,7.058571
-765.18384,286.02713,-163.3882,108.412415,73.97344,52.344696,-122.71613,-65.89739,-29.814703,-77.58208,-27.152664,22.231379,-1.1823597
-777.36365,250.54984,-167.12244,140.64792,74.093414,76.87685,-108.33032,-64.81948,-31.275482,-69.60279,-27.777525,19.656578,-33.23307
-824.1303,241.97824,-178.70343,159.78183,95.193665,88.25134,-101.51199,-78.341286,-41.467194,-52.42572,-32.256557,32.29557,-44.344154
-886.077,220.7457,-185.84389,154.63034,110.527916,90.9608,-84.24418,-79.96704,-25.162476,-34.854496,-28.477526,33.081814,-52.989464
-965.06976,221.81439,-197.04556,182.19582,114.27624,83.67992,-84.157074,-88.73383,-14.102535,-17.000656,-39.11057,33.337486,-62.74207
-997.9509,225.38806,-209.3391,159.16064,137.43248,86.69484,-67.53194,-97.65941,-15.128292,-11.7661915,-25.350777,21.131117,-72.37108
-1031.4146,234.6343,-212.30408,148.15811,153.08768,91.6431,-68.70066,-99.19761,-18.550913,3.870018,-22.911043,18.84776,-70.80984
-979.0363,205.9057,-205.43837,158.51443,152.35213,101.17206,-79.59713,-93.49959,-19.605877,-5.1076274,-22.243301,15.340958,-63.818172
-980.354,216.04306,-194.57118,138.08362,174.6752,89.060005,-83.12803,-80.830864,-35.277363,4.1108027,-20.938564,1.7744081,-59.49023
-996.0222,227.64795,-194.17773,140.40417,186.16087,89.01259,-83.992805,-78.50882,-34.505287,0.44218636,-19.483583,-9.819666,-63.859108
-1015.9838,243.28038,-184.32648,136.86172,203.98138,93.17612,-96.350334,-76.81988,-37.36249,-4.389932,-12.542658,-11.404364,-76.5878
-999.9905,249.13515,-171.21187,119.553,213.92032,86.86717,-97.740326,-74.17838,-38.921017,-11.128626,-8.705328,-14.418325,-81.193054
-1022.04254,259.3322,-163.88614,118.65117,219.17941,90.22541,-105.05649,-74.296814,-37.422836,-11.393154,-7.9641194,-18.919083,-83.739555
-1021.08014,284.27115,-174.9314,87.17555,238.23152,77.773895,-95.17897,-56.94803,-48.64702,-22.83477,-7.256085,-23.330074,-84.21364
-1046.1353,292.68878,-175.26927,89.0252,242.4816,74.99657,-92.71832,-75.212524,-42.42039,-22.375257,-2.733542,-11.188452,-98.19429
-1033.7375,295.2514,-192.82013,85.03549,246.95956,73.68779,-84.956276,-69.314224,-46.24463,-20.937641,-1.999346,-21.57072,-88.90227
-1051.8079,287.10876,-188.852,92.97763,247.62195,69.78053,-83.67661,-82.93359,-42.1369,-11.850628,5.156994,-22.092136,-93.909485
-1074.9205,289.61145,-184.80077,97.95608,245.7553,77.459724,-87.27238,-75.94911,-42.52041,-18.760616,9.068716,-28.681606,-88.49918
-1039.8854,263.82654,-185.77325,115.31598,233.77832,91.680084,-83.68327,-92.724945,-52.439922,-16.490181,1.4880569,-23.785515,-77.1093
-1073.9841,292.47723,-170.54211,83.52841,247.73206,86.773636,-88.44022,-71.26668,-70.32431,-19.591497,2.9043143,-19.750734,-74.37576
-1083.2086,327.34674,-176.80759,79.37802,245.58823,68.20621,-104.295944,-67.05985,-69.02319,-27.326267,21.901777,-16.92065,-85.26036
-1011.4948,306.37988,-175.80188,83.453,229.63414,67.082596,-104.58934,-72.28848,-67.27111,-7.0751095,3.1514742,-26.220545,-75.38325
-1069.7449,335.03857,-162.27522,63.52456,235.92914,64.98947,-102.562965,-70.340576,-78.04142,-20.626406,18.925407,-17.531385,-73.78811
-1086.0413,342.45755,-148.27911,48.894394,233.8271,76.31215,-100.34313,-73.18929,-87.32889,-23.910067,17.886097,-5.7001705,-72.82167
-1084.0845,351.8624,-148.78323,37.860287,226.72913,73.509544,-95.97354,-72.25769,-88.352646,-27.790085,22.5339,-6.0065565,-73.77547
-1080.0492,336.30453,-135.64755,59.091064,196.10942,74.2795,-96.613365,-64.19892,-87.3435,-30.81884,17.086254,-13.369105,-55.936653
-1078.3848,344.03137,-134.69922,47.026924,187.03436,62.080982,-100.19604,-61.655163,-72.79365,-36.7734,8.06285,7.605652,-55.72396
-1069.803,347.97397,-120.93941,33.36234,149.59392,49.481415,-82.61206,-45.26721,-77.83615,-43.287807,0.4993707,15.77975,-33.233994
-979.5592,289.30957,-108.060135,65.23862,58.023502,69.55138,-81.409805,-41.719322,-84.15013,-43.387146,-20.125599,23.25324,14.188259
-1062.7358,372.8427,-85.90703,2.7010803,50.304455,10.752923,-72.20116,-40.369675,-61.683807,-55.367493,-8.169987,21.655867,-1.5687122
-1169.4259,403.9544,-46.165947,-7.158066,24.988361,-41.719383,-99.46379,3.6741867,-32.924202,-51.11753,-3.6351507,-8.69735,-19.49686
-1287.0288,401.62408,-5.085905,19.497065,8.366301,-102.17708,-96.65323,48.035004,-11.57414,-25.804113,-15.659214,-20.180902,-11.657071
-1479.8433,379.71997,83.778305,34.026627,-7.5917196,-112.33324,-83.14859,23.026012,-19.115631,-8.051765,-3.7713606,-5.303827,-11.343971
-1806.055,239.24112,104.48524,5.0347443,-25.535965,-40.83557,-45.929077,-19.236282,-15.841528,25.21118,14.005867,14.6108265,1.508152
-1703.7119,264.69482,149.2124,60.601387,17.003342,-6.0366106,-35.44503,-18.776726,-70.79823,-40.67043,-38.398716,-17.161777,16.713741
-1617.5944,370.50208,184.36124,71.16203,31.73185,-24.733418,-73.49869,-55.132317,-54.01158,-24.237198,-45.68854,-17.848373,-4.7152615
-1270.45,389.80728,77.118866,44.726433,17.598415,-1.6533164,-40.433434,-58.62717,-71.427216,-45.917442,-45.711426,-14.542146,-15.538143
-1156.0319,398.6864,62.891346,33.057526,-4.1858234,-12.860788,-51.117012,-48.996464,-57.844135,-45.15791,-40.342278,-14.928529,-19.714474
-1356.7938,425.4579,101.29645,65.795525,-4.5758286,-70.25781,-71.73265,-32.932724,-32.574898,-16.741858,-46.838787,2.1825833,-16.601875
-1407.6266,420.98022,124.00906,76.24916,-0.3885337,-110.39638,-85.91853,-12.26679,-34.3426,-20.679996,-36.548546,3.8394423,-24.274784
-1351.009,410.75266,111.49637,81.58116,-7.2238665,-124.17288,-81.383,2.9665651,-48.987953,-10.366322,-27.51843,-2.382769,-32.081345
-1391.2949,420.4296,121.85156,95.55642,-5.700351,-150.54138,-95.26871,20.734343,-45.798283,-25.547976,-11.01997,-10.105864,-33.497158
-1301.8439,375.80286,112.580154,108.85102,-10.639003,-146.01074,-91.50072,5.8708057,-48.397526,-12.592415,-3.2344449,-15.919359,-41.208927
-1398.4082,412.4975,127.65646,105.9375,-3.2170038,-148.56384,-82.37688,15.095346,-58.783417,-21.686283,3.1260607,-11.689671,-45.02301
-1418.562,413.7436,137.92967,108.74385,1.2722812,-138.72589,-84.41191,19.892748,-48.863293,-32.297226,-2.2788322,-16.845514,-37.50195
-1397.9873,395.72256,137.81964,125.26849,-7.9923525,-125.74548,-77.73235,13.142701,-46.98702,-38.518517,-3.6658046,-21.881165,-32.404575
-1409.4788,404.75323,137.63715,115.45799,0.38793182,-115.72484,-76.04151,22.833887,-57.9729,-40.339195,-6.9158864,-22.45949,-33.41626
-1417.3695,392.45697,141.23358,119.63628,5.6549697,-112.16085,-58.77386,2.8572965,-60.653435,-34.06795,-7.4312162,-20.2337,-39.038322
-1415.0905,390.30142,140.01292,108.99014,11.065887,-96.80874,-65.67498,5.1317997,-62.69881,-32.292885,-4.4863625,-26.059975,-41.660877
-1457.1348,403.9874,149.99597,97.30171,19.124954,-105.7296,-75.3303,10.789487,-46.94012,-42.217113,-13.038818,-22.459797,-38.34998
-1450.2468,411.69684,139.14249,93.45891,15.047698,-111.58631,-68.4124,14.227432,-61.275185,-39.13714,-7.1600037,-19.56914,-36.5306
-1425.5623,401.63446,143.9526,97.47672,-5.1407156,-104.53679,-73.550674,2.293756,-50.20153,-32.484444,-5.3630185,-16.40165,-34.861214
-1433.616,410.35098,147.9202,95.546936,-5.2848887,-130.8808,-79.847145,20.368961,-58.270943,-38.69656,5.2105036,-16.979656,-43.46444
-1424.081,419.3156,143.23311,97.85243,-11.72961,-135.79823,-89.68132,19.808079,-46.90742,-34.49001,9.144509,-21.606373,-45.512096
-1388.7773,406.82764,139.8388,101.16828,-18.201475,-132.79526,-86.01994,17.49229,-54.646336,-27.55933,11.243808,-20.250301,-44.577854
-1363.378,411.0952,127.23142,92.77733,-13.150862,-139.88074,-91.134186,25.627232,-60.49002,-28.915068,20.067816,-25.408022,-53.677162
-1358.6855,414.69244,123.13296,95.694626,-22.437586,-137.86612,-80.23563,21.516655,-65.38291,-27.749655,22.119154,-26.32805,-52.325447
-1382.5237,417.4509,126.95334,105.101036,-15.189628,-148.70668,-77.87436,22.327421,-71.05774,-27.391827,25.86925,-24.864555,-53.502575
-1376.4395,410.4417,131.61365,105.173706,-16.24228,-146.4806,-85.877594,24.4027,-69.8521,-31.802818,22.86012,-19.56491,-55.99449
-1340.2039,389.6737,123.19524,120.704735,-21.467354,-140.98555,-84.91285,20.303453,-75.702614,-24.089928,25.808264,-24.022053,-54.854164
-1364.9141,392.01678,132.18549,122.569275,-23.90944,-137.52353,-92.99666,24.472927,-69.54735,-30.424612,25.499428,-16.577211,-51.456917
-1356.6504,406.73306,118.553955,111.004395,-17.959316,-149.2797,-89.1712,26.336643,-69.93132,-25.226128,30.706934,-21.077824,-52.69229
-1330.2518,399.58252,112.39515,108.87371,-23.567202,-146.5857,-88.35156,19.619308,-65.7586,-17.188122,34.9582,-16.859413,-50.47489
-1336.5199,408.22675,104.716866,110.87346,-24.069315,-170.63702,-90.73582,33.24062,-60.479595,-15.175951,41.943104,-9.738447,-60.10358
-1345.8544,410.25336,104.94452,109.228355,-22.85685,-176.54578,-96.8792,42.4645,-65.35242,-7.8048773,52.733906,-11.949853,-49.00848
-1285.3794,392.7766,98.87479,100.156364,-38.99037,-167.84442,-104.817276,40.132515,-58.27083,-6.810911,50.678024,-6.0238724,-45.686493
-1282.0432,398.9421,100.13493,90.90538,-32.37861,-169.65446,-115.865616,41.7105,-53.836033,2.0260468,57.886055,-11.143791,-49.615406
-1274.6962,399.81573,94.17593,90.243744,-38.215965,-157.12515,-108.43155,24.883842,-40.03601,3.4075143,48.60898,-7.5400677,-52.96859
-1353.128,426.3412,110.964554,75.12894,-17.532776,-163.0146,-113.672516,40.508144,-44.08125,-0.2663455,40.567123,-13.010035,-44.49091
-1336.858,422.9048,101.91281,87.70906,-20.311693,-164.29282,-116.93846,39.738472,-29.250874,-6.6558924,28.90748,-5.3877554,-45.763798
-1374.5725,426.71033,103.777466,100.750626,-23.74762,-150.01645,-113.13803,32.494404,-30.767921,8.036303,25.248997,-17.24481,-35.52575
-1417.3418,396.5302,124.553825,79.95908,-3.3736238,-135.17404,-97.94566,7.4258175,-25.588593,16.047394,25.958889,-22.213463,-40.544395
-1533.3203,372.72092,115.27455,35.9978,-6.495348,-81.524605,-70.07089,15.6469345,1.4292469,13.6903,5.5339317,-13.665474,-30.716425
-1685.312,283.62402,86.60188,51.583054,51.152554,-21.90762,-30.342426,39.33242,24.956398,27.263657,-10.534019,-29.93148,-32.794647
-1774.1715,289.1217,81.652275,48.79737,61.017353,7.328846,-27.60432,45.948925,33.664204,3.402584,-18.650126,-32.847218,-31.593426
-1817.5443,265.42883,108.6376,49.599426,42.543156,18.766659,-3.9854736,30.065937,18.725512,-0.98970604,-26.340548,-38.546387,-34.305016
-1826.3462,225.63623,133.58174,34.327644,44.542625,53.875645,29.088703,29.210386,-15.400032,-28.47913,-18.488075,-25.805721,-17.95887
-1396.7028,271.46423,80.23935,33.75001,-6.856408,-16.445576,-42.650806,1.6940081,-58.13473,-28.121922,-18.880234,-38.750805,-8.670986
-695.3247,268.8424,-31.39525,0.7610183,-54.119255,-38.822243,-45.96834,-27.335861,-78.024475,-48.32904,-12.299112,-3.970934,0.84365463
-475.93362,227.94724,-55.842762,-34.262775,-79.62948,-49.61582,-40.246216,-32.144268,-70.47941,-42.73005,-6.8060617,3.6490688,3.122734
-395.2727,223.5614,-93.24133,-20.420523,-57.200523,-46.350197,-50.017944,-15.776609,-38.038807,-24.185673,-15.332586,-22.452724,8.650836
-306.94214,200.58804,-104.26699,-35.896027,-53.39604,-32.923832,-44.524536,-37.419388,-41.149612,-26.858408,-10.862372,-2.19627,3.4066086
-318.14062,214.93126,-105.85567,-44.817368,-59.30596,-28.321915,-50.214058,-42.135216,-41.28271,-22.317781,-1.6524997,13.303061,-0.8865509
-324.81122,218.03958,-106.63379,-48.1108,-66.822464,-38.579678,-52.976974,-40.758858,-37.06994,-16.670485,3.5828283,9.1382885,-6.946623
-335.55103,221.07162,-94.1331,-53.33446,-79.704315,-50.81111,-46.186535,-30.870657,-23.743156,1.2935176,3.5590827,-6.7598777,-14.999462
-499.37292,253.79404,-64.848625,-19.449251,-74.49788,-62.411446,-54.559933,-16.512121,-24.347248,0.13974285,1.3324254,-12.571295,-12.86736
-790.28394,309.83447,-56.25808,-11.7379265,-36.493744,-78.76807,-92.01537,16.918764,-9.798975,-2.1860204,-14.655039,-1.9906808,-22.366571
-1438.6222,263.6126,53.60209,51.02881,-4.701685,-103.66366,-115.994705,48.93405,43.77919,-12.288686,-34.99894,6.5615644,-22.020744
-1238.2803,36.323723,44.370396,118.01773,-151.71057,-21.638119,-69.34415,11.696678,22.351933,-3.5866117,9.086533,32.318474,-2.6820803
-1237.4454,-18.301468,90.35537,159.8963,-103.89044,-83.60662,-108.21594,23.26559,6.3832264,2.94281,-2.1850424,22.871155,23.232672
-1331.2651,183.02365,107.35149,120.77085,-52.300747,-112.4857,-148.1931,7.6116986,-9.835235,13.763708,-3.93251,7.8892117,30.71838
-1300.6604,300.9439,99.02419,77.52737,-63.879517,-144.27191,-118.47222,-29.929573,6.100996,41.156937,-16.433615,0.12792969,27.492884
-1050.7803,331.72473,12.541482,31.70354,-90.5038,-104.57443,-90.17508,-61.522156,-10.07762,39.29237,1.2824523,13.792057,7.652748
-918.2879,307.27463,-16.730362,-1.7717371,-100.10069,-86.61149,-86.434616,-72.96371,-15.085314,49.01591,16.004892,7.4757195,15.004505
-841.835,281.27112,-25.120903,-3.7364798,-120.07761,-100.110886,-76.702354,-84.00115,-3.0195599,59.115322,18.98394,9.862034,-5.2257404
-853.8103,278.56793,-21.715229,-8.361196,-127.79513,-107.524445,-69.850204,-77.50117,-2.397522,51.025185,22.158049,5.667595,-16.946846
-1083.8064,332.00095,9.167106,32.95173,-158.28986,-142.57164,-53.70381,-64.74028,27.992884,62.66269,-17.739634,-4.696663,2.6887264
-1246.5305,367.78345,29.2924,18.424301,-139.45453,-153.56123,-59.537262,-69.82707,57.71749,94.26958,-56.533733,-23.008774,29.273598
-1295.6519,378.37256,12.586194,3.061874,-113.61076,-152.26294,-51.438995,-66.25452,55.081696,85.45721,-48.489857,-27.640244,15.829376
-1440.3511,401.76312,20.412447,-15.457066,-87.26857,-104.95273,-71.80959,-29.329145,56.972588,86.18586,-66.78538,-25.664322,19.477394
-1645.8777,374.81256,90.430954,-20.563496,-74.23227,-89.88552,-83.86555,-9.929215,38.484825,63.254623,-33.32018,-34.90297,4.8963985
-1744.6877,319.0791,88.22361,-3.4375002,-54.397377,-74.63031,-71.660904,-16.894825,58.30787,52.859516,-35.09544,-11.284473,8.807444
-1867.6691,263.74396,95.35519,-12.372101,-62.207207,-90.34517,-101.06041,-32.770573,37.58801,49.7016,-20.494612,-9.10708,22.204525
-1776.8003,244.9956,136.51201,114.3011,18.716385,-37.862007,-37.60493,-21.058224,-5.805823,-14.101462,-31.385763,26.796066,2.7760167
-1674.6251,335.54184,151.15154,87.59406,49.04362,-61.16329,-104.81033,-1.5853062,-7.3078184,-36.44375,-16.230429,16.331308,12.065665
-1586.1119,378.4328,120.00125,76.67763,57.157246,-72.19225,-127.12428,9.508299,6.014964,-47.297436,-15.963254,21.857128,9.547579
-1518.9097,373.3111,104.929085,97.72867,42.81805,-86.26241,-120.50897,1.3624592,15.422077,-36.62079,-23.930508,25.676483,-3.997303
-1505.2778,363.8235,82.955414,92.186676,33.573074,-76.18392,-89.58206,15.245827,4.0618696,-55.625946,-31.73696,41.98947,-4.210765
-1485.3602,354.81372,70.649086,97.459885,18.017025,-71.870346,-92.13852,9.191006,19.022587,-44.34707,-21.686348,35.858025,-14.922383
-1439.7173,335.3296,47.69845,116.38133,5.7832556,-80.699036,-90.60832,-2.7947779,31.577621,-28.335285,-24.374872,36.814693,-20.542255
-1414.6605,326.98273,34.458504,120.226265,-10.564252,-63.764565,-72.3071,-10.148335,37.508972,-31.412876,-22.811962,33.703426,-19.350904
-1439.5139,317.39508,46.21656,121.271194,8.93094,-66.57374,-86.08156,-15.568279,32.57704,-22.384327,-11.33398,25.011272,-22.228556
-1447.3286,316.40088,52.05222,130.99933,-7.391097,-52.172287,-87.910614,-32.62952,31.032051,-22.961699,0.5169085,24.869577,-22.47741
-1415.2173,307.4438,54.52804,136.59886,-37.199165,-40.693443,-79.46108,-44.26643,44.051212,-29.067688,-7.2615275,29.757027,-26.170467
-1470.7001,321.24512,74.29336,121.68126,-13.85472,-45.333664,-94.1481,-36.22251,36.57441,-24.259975,2.7767773,22.724117,-23.589714
-1483.8809,320.44724,80.41861,115.086395,-16.911863,-44.477997,-90.40862,-34.85878,29.39934,-22.247482,3.8605952,14.568515,-20.719954
-1499.1023,330.8294,83.56682,98.898094,-11.06982,-47.79235,-92.320145,-28.658346,30.906696,-22.092731,11.854229,11.572014,-28.085415
-1506.4948,321.27203,84.54991,107.65977,-10.069253,-49.195393,-96.736694,-31.948137,29.464912,-14.902211,-0.3692212,15.554618,-13.772895
-1501.1353,320.45734,76.24615,104.6763,-8.363293,-55.72274,-87.738525,-20.546024,21.892576,-19.502117,5.360085,13.676781,-20.935507
-1492.7969,317.85147,67.749374,114.3184,-14.651973,-55.826004,-81.12793,-23.620283,17.322216,-16.543121,8.967039,20.835835,-24.109997
-1497.6313,322.03278,63.066635,102.006615,6.0088797,-61.924328,-88.0894,-16.5529,9.02918,-13.117485,12.279719,12.2586975,-15.535274
-1494.9796,320.46756,57.168743,112.16011,3.2733219,-57.560577,-89.32269,-19.274927,17.836575,-16.003233,15.619223,14.253012,-21.533695
-1483.5981,317.8174,52.2658,100.705826,1.3265188,-44.386242,-75.7182,-26.449348,2.316669,-16.687002,17.765701,17.737673,-13.3045845
-1430.8088,317.5621,20.371466,94.37219,-3.4492016,-33.505657,-44.239246,-34.27209,-10.571602,-12.446344,11.294731,21.662687,-8.126598
-1540.1383,299.20227,83.366714,115.67501,14.376118,-42.435818,-98.043884,-17.522078,9.092466,-24.024813,22.872929,13.437082,-19.664972
-1567.406,306.71384,100.51703,108.1655,8.528148,-39.248394,-94.975235,-19.168388,5.3452654,-31.45978,20.763975,19.898973,-16.482517
-1562.6006,310.20544,97.47658,125.935326,-2.6138163,-54.483,-90.9478,-11.559286,11.93417,-28.422817,18.285957,19.140774,-16.548145
-1568.2849,311.88742,98.811615,109.3581,1.1440868,-54.924202,-90.44186,-5.1162014,6.9305377,-26.30734,10.932198,20.12158,-7.470019
-1513.5557,304.39465,66.76706,120.323265,-0.46361995,-39.62462,-70.43593,-42.593384,-1.6575654,1.038837,9.02076,10.5674095,2.859516
-1573.3872,313.66052,99.49145,115.52876,29.924953,-51.003548,-99.114655,-9.812072,16.652924,-24.198097,2.5450237,16.799004,-8.483085
-1624.6078,327.6928,120.50268,98.536354,44.796234,-37.361645,-99.72843,-3.0056572,8.887766,-28.284122,4.2213473,15.085567,0.20287514
-1629.0728,315.86023,130.56409,112.173996,41.813713,-42.87252,-93.255295,-3.5938647,3.2217102,-20.848465,9.555117,17.403008,-4.0753317
-1629.6462,325.08594,127.37334,102.557175,52.085876,-45.56312,-94.67271,4.7036858,3.6556132,-30.253727,11.400622,18.503353,-2.4795158
-1645.6467,317.82642,142.00768,103.95528,40.446327,-37.799034,-100.52867,-3.4802065,10.738035,-20.966137,8.05018,13.148468,1.5083737
-1668.4104,325.19122,138.9946,92.41986,49.8959,-38.50312,-88.34834,-6.4649286,-1.5309086,-18.332829,1.5459653,20.98312,17.607946
-1683.6368,309.60632,131.90811,98.658356,58.38836,-33.703064,-94.736244,-21.568554,-9.110244,-14.522158,-0.07569574,22.177206,18.899067
-1749.561,281.9076,152.54608,102.81024,57.19255,-17.667603,-91.67445,-38.29933,-21.276543,-26.640842,-0.18361054,24.403393,31.121536
-1829.2517,255.25757,154.13914,82.02694,34.88216,1.9643033,-54.79847,-21.822699,-22.818336,-17.170706,-5.469145,8.523403,31.68953
-1486.1981,160.23392,62.04005,128.43823,-128.95972,-35.797073,-46.905594,-32.23477,22.155954,-8.720879,40.408237,21.186417,-11.749353
-1374.8579,355.09995,75.524124,103.90311,-41.295296,-98.42187,-135.62863,-30.43082,39.070892,-19.985832,-27.667953,-0.3653078,2.6411877
-1202.0828,410.82233,8.062744,48.276024,2.4268427,-123.792725,-156.0566,-23.958958,19.800814,-12.843687,-25.100256,9.588007,19.304514
-971.6909,366.83826,-32.25433,17.854927,-43.665543,-110.443985,-127.324646,-31.92262,17.24019,-12.615547,-28.277794,10.742916,16.041681
-851.04956,353.1878,-41.59822,3.2572064,-77.300186,-105.76429,-118.18967,-29.987934,18.95858,14.341774,-29.278814,2.415018,15.764221
-823.75726,318.68475,-37.58321,-9.860338,-73.20888,-123.49997,-104.11292,-18.511917,30.251633,38.746544,-21.154148,-5.8138733,20.439606
-897.3635,349.57715,-63.864983,9.407008,-62.02101,-135.24272,-121.480255,5.6645675,58.17383,25.36501,-42.94366,10.466922,19.618683
-883.0536,336.1575,-74.2921,12.837135,-60.55906,-144.09616,-115.414536,11.767829,56.235718,27.991451,-43.98137,3.5093641,24.368132
-821.0796,307.31793,-83.66362,13.655202,-53.143555,-149.93835,-110.03444,22.154285,48.228146,22.556091,-32.092953,-5.088026,30.928295
-745.993,276.43024,-82.47908,3.423715,-61.487095,-140.86263,-96.9474,21.5901,44.47954,10.744605,-23.935286,-1.5565176,23.44183
-708.19415,275.05728,-91.44498,1.7617338,-72.13844,-129.01068,-89.48193,17.581135,38.098343,8.805058,-22.065456,5.280769,12.299143
-670.8445,258.48615,-82.81686,-10.56859,-74.852486,-124.41677,-83.53497,12.812426,42.708633,7.463355,-11.083776,-3.8588743,6.230713
-690.1734,269.6725,-81.69613,-10.2807665,-72.942154,-121.24678,-89.15519,24.982845,40.659016,9.1347,-16.62196,-0.41781807,9.527241
-733.68896,302.1328,-90.267334,-23.685104,-65.006454,-114.509674,-93.95008,31.112528,31.481312,15.476,-18.909819,-1.9954658,11.9308
-843.2603,347.80878,-96.55438,-10.828508,-50.62263,-115.64195,-98.36109,24.392488,39.580376,16.850813,-17.324423,-4.0677485,12.935083
-918.6194,350.81818,-85.36846,10.617384,-36.10161,-122.90785,-109.55593,38.08454,36.876694,14.458244,-10.663289,-2.1102939,11.7530155
-1029.374,343.97668,-48.740295,53.157127,-38.03707,-149.15625,-98.70137,38.8301,36.317825,29.313498,-16.216774,-7.4867077,25.150375
-1171.4376,372.28226,-32.239246,74.0746,-24.589447,-142.43222,-121.599884,40.66214,66.41277,7.630867,-9.090619,10.148445,6.465454
-1263.9326,382.98016,-8.549775,59.134098,10.455869,-134.39093,-133.39713,65.77092,26.480673,25.268894,11.951914,12.829689,1.263483
-1318.7482,385.61252,0.020760536,57.313065,13.159218,-125.46643,-96.18242,43.875473,13.335076,26.453299,19.947104,12.097498,5.0520315
-1358.7412,374.87866,5.070963,65.66774,23.638363,-110.043015,-98.26213,37.34653,5.366242,25.139313,36.76931,12.42752,1.8335997
-1382.8406,373.86218,1.9978925,58.658783,33.72117,-98.39594,-96.91359,37.674454,-9.766523,27.057602,38.137726,10.616444,0.621439
-1381.1173,369.60248,-5.7769136,56.678062,51.27134,-94.90019,-106.7959,40.91287,-19.03941,27.32657,51.463005,3.5568008,0.29138565
-1377.9707,368.5367,-17.881767,63.370964,55.160652,-100.1935,-99.11601,38.154083,-13.73648,22.290775,54.36537,10.0969515,-1.5119371
-1349.9265,370.24188,-42.995613,66.838196,74.22023,-100.62954,-109.50247,40.870674,-2.4676795,13.644854,55.074265,12.623705,-4.333737
-1319.9583,346.50317,-45.753506,73.86859,64.864075,-83.03253,-114.85285,32.336082,7.4834986,22.93059,42.107025,12.725882,11.47763
-1362.0632,359.32553,-42.538734,66.83323,80.71821,-96.00136,-117.293144,45.989723,7.8222666,5.3638554,49.560345,15.454773,8.837222
-1337.9111,352.01822,-56.21174,56.029015,87.22698,-83.24194,-119.67479,46.058372,15.392365,6.55916,40.91019,13.119928,6.4719286
-1354.8892,355.55377,-59.13491,70.49108,80.6229,-86.56414,-109.580055,39.702705,10.498508,5.3486814,45.878937,11.010718,9.126892
-1349.0431,351.1896,-47.767464,61.97301,81.84184,-94.37279,-101.37345,44.415733,2.7959855,9.87051,38.314682,15.112232,3.9704893
-1340.3065,343.9132,-45.42257,62.193813,81.96094,-93.68863,-110.13993,50.738724,-2.0767102,4.232787,46.800938,16.192345,-6.00703
-1337.4242,352.4126,-49.090553,71.81091,75.74945,-103.682495,-97.76845,48.653957,-0.034966707,-0.26791,54.545246,17.15691,-4.598028
-1351.1854,357.84033,-59.651993,75.3853,82.62631,-99.552765,-105.764984,39.158997,1.2096751,3.5196772,49.240784,14.455596,-1.702954
-1326.667,342.69986,-50.61644,68.732834,78.00328,-102.47707,-101.88839,50.813362,-8.98857,13.614803,52.213303,3.300509,-0.40524197
-1385.6523,357.1969,-46.97759,64.08806,78.94684,-86.99318,-105.29642,41.403656,3.9551911,8.339664,45.68273,5.699547,1.3464522
-1404.0481,353.9229,-33.59652,51.53782,88.26669,-81.57155,-96.21797,36.47039,0.69226885,11.571077,33.660027,3.1400466,5.7708144
-1445.4983,348.27896,-37.908455,57.1226,96.01686,-74.12726,-77.68277,33.768623,0.49052715,8.41382,22.31055,-2.3730206,5.684947
-1488.1436,346.9339,-40.153225,50.958702,117.4772,-50.28666,-79.03996,34.355553,-3.2629092,-4.9712067,16.633287,3.2112691,10.40564
-1498.7948,339.9179,-42.459457,53.60557,128.5369,-46.96701,-87.15811,28.799232,1.9064515,-3.5403457,4.3771396,-2.8365946,8.671598
-1499.0032,333.74756,-55.04566,58.958694,131.73347,-45.947838,-80.29549,30.207872,-3.911746,0.026841164,-1.8863634,-5.1319666,14.388526
-1483.8853,318.47058,-45.201653,67.58499,125.26665,-54.773483,-69.4249,27.76428,-10.690201,-2.307087,-0.6040419,-12.643529,14.134117
-1496.9692,328.2007,-54.83585,74.5795,123.21824,-48.22022,-68.299194,32.478603,-11.2781105,3.8253632,9.692027,-16.681797,11.606924
-1443.2559,305.59418,-67.835846,82.34815,120.90962,-47.810905,-53.050533,24.712023,-12.481716,3.2062244,-5.310302,-13.744619,23.00639
-1480.7803,324.4043,-57.281643,48.847282,133.82275,-28.862053,-61.454594,33.79724,-11.054712,-2.633036,-8.477642,-10.337443,21.295683
-1503.7988,321.28577,-63.068363,58.161774,140.83578,-32.550816,-72.75491,31.537031,2.3595276,-7.6907363,-10.4805765,-13.204155,20.475962
-1524.8707,322.17377,-49.615986,45.31988,144.81557,-23.666317,-70.09003,26.40307,5.461285,-3.12528,-19.272823,-14.344873,17.505608
-1540.3904,321.7755,-41.732376,40.60954,147.75797,-13.939019,-88.74719,29.01913,12.505062,-6.341391,-16.726782,-19.551258,18.627636
-1541.1006,304.35168,-42.48671,52.33537,149.1326,-12.639505,-67.48212,21.977028,1.8812408,-8.598455,-11.9586525,-17.257444,23.357622
-1570.1884,314.58078,-32.08171,48.219254,144.83249,-16.963324,-64.74481,24.669117,-8.141892,-2.3255887,-13.756947,-18.093172,23.8278
-1570.714,318.57233,-27.667355,43.524895,138.23581,-11.157665,-71.65784,33.210968,-5.329073,-3.9513707,-9.166383,-13.456871,23.04836
-1584.7539,322.53693,-27.798046,44.788734,131.0303,-12.318551,-67.48324,29.85862,-7.509137,-1.0117092,-7.0392613,-18.3894,7.8718557
-1597.1907,313.43634,-20.474575,40.483334,133.79346,6.5569506,-65.91249,26.267305,-1.8775959,-6.103249,-9.963334,-15.312656,21.044903
-1579.7726,308.2201,-32.886448,49.114784,139.19682,-7.2784796,-50.37613,22.342823,-2.9258661,-1.9747391,-16.82206,-20.224703,15.6340475
-1502.6914,284.42557,-59.226433,70.23663,136.55542,-13.483848,-53.272747,34.529064,-16.32468,-1.6551542,-13.318446,-24.350014,29.171268
-1571.9316,321.93677,-32.72248,37.977337,143.43744,1.3499584,-63.341354,22.45456,-3.8810797,-11.296946,-16.758394,-12.787149,19.318478
-1549.4077,311.91864,-49.93654,54.36817,144.16988,-18.944468,-44.97899,30.741787,-8.715897,-2.427413,-17.635094,-27.127892,26.519798
-1526.45,315.12402,-65.18485,63.85752,151.21161,-28.774696,-54.55314,30.291637,-8.660719,-0.4080963,-24.880812,-17.474337,34.076164
-1570.3889,329.4375,-27.278301,33.228737,137.58325,-9.770104,-71.12632,37.422462,-1.990386,-2.6184635,-16.589437,-24.98046,22.013206
-1557.7917,312.7599,-26.608765,32.858414,147.81725,-1.4024,-73.80693,28.768147,8.307151,-4.9561815,-32.115818,-18.716923,23.648476
-1548.1018,319.2293,-47.85576,49.999252,147.39745,-10.004233,-71.09499,24.258904,3.1939774,-3.707518,-26.666924,-17.054585,33.683937
-1561.8052,319.36426,-27.205593,34.8263,138.63348,-0.21712875,-68.935715,24.76551,14.910301,-11.00564,-25.615088,-13.0336685,24.100143
-1543.2314,316.61237,-45.695095,44.684875,153.42044,-16.262554,-78.51205,30.222374,13.077097,-7.054669,-29.498646,-13.270565,31.980497
-1545.7996,331.25232,-33.97006,25.808073,146.26904,-11.829301,-82.51194,37.61955,15.048328,-12.570157,-29.044867,-7.2071867,29.852566
-1566.5684,336.12018,-31.33392,33.127445,133.37366,-14.513992,-68.4705,36.69509,0.487154,-19.996563,-14.681736,-5.4889536,19.817019
-1521.4935,320.2595,-39.643856,46.199883,128.04721,-29.175491,-67.20914,39.91001,6.1491847,-11.976418,-27.430244,-0.68547106,21.593021
-1534.0156,326.19647,-33.843346,44.905163,130.44965,-33.113457,-65.544685,43.86261,-1.2620878,-18.457968,-19.22286,0.117752075,12.874415
-1551.5565,333.57452,-24.832537,31.442526,129.10982,-26.215916,-60.527336,42.440083,3.9026804,-20.077484,-13.979209,0.39726925,11.858021
-1552.4019,321.06885,-21.256533,51.68217,122.655075,-39.91248,-57.7286,34.543037,1.5049744,-11.458168,-15.883856,-2.0183349,13.126253
-1551.1067,326.6269,-27.284523,63.23171,123.76308,-41.037796,-68.265396,31.607979,-1.9365253,-7.1259346,-11.633857,-10.496544,21.850471
-1551.2749,317.6195,-11.505173,79.85637,93.51951,-68.65098,-41.373848,25.714474,-14.050853,3.7337475,-2.899173,-22.504099,8.721366
-1587.3643,316.03705,18.980705,75.91503,77.23686,-50.25616,-50.655148,16.245407,-19.711535,1.2561035,2.428761,-19.677668,4.016537
-1623.6425,283.18018,47.516373,101.7123,72.812004,-38.168488,-49.265568,-3.5056543,-17.515068,14.88784,-5.523744,-20.948013,-1.8593855
-1768.7921,255.20702,117.14993,81.96199,61.820683,-1.5165949,-47.475525,13.462906,-9.261486,-8.027407,-6.3495445,-10.879129,-0.7331948
-1581.3301,126.295105,150.6196,101.6737,-92.83448,1.3682147,-70.49269,7.2932696,11.687929,11.825909,17.680088,38.95561,-18.851461
-1302.7474,-27.27368,117.575066,114.94064,-136.04314,-70.28452,-67.16173,-5.8201785,-0.67172515,37.396423,14.476038,42.68035,1.6446494
-1225.0651,109.511986,5.675805,89.4205,-72.380035,-58.620087,-33.86447,25.204025,5.0152674,27.925018,16.770266,18.805943,6.7941694
-1240.1256,277.18167,38.95277,82.80799,-43.691547,-95.316605,-104.63378,6.681485,11.803504,24.231985,-12.581375,2.9316044,19.18069
-977.5088,348.39392,-34.404907,21.51226,-59.999718,-97.35037,-81.98947,-0.07836962,-4.0704403,24.61307,15.744639,-9.750845,-9.191207
-683.91235,290.0592,-64.96112,-20.621471,-95.32371,-89.86441,-65.07782,-5.2483826,-5.0423956,25.490417,15.578643,13.706031,10.104892
-615.3002,253.51984,-69.51766,-34.95682,-92.91527,-86.98045,-58.198288,-2.3561134,10.935748,43.509865,22.811447,6.8182373,-7.2316294
-693.0614,278.67175,-59.723957,-51.33823,-89.406425,-99.753,-52.025436,18.216059,26.239357,28.994164,-3.725825,0.9838295,4.4145575
-775.0624,320.53473,-66.1255,-50.480614,-87.49423,-120.86256,-42.238083,57.163094,32.286667,-0.4037161,-40.158867,23.676128,10.844248
-865.84686,373.63623,-86.53096,-59.617805,-63.815983,-133.81885,-26.745052,69.46805,23.71148,-8.582331,-57.22254,31.870611,23.813412
-921.7583,384.03537,-78.42781,-72.49493,-44.650063,-118.68259,-31.28651,64.494125,30.804853,-35.51758,-45.04221,36.011192,16.71264
-922.15173,358.65588,-80.47432,-52.464596,-43.043274,-95.50981,-42.295746,59.035904,37.181435,-52.635353,-44.08238,31.812017,21.688639
-981.84247,383.22272,-123.089676,-5.0156546,-44.638412,-79.62361,-41.74667,60.601578,22.641762,-44.561546,-51.00807,26.49405,31.062206
-972.3325,343.8523,-119.708984,12.412181,-21.14985,-70.36949,-29.064545,32.61853,35.84918,-50.30083,-47.077194,21.504917,20.415577
-1049.9539,359.79355,-120.74726,13.04258,9.07015,-58.761326,-44.315697,40.642754,30.273289,-66.642685,-31.899008,28.300905,-2.5932474
-1096.4504,355.74307,-126.71729,26.118748,24.452196,-43.688587,-45.79618,18.319107,42.255276,-68.136765,-41.825737,46.09424,-14.041283
-1163.4161,372.57242,-102.58939,-0.0015010834,52.2808,-20.042778,-59.007538,26.386002,48.176975,-72.67493,-53.164707,60.67719,-7.4977036
-1364.245,340.52094,-108.94015,19.375704,109.86919,-10.373883,-47.449867,56.174587,27.368973,-58.51187,-25.939795,32.112373,-11.583778
-1445.6296,313.31274,-116.8235,48.390396,148.0141,-9.202694,-17.952791,76.551636,-11.754631,-57.46104,-1.1579688,22.31171,-18.69772
-1477.529,319.49792,-107.70123,40.1475,170.73445,-10.081755,-33.377434,67.0246,-11.625836,-59.009377,-4.385356,37.393654,-33.74536
-1502.5847,322.2734,-106.97649,33.93045,174.01758,6.0481815,-37.611366,76.71874,-11.940142,-67.68939,-1.1018858,31.724674,-25.48889
-1508.4583,315.72012,-104.910545,42.63822,183.60684,-2.4727097,-42.94111,77.17315,-16.54043,-63.481552,4.4218783,20.441612,-30.81508
-1502.4944,298.47308,-91.35495,48.636585,185.715,4.2753067,-64.07944,57.57923,-10.189949,-50.339256,10.887657,15.216749,-43.818733
-1503.7908,295.47086,-90.71067,41.97547,192.15643,22.331032,-74.712395,42.175,-1.8534069,-43.095253,10.305456,17.717379,-53.14042
-1336.2651,302.28564,-144.4466,47.8272,165.21808,32.147766,-78.12604,-49.935806,26.075796,10.622124,0.46246287,30.837067,-45.85116
-1194.0868,296.72418,-167.33125,34.25907,160.1058,66.25455,-77.905174,-98.02395,-3.022997,22.395622,9.570394,45.847923,-51.49411
-1157.5676,278.49576,-158.52817,21.725338,149.83286,88.91084,-68.57698,-132.3528,0.0635376,42.457253,4.9390984,42.833633,-53.802593
-1153.7576,277.8296,-146.42166,7.4798927,151.54015,97.26831,-70.49513,-136.57623,-6.170992,48.918636,18.655392,24.323803,-50.557068
-1139.1495,287.94553,-158.72751,12.227099,138.56087,97.40338,-62.983826,-154.20712,-5.579754,52.742054,14.902325,26.264431,-54.201054
-1133.2935,308.07602,-146.80681,-31.368992,149.20241,100.54538,-73.509476,-133.30928,-20.315142,45.29434,16.803183,29.053577,-45.923096
-1118.4761,333.71414,-164.32523,-18.610458,116.65347,98.87654,-56.293083,-137.53531,-15.746668,33.474545,14.090335,25.718124,-38.9087
-1086.9302,338.97693,-135.48578,-43.26997,89.04096,84.56112,-46.122055,-125.24255,-18.246838,27.628223,2.1986449,18.645191,-22.725018
-1078.7664,373.09546,-132.14151,-40.704113,40.595108,67.18149,-57.697403,-80.44702,-15.444402,-10.161901,18.139008,17.258291,-23.927406
-1069.9536,377.49622,-109.37445,-20.150623,-16.557753,42.74885,-44.70023,-68.40259,-9.592157,-10.599943,11.102449,26.222822,-16.908588
-1116.353,411.97278,-73.44643,-9.497459,-44.83355,-42.465614,-45.671253,1.0173187,18.23201,-6.2525463,-9.485263,-12.644148,-9.886335
-1184.6494,415.2354,-18.1528,12.135109,-61.00345,-96.92775,-74.644104,33.90299,41.569695,5.3110867,-19.397581,-20.978567,-9.3807125
-1349.0466,390.04987,30.651085,37.813293,-46.637848,-98.43832,-91.96187,30.375845,33.00734,-6.6664524,2.1618345,-15.669645,-17.752155
-1670.388,284.89447,66.30534,46.436172,-31.57676,-93.93229,-78.65843,15.480759,18.377405,32.95541,38.4509,-17.021975,-50.25837
-1662.1415,170.60223,71.41411,28.738237,-137.28766,-13.219013,-50.1958,-2.7519693,56.315292,13.387894,39.890705,23.344433,-30.380548
-1358.6946,139.97588,88.42255,75.7175,-198.98833,-70.324844,-65.90908,-13.810981,40.249485,34.616516,11.044739,32.33143,-27.956127
-1269.563,308.39642,68.65086,107.94879,-95.98476,-134.03543,-94.87779,2.2633877,23.226265,28.036083,-10.308267,11.304887,7.5307193
-1216.4221,400.25946,17.98352,51.9656,-52.407066,-180.89342,-129.4756,-2.381498,33.16597,26.76537,-9.065245,19.705975,5.2515907
-988.77655,354.59534,-26.437021,-20.46215,-73.9732,-126.05996,-98.121864,-31.48877,17.309507,26.04747,2.8332176,13.337208,12.692472
-982.968,352.88666,-27.541061,-12.109219,-72.21016,-142.80875,-105.66436,-3.5332227,26.83662,35.858006,-12.232149,14.765709,8.705615
-1053.6133,371.07147,-4.224086,-10.960497,-61.69833,-155.4125,-119.12257,7.1878686,59.388493,29.321815,-29.081364,18.715813,1.3904076
-1078.1154,379.5188,5.489258,-11.694563,-59.696983,-163.18124,-120.09709,15.988979,58.33349,18.807892,-26.11679,23.074047,-17.674723
-1085.6195,384.0807,11.920826,-16.12661,-68.581215,-148.34132,-127.802414,21.557514,59.671555,16.85631,-28.037596,24.221659,-17.250761
-1078.8439,385.04846,14.164075,-23.34589,-70.41292,-137.6263,-121.68144,12.446457,60.372116,10.8274555,-25.290838,24.481459,-17.018587
-1079.9874,386.05112,18.489616,-29.496822,-74.68382,-131.51865,-109.601295,-3.4786463,46.211456,19.611034,-11.950094,8.336469,-25.79242
-1131.8083,394.38055,29.774776,-9.176352,-64.68323,-141.49059,-106.66,0.11602539,30.930923,19.540264,-7.314443,0.3944254,-23.577759
-1271.2798,412.6015,46.301155,46.79008,-23.703695,-187.16867,-121.5372,44.999054,15.664616,-13.683651,13.963163,0.15051699,-22.855396
-1364.7617,371.42422,62.627922,86.61749,-7.453932,-177.63174,-108.61504,56.08151,-27.296947,-31.221247,44.78621,-2.8777294,-30.359547
-1626.3862,303.555,93.15339,107.60779,-1.0847383,-145.16977,-90.98653,56.842636,-30.336094,3.9290452,73.565384,-7.1037583,-49.978603
-1239.3818,118.92311,108.01086,112.3719,-129.91544,-50.944466,-126.730865,-21.393536,24.226088,16.65495,24.776325,36.727028,-5.400696
-1467.0156,45.279648,36.04305,95.64046,-111.87904,-110.448395,-88.555786,0.41924715,20.769142,52.773247,41.67029,30.254082,20.144066
-1600.2231,155.56403,71.04991,74.425026,-41.06611,-66.56732,-71.03033,5.984536,19.776443,47.167374,-3.4383035,2.7634773,19.729378
-1389.0374,352.7079,33.487057,4.9248257,-56.372185,-99.45497,-106.810745,-3.1658726,52.412003,50.671333,-21.593893,-5.744459,34.503525
-1124.8702,380.81915,9.182622,-15.520513,-90.80055,-96.222786,-95.43347,-7.623274,45.222916,44.90954,-3.9714065,-21.975443,28.418596
-926.1096,364.2859,-24.795881,-41.706966,-108.09177,-64.077576,-52.697906,2.2074265,5.064417,39.28122,17.19722,-7.849119,12.993607
-901.6985,365.1717,-7.213875,-55.498283,-95.11876,-76.30254,-39.342266,5.733486,7.0946736,58.17814,0.46252963,-17.798592,17.455925
-997.2268,408.45837,-1.3507123,-35.36524,-83.115906,-81.96829,-49.055367,34.625504,27.031733,41.678764,-9.249236,-12.8365,-4.9132404
-1059.822,428.9156,8.912829,-38.64335,-66.62016,-76.32205,-36.68346,57.99508,25.451876,17.406761,-14.78348,-11.819174,6.460039
-1079.5454,438.79456,-26.368511,-24.899172,-38.05361,-51.2289,-35.790398,62.08877,20.95037,3.0385618,-29.029608,-11.175933,17.665863
-1105.8555,410.33014,-10.714624,-25.219086,-38.161114,-5.79688,-33.246136,61.05256,22.856575,-7.6714883,-42.72788,-6.437897,17.539246
-1187.2341,416.6593,-2.524908,-32.25862,-12.621931,-2.7447085,-11.615881,69.36418,0.3023634,-24.029587,-45.6979,-0.32957077,22.033688
-1216.5886,399.72424,0.8708024,-17.221018,-20.403828,25.657745,-16.236835,51.222717,12.582844,-29.136322,-64.679695,11.2099495,33.239735
-1227.9165,384.16534,6.504317,-6.512349,-3.509184,31.713428,-28.505213,48.774914,19.367369,-52.573036,-41.307686,3.039032,26.915155
-1199.3356,358.065,7.1431713,14.224117,-3.5363731,55.808376,-35.532917,24.92908,15.387754,-39.53637,-41.838173,0.80495834,26.377996
-1263.0398,371.857,-3.0274122,29.689587,17.777546,47.289467,-36.728683,11.433076,22.924004,-45.558395,-33.44912,0.3610115,16.540741
-1346.6946,396.97183,-24.38252,19.979206,67.26004,32.876255,-45.709732,27.81438,12.866331,-49.85917,-30.080307,12.32057,8.09363
-1551.1787,300.12195,-24.087317,51.54508,132.49205,57.21901,-22.277073,27.075989,7.6007977,-35.495083,-19.56738,6.1183443,-3.9410696
-1641.3412,279.95685,-1.348167,64.67465,144.55368,45.617325,-12.448312,41.66826,-27.228924,-24.547571,1.9504459,-11.112429,-10.611088
-1641.3756,298.30966,4.5502315,67.85326,134.76164,25.639473,-22.098555,35.210846,-24.323175,-34.916763,-1.5464507,14.455317,-8.180601
-1614.2322,282.83362,-17.551157,71.66385,135.67601,30.67464,-21.63251,41.140274,-17.0652,-46.293835,-1.1511843,18.785305,-12.091752
-1459.4004,344.7298,-56.07429,12.781723,123.66026,22.72711,-55.82202,25.530182,-4.097215,-48.846916,-19.477417,17.958933,3.7339616
-1176.2668,386.19574,-114.02206,13.009178,75.95935,13.01475,-91.39542,-17.223568,8.734713,-65.87378,-23.691994,37.546135,-1.812674
-1010.97076,345.10922,-137.70439,41.651035,23.513302,31.464264,-68.906815,-17.574036,9.868206,-69.161476,-0.9141685,35.639137,-1.4425778
-999.9532,371.44894,-152.66132,20.74387,23.19041,28.044304,-53.392155,-13.726511,0.35446262,-67.304855,-4.6334395,43.603752,10.124076
-949.145,370.52002,-164.55103,19.753706,1.7293882,29.036846,-31.445915,-24.32344,1.7725551,-73.88794,1.5357496,55.042263,-0.15532804
-937.5992,367.7429,-147.956,-2.686007,4.39852,7.8381176,-26.261726,-18.098354,-1.6044483,-59.687126,-1.4368757,42.007645,17.07154
-905.78595,360.73312,-167.2292,30.854265,-19.329943,2.9624443,-11.903719,-31.352419,11.716873,-62.08912,-9.512596,48.562813,14.320087
-911.5504,366.3911,-180.87134,33.149456,-26.323853,20.418005,-22.131538,-25.61853,14.050905,-74.12111,0.11950688,41.59867,8.384775
-943.2479,366.09872,-162.99973,30.334011,-18.343433,11.535402,-18.34518,-15.474842,5.6917806,-75.59032,3.77405,44.808506,2.4793239
-992.1588,371.53857,-154.01337,31.801666,-14.298583,23.074532,-31.33086,-17.399136,3.0816123,-58.81833,-2.8347673,35.72683,2.5865624
-1052.504,368.03772,-128.7952,23.611006,7.098047,27.266277,-43.143776,-13.798495,-6.6899347,-48.221466,2.9897058,23.38443,1.7608168
-1136.2568,360.42746,-106.291306,36.169914,19.018988,37.96327,-47.172943,-40.53491,9.587294,-46.306736,-5.414132,31.007114,-8.550245
-1257.027,349.6476,-55.47979,41.158485,25.545635,46.73154,-41.92427,-41.762238,-15.178825,-40.910934,-0.42869177,34.226387,-13.609211
-1446.7726,335.74426,8.366928,8.992951,57.756863,61.278835,-36.42716,-33.536133,-19.619434,-29.952068,-13.447253,26.11285,-4.97833
-1673.7017,283.6908,18.107382,38.556187,131.92224,68.67969,-27.006851,26.575232,-11.684033,-37.684128,-1.0267916,-15.300344,-20.9123
-1643.9692,268.90988,9.048447,56.576427,149.71805,52.046318,-39.582634,23.407248,-18.485361,-25.471613,-5.7810206,-17.038076,-13.234877
-1605.4349,265.50787,0.8031111,84.72712,118.585266,19.51854,-26.394196,29.041157,-26.178205,-20.240156,9.990474,-13.873621,-18.228956
-1612.4473,256.2598,8.17594,88.17463,111.714325,25.568745,-36.974594,35.658546,-6.4191647,-26.872879,5.0504804,-1.7722483,-29.471735
-1634.336,265.14758,7.8948536,84.91641,122.02949,11.274865,-23.968817,30.986137,-14.079542,-23.16438,6.6529617,-2.852417,-19.150507
-1623.635,253.52884,-3.1139011,93.33026,128.25983,24.366076,-29.505264,36.536694,-18.786346,-41.48635,0.9572203,4.7302437,-12.627934
-1634.917,263.54828,0.44981956,82.2917,128.10887,21.056458,-27.761448,39.81849,-29.230364,-40.471733,13.871263,-8.452787,-12.563528
-1625.6398,259.3695,-12.75506,83.11377,138.15643,26.087626,-24.58618,46.87645,-15.596423,-36.413662,1.1797556,-16.39275,-20.319328
-1546.5575,274.05518,-32.828766,65.12625,140.1174,50.876328,-39.830334,-7.2216516,-21.338226,-13.943558,7.2284718,-11.0990715,-18.723892
-1437.6108,314.3,-87.38282,31.118904,169.0836,78.115005,-77.43137,-51.05176,-15.335478,6.6312494,24.641901,4.6628923,-35.157356
-1327.1729,281.69687,-142.03668,71.48112,173.03772,71.92523,-93.71263,-56.50313,9.030548,6.822453,21.428598,7.674291,-54.367157
-1327.4719,273.85837,-135.74422,72.94522,179.9498,80.44505,-106.77452,-57.500057,2.286047,12.51133,15.00819,8.694283,-44.202576
-1333.5051,271.60077,-142.55621,76.774216,188.28433,79.75984,-100.96243,-57.997833,5.7548847,11.083193,18.124153,-3.9241707,-45.195274
-1301.5659,253.28635,-150.95602,98.37902,187.45425,77.96324,-105.31252,-64.15193,-0.8937149,27.400583,9.993626,-9.399176,-39.51133
-1298.8186,262.97614,-155.90111,91.67755,196.1058,74.6376,-106.635956,-68.11394,2.4102669,22.986465,11.106127,-0.9705467,-51.851273
-1291.9951,260.30988,-158.82196,99.55468,180.4116,71.62901,-106.582016,-67.99945,-0.64946365,29.588757,8.074998,-12.812884,-41.64852
-1299.0288,264.98682,-161.64412,85.51207,209.24033,69.0146,-108.133156,-69.47517,-6.5170765,17.118423,17.393333,1.4257212,-48.215614
-1275.7689,258.52167,-165.9111,86.67463,201.5874,85.68023,-130.45065,-58.340164,-17.70909,18.809856,18.0949,-6.3252344,-34.63572
-1293.1626,268.312,-149.37613,74.10654,189.19702,93.99249,-107.42526,-76.73453,-16.303955,13.511669,20.883413,9.04948,-48.964043
-1291.1052,275.58624,-148.15666,80.54881,184.40735,81.98301,-108.52205,-72.59081,-14.735823,9.464698,24.494017,9.086217,-47.7695
-1300.2509,268.91907,-131.46204,87.105156,157.67517,82.2318,-83.005066,-69.537994,-18.646965,1.4895582,18.113298,25.177021,-47.674545
-1278.2799,280.22955,-132.83456,68.3822,154.1947,80.09833,-72.31658,-75.07778,-27.762264,-12.33045,34.06377,31.404985,-56.831303
-1253.1748,299.91592,-156.65065,51.307426,166.23938,82.41167,-87.86641,-59.49597,-32.930626,-11.139845,40.444553,29.072474,-51.240524
-1294.7867,285.80853,-146.96872,53.662403,184.8175,75.81824,-103.00597,-51.772774,-0.90088654,-20.559368,15.581921,26.844921,-37.527107
-1538.8292,272.91437,-87.9929,52.36521,218.26239,59.62317,-86.83739,5.400412,-3.3962164,-14.9465885,22.879944,8.13924,-26.070145
-1623.9172,257.35077,-17.927677,89.89456,167.19543,27.543829,-63.29271,27.656067,-12.951059,-43.324802,19.268215,20.724041,-42.990005
-1618.6135,272.14905,-14.66337,58.87335,165.68,36.782284,-52.72174,38.018223,-17.781588,-43.01355,16.671593,10.151333,-34.39868
-1584.4918,281.75433,-30.846348,54.756725,157.81839,28.735195,-37.192245,42.668095,-32.380707,-54.362022,7.661723,24.054115,-17.05233
-1499.4717,280.14566,-73.423805,34.03439,164.66803,45.41564,-14.031059,48.453987,-44.00924,-75.97664,4.5070186,25.003641,-5.1947556
-1221.6378,367.30164,-144.43367,-39.53145,122.94012,47.502213,-54.200424,12.195358,-30.604866,-54.86206,-11.059818,28.118685,-0.8156328
-1034.8181,402.78394,-170.80466,-29.20749,69.90251,29.304451,-66.088776,-17.11816,-38.591576,-74.29306,-4.5987463,72.38306,2.2433186
-936.6339,393.91837,-189.19467,3.8202457,17.684578,15.232643,-46.7388,-22.846066,-34.257874,-54.14595,17.62749,52.73368,-8.128614
-875.4341,372.81775,-176.60455,-9.203991,-0.5561843,26.763866,-54.02272,-27.232895,-33.056183,-28.186115,0.87439334,53.563366,-1.5918493
-915.12524,395.6844,-178.93262,-8.956108,18.725426,3.210205,-58.399483,-41.52809,-17.529026,-20.977695,8.963041,38.059116,0.48057556
-900.7997,376.457,-164.462,-5.5910997,6.530848,10.599895,-69.438034,-49.566864,-7.0493126,-31.30693,11.105565,47.40869,-5.5292892
-911.5245,380.10217,-160.306,-10.2393875,11.01391,15.694342,-76.46403,-38.50634,-17.308445,-45.796967,20.246235,49.070045,-2.928012
-934.95917,383.3703,-149.07895,-27.899689,26.687645,21.30105,-66.47203,-53.162422,-26.084934,-47.27418,9.281015,59.446934,11.4114065
-907.66833,374.04895,-164.29709,-12.877095,24.836597,15.150631,-51.419178,-57.126938,-37.242683,-63.615154,19.419655,75.15004,0.7980938
-920.17676,366.33405,-162.7034,-1.1102624,19.026423,36.06274,-60.80932,-56.796837,-50.94549,-59.64787,8.383054,81.31659,12.761024
-938.95337,361.21164,-165.69449,15.738163,31.000675,24.207542,-65.43773,-61.534744,-36.98909,-55.363243,-0.8045611,68.65338,10.544738
-1017.4226,378.53464,-155.26369,15.122861,41.007175,31.971474,-60.727863,-55.160458,-45.716755,-81.11454,-1.7967305,82.67657,5.574669
-1081.1267,380.94458,-124.4602,15.128494,45.396404,33.07099,-50.092464,-68.17434,-46.847206,-76.82114,-14.480597,80.290665,5.07502
-1226.133,410.06348,-90.86992,-34.483475,88.79025,55.454132,-78.32791,-55.99108,-35.189484,-62.293182,-20.625828,50.009506,12.851278
-1487.7024,354.7282,-28.958218,-33.82314,101.708496,75.02536,-56.288216,-33.29695,-26.66679,-24.541534,0.5604867,8.936599,0.5979357
-1593.1931,314.89767,-23.264587,-31.368975,108.376656,87.6163,-0.5173948,27.608814,-24.847881,-46.52443,-10.932879,5.137987,-1.269248
-1527.2097,330.20764,-54.877083,-38.638462,116.739334,108.24754,-5.4636145,-1.4280643,-28.075874,-29.006256,-28.480145,-24.31641,1.5938654
-1431.8867,363.07812,-40.51259,-50.32505,107.597015,104.70473,8.800041,3.029728,-54.705826,-90.49848,-40.66945,0.5465164,25.728775
-1409.2721,389.92072,-63.121605,-46.398388,115.61476,123.15257,-9.880724,-14.813625,-52.047684,-70.54885,-50.3534,0.25461578,17.154692
-1380.9553,390.47467,-62.825886,-46.364704,120.14845,108.80107,-11.460848,-21.177612,-48.534164,-74.45796,-46.610706,-2.6950035,16.440796
-1386.4426,403.6975,-66.93724,-48.84103,120.55682,109.86012,-12.734436,-11.277651,-50.794685,-75.86763,-45.26939,-7.967495,12.985714
-1378.2197,387.64594,-65.94558,-24.9614,121.01932,99.60774,-19.984493,-22.975431,-46.161556,-69.59732,-44.709892,-22.445583,16.05613
-1366.2744,378.83972,-48.47353,-17.464891,87.14917,91.334435,-5.5718126,-15.227362,-45.360863,-67.546196,-51.183064,-30.222513,20.388414
-1418.7349,378.2235,-9.228085,-14.846857,76.174706,75.13249,-7.8083754,-7.240541,-54.769875,-78.264404,-33.64702,-11.651791,15.625132
-1410.0194,373.94537,-5.3183546,-19.539125,64.44571,81.13559,9.37023,-8.979351,-52.266304,-70.74572,-50.602226,-12.301125,24.494593
-1369.4098,374.8105,-21.740572,0.11343193,29.774113,41.114548,18.585728,8.05574,-32.833878,-54.26626,-48.127842,-19.672823,10.074751
-1468.6138,398.65448,-22.481316,-32.0416,90.92558,92.238754,-15.208286,4.2668967,-48.185577,-90.528694,-53.200386,7.808441,18.563425
-1495.3855,409.11755,-7.139722,-70.35472,96.40506,111.02052,-22.088161,-2.7051892,-44.393665,-100.17815,-53.977615,10.292744,27.972065
-1491.3666,398.27637,-13.301062,-56.012646,89.50969,106.247925,-6.8074503,4.96943,-45.51358,-106.793686,-52.230225,14.627907,19.25963
-1515.5315,409.71313,-9.077873,-66.17539,96.40074,108.106094,-19.548193,-5.8662696,-27.713404,-94.657074,-65.00986,5.277416,17.22325
-1488.4514,396.04425,-31.853619,-42.187508,104.11498,84.2843,-11.708298,7.451996,-35.179718,-102.639854,-66.88565,17.534508,34.155975
-1511.8059,384.8391,-25.498226,-48.72006,114.07035,95.51535,-22.752838,7.799699,-30.240143,-101.82933,-68.98885,16.971966,34.042686
-1553.3677,386.8342,8.921022,-62.519287,74.779274,102.059296,4.937767,10.241032,-43.086563,-103.70955,-54.15795,14.372124,37.644318
-1592.3423,383.0006,8.300813,-60.4332,73.53435,83.11004,10.793345,42.927433,-42.69083,-103.9946,-53.436264,9.030354,23.639141
-1763.1869,316.51804,100.13988,-6.5104413,26.403797,52.48111,37.06832,43.91606,-31.459133,-49.113087,-17.75104,-13.152199,2.4296799
-1822.6309,271.2268,95.79521,68.06369,84.28893,29.520374,0.7214389,40.19851,-15.269907,-39.201218,-12.995419,-10.454197,-16.90021
-1803.4656,282.50006,75.012634,37.60871,80.7214,41.23948,4.2944417,56.9115,-1.9850826,-50.049995,-34.13379,-23.391273,-17.74943
-1753.3761,291.70453,50.33783,22.680767,99.588806,42.38554,-17.277195,49.112965,24.823532,-27.476181,-32.327316,-47.23726,-45.24594
-1721.4221,294.06015,35.801277,49.028385,100.275314,10.283347,-19.538513,51.08687,9.876696,-10.58305,-23.228548,-50.584812,-32.684273
-1689.1482,286.73615,31.41865,58.2695,122.71693,-1.3833222,-39.977642,43.836792,-0.26335144,-19.516977,-9.86198,-36.507736,-29.80492
-1658.3271,301.60388,0.7180935,62.040264,127.46362,-21.375183,-53.081245,54.268032,10.011887,-17.224012,-2.6421971,-30.954157,-30.215202
-1533.0256,341.9345,20.945934,58.177414,68.81061,-36.760517,-82.54695,4.9601936,-14.759049,-20.641386,6.52338,-15.108603,-17.489124
-1457.4594,378.95786,59.55107,79.731155,31.989088,-78.94216,-118.1463,-7.894396,-17.689463,-38.41523,22.593498,-10.164644,-32.233543
-1440.1442,379.9665,52.21352,98.769226,35.635696,-124.92094,-116.65109,1.4285984,-23.493557,-19.934223,41.54859,-17.409306,-20.089062
-1389.2454,396.93997,40.33988,91.536316,27.47464,-143.52403,-114.85692,5.8235292,-31.913883,-17.198616,40.463978,4.909995,-20.518116
-1371.5669,406.4091,46.719395,88.51312,28.116112,-155.02225,-128.77002,8.171988,-20.893002,-15.546229,42.39013,9.253467,-17.230679
-1391.4095,412.03833,69.561295,69.45656,26.4753,-145.9612,-143.77466,-0.27893543,-8.072613,-11.865435,37.11401,13.975853,-14.148851
-1370.2948,406.74512,55.306885,78.75649,3.2649841,-129.63203,-134.45949,-15.647839,-2.5540757,-10.919523,32.985905,19.393497,-9.327969
-1413.4958,422.18344,55.389805,73.69899,20.70101,-139.71469,-144.19939,0.8516216,-9.491168,-4.346191,43.089703,1.627636,-4.3004694
-1415.5203,410.5313,55.835846,80.81575,13.035454,-128.26065,-153.51755,1.7301731,-7.580412,-10.181369,49.80211,2.1682768,-3.5104027
-1430.0442,408.93445,52.862236,78.30615,18.79562,-128.28934,-151.48096,3.3389301,-11.935646,-7.733147,39.743465,14.883453,-2.066484
-1427.9528,388.12762,50.30741,74.19613,27.630589,-117.08751,-146.71149,8.606859,-22.050304,-16.168724,44.80309,8.754673,9.66116
-1520.6387,361.0418,68.00808,70.94833,39.44606,-91.739975,-138.00806,14.439316,-30.234667,-31.08261,25.767033,15.45384,15.619265
-1670.7148,325.4921,79.441376,64.83867,40.88326,-71.113815,-100.66907,-8.254097,-27.338432,-35.838387,11.772882,17.227402,18.365746
-1856.534,248.9822,110.72182,51.75776,18.339838,-21.263533,-62.710587,-14.027104,-10.274054,-36.543568,-1.6057888,14.611499,19.812174
-1655.6875,111.776245,57.04424,144.71536,-141.11118,-19.256186,-49.473335,-37.324375,-12.8502445,-23.756222,27.469954,-2.1420937,-0.057718277
-1612.7593,14.783562,37.38413,174.2207,-160.93608,-52.79113,-52.913372,-36.68852,-0.8919287,-10.703262,7.0689974,18.749687,21.636322
-1593.9541,123.82538,27.635612,177.42294,-94.872025,-68.206635,-58.348354,-11.583442,-3.2900715,3.9237738,21.62636,17.570423,22.619055
-1491.5322,306.57068,70.52189,126.38538,-33.26378,-104.47047,-120.845566,-32.998234,18.706804,12.348499,-6.0420265,-12.842197,29.393354
-1312.6185,424.1068,29.675869,55.829945,-23.440304,-132.8774,-148.33545,-21.865334,30.197311,20.311943,-25.05267,-31.913864,17.614647
-1188.4729,430.3205,-15.281459,11.420575,-40.337906,-153.0914,-135.0789,-0.11590433,44.51249,24.905037,-37.2498,-1.7935963,34.944992
-1096.9175,412.65546,-41.468506,3.9241567,-54.504753,-149.33241,-118.49513,15.458214,36.069828,26.372118,-32.577675,-9.594069,34.426777
-1126.3396,421.6637,-29.49326,-9.181813,-69.77325,-134.67572,-95.43363,41.59631,13.411816,22.217688,-26.60077,-11.570093,27.217918
-1119.1514,406.3757,-28.538662,-29.326096,-65.73888,-95.05615,-104.7375,73.94133,19.646608,-1.2586403,-28.606476,-20.373526,37.735443
-1098.49,366.88373,-14.878172,-10.684322,-107.89936,-49.432343,-73.10919,62.18312,14.978237,0.9329796,-40.89966,-7.5910635,41.49439
-1130.6538,364.19565,-27.052032,-3.335773,-106.6487,-15.463035,-71.88174,49.080532,31.78286,-30.529549,-27.550648,-4.9361753,29.502071
-1136.6619,338.53635,-32.752846,28.285904,-118.56254,10.901493,-47.785347,30.663527,23.408226,-42.283234,-19.59845,-1.1998768,25.740948
-1133.6028,324.21136,-44.07248,34.119156,-94.027466,13.661324,-39.16014,17.907227,24.922192,-38.585464,-36.565025,-0.026241302,35.540462
-1205.5159,322.48505,-18.705093,13.969468,-56.52045,29.372566,-29.051582,-10.467333,17.988605,-37.387005,-33.561806,8.146958,17.198986
-1208.1793,295.53656,-15.353975,37.39788,-49.726147,54.400696,-32.811905,-40.236374,42.082222,-53.52664,-33.172443,33.347992,-14.262766
-1222.7139,292.0696,-54.132233,66.2244,-22.938377,69.26917,-48.18474,-53.853645,35.514862,-57.96805,-22.495378,41.439606,-32.328125
-1309.9895,307.8711,-63.56175,48.638123,38.90763,68.93971,-72.111786,-49.260094,43.7471,-50.32314,-24.735325,50.42776,-32.771103
-1516.2638,295.82452,-88.556335,44.57525,161.04987,43.86089,-51.56189,33.665882,8.072098,-46.908188,-2.7024863,7.264145,-37.465694
-1574.8701,284.80548,-66.00565,68.66603,177.86761,15.563496,-58.395775,48.113094,-15.225952,-63.343624,12.759159,11.240162,-30.556637
-1577.3118,295.93842,-61.221695,66.79498,176.64804,-1.7858454,-71.01792,57.101112,-3.860139,-64.3551,9.356611,31.071636,-31.28978
-1598.2373,288.35938,-49.03769,79.404495,176.73267,-4.017578,-75.291824,47.55023,-11.420902,-64.94069,10.879681,36.342636,-37.76229
-1587.2991,280.6228,-65.53245,95.48033,189.27011,-3.8049502,-77.55003,41.200912,-6.4556084,-45.94855,13.831118,15.232342,-43.033108
-1330.3882,298.65247,-172.5216,73.29651,172.92233,46.54345,-86.764435,-49.434013,8.851532,-27.617249,-13.955278,36.662956,-23.592163
-1226.3953,266.44733,-176.87637,74.33838,162.0456,74.73255,-92.64611,-104.09494,16.063034,11.786165,-35.448627,59.268517,-37.171425
-1221.0579,270.41827,-187.29585,88.222374,173.54578,80.51747,-109.28138,-96.19932,-0.9310913,18.383007,-12.539083,40.19555,-31.707973
-1188.1621,263.60056,-199.88304,116.03312,159.06718,67.13976,-88.07691,-115.11978,3.5979042,24.39793,-15.185241,45.39491,-54.71197
-1175.1177,262.085,-213.79358,124.01703,161.8498,66.006966,-92.36973,-101.11711,-12.005636,26.345148,-2.694334,25.26351,-43.210175
-1124.3882,295.03375,-234.1759,73.359726,112.45004,17.435406,-56.63202,-77.47245,23.691776,37.145634,-18.979944,-10.853429,-64.11949
-1072.8733,270.53558,-233.01106,89.923325,101.123314,65.4254,-36.186295,-83.81422,16.980316,22.888863,-22.496653,0.48536205,-55.310974
-1081.2821,284.22845,-242.9077,83.28208,112.936905,65.60699,-52.161438,-78.94522,-14.2471695,26.294708,-7.146289,10.576161,-49.97721
-1036.7614,242.03494,-229.69415,121.0449,85.45593,79.50363,-38.321762,-112.38055,2.021885,25.740433,5.338116,23.36409,-59.66666
-1064.6135,258.0188,-235.59962,106.169586,103.73227,86.579285,-63.166702,-84.58963,-19.873867,25.076706,11.023571,19.766914,-51.765575
-1101.1809,269.10645,-224.0949,80.7896,110.9937,89.48091,-54.35987,-103.861664,-5.0690556,16.496592,1.8181746,24.768099,-55.783722
-1129.9884,261.2727,-199.48712,76.57045,108.72124,109.31054,-67.63462,-110.29214,-23.98536,18.962265,10.762036,28.476154,-42.951782
-1160.0372,273.38513,-154.22446,60.034904,85.29231,118.37877,-76.204666,-85.90989,-25.077951,8.166601,6.5706477,25.783365,-26.739546
-1226.2269,296.1661,-116.15225,31.762781,63.78447,104.44096,-54.848343,-82.14582,-25.164402,0.5314083,-3.0493143,30.226849,-21.466267
-1228.3005,322.83203,-97.690994,7.1677723,30.164686,49.332115,-10.132478,-44.810505,-6.0855465,-3.7447364,-17.75171,4.636633,-11.002073
-1373.3506,319.69116,-65.66241,31.92987,24.034388,11.171187,-0.049572945,7.0597,2.444538,-6.382568,-20.512625,-2.1481586,-5.1360636
-1555.1719,292.01105,-30.592129,86.60974,99.534195,21.502298,-4.554884,17.73307,-8.53812,-46.476765,-47.086258,2.1420288,1.1038866
-1572.4927,290.8368,-36.5823,88.157394,117.59131,7.6957827,-10.899265,37.41286,-3.8392363,-58.144295,-41.950287,-9.957521,-6.4398403
-1579.5592,294.64136,-38.570526,80.79932,132.73557,6.819149,-13.40506,49.559464,-6.9170265,-48.890335,-39.84384,-22.209246,-15.805187
-1552.7458,312.55237,-47.322266,63.469013,121.445694,12.284286,-50.071,41.6491,14.317698,-38.90579,-34.607193,-25.040913,-14.372946
-1575.1436,324.65494,-32.92597,36.875027,115.28624,5.3808746,-45.241943,63.412823,19.143589,-42.512222,-28.874947,-36.24887,-23.046825
-1351.9724,381.87543,-26.428774,-9.839342,5.7716646,-23.03485,-35.977955,31.40781,23.974247,-30.12639,-46.352795,-8.11289,7.869837
-1241.4143,392.0323,-57.344482,8.032579,-26.654837,-6.857167,-37.395164,-3.2244778,31.80999,-20.175053,-49.077286,-19.635227,24.38515
-1159.842,354.9477,-56.906475,24.849098,-51.56481,15.030204,-50.476154,5.934849,45.855156,-47.20154,-26.973917,-10.016483,21.853676
-1152.1301,372.36914,-79.66165,31.496983,-66.939186,13.903235,-48.49278,1.4333019,61.72735,-39.257046,-57.364113,-5.1580887,46.192726
-1146.484,373.14114,-66.3103,35.922283,-79.494255,15.188257,-43.6613,-15.86398,75.025856,-35.311466,-59.57207,-4.1627846,44.650993
-1152.518,384.0453,-64.036606,39.245537,-72.316284,-19.510963,-48.61556,11.023302,76.24701,-34.61695,-66.31851,-1.9010983,37.786087
-1178.2676,396.10574,-53.920998,36.64128,-78.109055,-29.821817,-60.03129,25.546581,78.68036,-24.136688,-64.24026,-10.369965,40.318027
-1177.1072,392.71234,-35.56365,45.775185,-90.75307,-69.91259,-76.20675,52.115448,100.26068,-29.11243,-57.863316,-13.448752,30.415955
-1256.114,423.06674,1.9240694,14.860576,-60.069485,-95.62105,-104.62829,72.90468,87.17205,5.659376,-40.78511,-24.819561,15.7246475
-1299.5459,427.57257,16.143124,18.86192,-44.265003,-134.84778,-108.23101,86.51362,76.02884,7.9270234,2.051482,-23.91535,-17.349764
-1434.2122,430.16006,67.20757,9.592289,-45.648346,-118.71217,-122.52991,87.14017,85.89613,-3.242054,6.978691,-0.88313854,-32.716976
-1712.7916,326.97693,111.476715,15.209446,-40.562866,-63.44108,-59.28739,61.80726,75.82697,6.8119082,12.468115,10.375406,-20.103928
-1395.9451,238.40518,-12.876579,130.20712,-61.12794,-19.24047,-80.87992,54.56041,73.87291,-68.68098,16.491734,-6.258972,-4.190201
-1024.3389,338.96088,-122.61635,91.70744,-28.521753,-16.472965,-121.58182,51.266617,55.12973,-54.95878,-16.099926,-27.51243,-13.827927
-867.2115,348.51138,-163.68109,44.37565,-15.825217,19.174448,-98.962395,10.048771,37.39206,-73.06807,-12.918208,-9.506718,-15.713554
-891.7322,374.23334,-218.00494,63.711006,14.96656,44.4366,-96.93273,-42.12199,23.194859,-63.920784,-10.151813,6.0411816,-22.46968
-897.2,323.94,-210.26927,86.686264,56.011898,50.755764,-88.16555,-88.0895,4.584752,-42.933372,-8.406071,30.59182,-29.103115
-936.6372,316.9414,-235.63675,123.70222,78.73015,71.835915,-88.434814,-122.49036,-8.554173,-30.62865,6.5395007,31.42561,-26.896431
-998.1806,318.7861,-225.61676,115.01453,106.32529,83.595055,-90.6089,-132.67853,-13.07993,-33.12641,-0.8071371,54.461815,-24.901981
-973.0688,287.63962,-199.81795,106.97693,107.25618,86.374954,-91.235634,-123.58026,-8.1371765,-15.31131,-21.169724,57.027397,-25.228802
-1022.4192,316.8612,-212.72159,103.56006,138.55136,77.28677,-78.606094,-129.54344,-16.884377,-17.244946,-14.928299,60.451008,-34.864735
-1018.6764,309.0251,-206.44366,110.85539,141.95827,88.71286,-90.92354,-126.13075,-20.960627,-17.314316,-15.31798,54.92437,-22.1555
-1052.4338,337.20056,-217.02496,116.995026,154.00223,81.34205,-77.86923,-142.8056,-7.745511,-12.051167,-32.39007,62.935406,-30.746716
-1068.8647,323.47552,-205.16159,122.65576,166.9202,79.21358,-79.27924,-139.67276,-22.952724,-0.60679245,-43.61707,44.653034,-30.242275
-1108.8357,325.20734,-199.3927,114.4637,206.56474,85.3131,-92.51941,-135.08958,-31.912561,-4.326049,-28.856762,29.147568,-38.864067
-1123.0785,315.51727,-196.04892,110.2752,207.31976,106.53864,-88.74049,-149.05933,-32.425785,9.157239,-29.75758,23.032177,-46.06988
-1162.2207,313.97583,-179.28694,93.63983,212.31195,102.401146,-85.78214,-129.09987,-34.306255,5.2195187,-24.575953,14.73358,-43.65079
-1187.0499,326.388,-184.03455,95.17473,213.22545,91.14701,-97.70717,-121.468285,-36.27572,12.382824,-22.515417,17.182865,-46.542656
-1138.9211,308.4097,-195.4026,103.62062,196.0311,86.17846,-85.9308,-123.73959,-39.78811,7.408592,-26.974463,24.71251,-50.8686
-1150.2931,324.8927,-198.19814,91.12512,200.40533,82.694244,-86.00362,-124.141556,-45.890945,-6.0203695,-16.088457,23.66537,-46.75267
-1141.4727,320.88348,-197.48933,90.00792,200.76974,85.0136,-100.83554,-124.6459,-51.397858,-1.0477695,-14.481589,29.961964,-56.13395
-1168.7017,336.1911,-192.7898,76.868576,204.1903,75.79968,-115.8665,-110.10098,-41.62182,-14.983746,-6.8516965,17.251766,-54.365387
-1116.2637,301.06113,-205.6341,111.65483,181.78207,63.304276,-101.34999,-104.42512,-60.788223,-13.467147,13.7164545,9.953923,-54.76351
-1144.1378,309.18604,-210.59909,96.76091,203.44882,57.866096,-103.100044,-107.49661,-48.789078,-18.486248,24.181501,8.341008,-59.178864
-1184.3301,315.98666,-214.26224,85.74213,212.25514,61.401527,-98.909584,-94.67831,-65.14073,-12.47531,21.729994,16.406132,-57.609005
-1158.8635,298.4671,-223.28131,83.633896,205.31125,65.26741,-88.95973,-101.560425,-68.46863,4.4987173,18.678421,8.53267,-38.64998
-1190.9135,293.97577,-223.1829,101.3278,191.92024,61.69958,-84.39122,-90.423294,-56.26203,1.213922,24.112026,3.008635,-53.285217
-1245.7405,304.5012,-213.68793,82.166214,197.08769,69.81979,-94.670746,-77.92718,-55.853012,-14.435226,38.081314,3.7450848,-58.43663
-1306.6313,316.6247,-186.81096,77.09862,203.53745,68.52098,-109.8773,-73.45005,-53.202507,-11.910004,32.000027,14.274883,-44.705345
-1271.356,310.6494,-186.84912,68.89513,188.29279,72.41139,-90.83551,-83.60618,-41.425987,-25.903046,24.614326,12.931232,-45.488716
-1303.6631,313.1223,-151.86887,64.26109,169.20145,69.99858,-88.71237,-79.09489,-51.98266,-28.882877,24.374508,30.115376,-34.40853
-1302.3848,320.21167,-140.2398,55.7957,143.11343,64.06702,-64.39889,-88.186226,-56.397446,-29.54557,25.387432,46.2863,-34.73754
-1276.595,317.5548,-150.20117,59.931305,124.50466,56.314095,-64.03514,-68.06511,-58.220074,-36.993893,34.603348,33.115307,-26.09879
-1344.3021,326.2974,-89.763985,46.847008,80.928734,58.816494,-56.420383,-49.53717,-49.235645,-63.943176,28.802172,48.81401,-10.4686775
-1354.7644,340.8573,-51.432236,15.885747,37.794785,51.530922,-36.76696,-17.994766,-52.433937,-82.1007,22.799942,43.22283,2.3608284
-1379.8079,305.01984,-6.073204,72.40509,-20.931097,21.61145,-37.9039,-7.854886,-32.359245,-62.175728,15.734605,20.88128,-3.5225697
-1525.8892,231.28802,16.254734,92.25931,-9.951829,-15.78603,-10.637437,0.12081528,-24.103132,-20.920044,24.74412,-14.862526,-32.431175
-1307.6797,67.29316,13.925315,149.78232,-158.81447,-73.86781,-31.547306,36.96774,-11.1386795,-10.228008,50.31024,11.311451,-33.37234
-1371.0583,-25.37871,18.758778,161.69647,-156.26723,-93.58842,-35.86387,20.457764,-0.82180786,7.702975,20.968237,8.90696,-23.106327
-1544.4172,117.50683,26.262291,170.87643,-90.07173,-104.38573,-36.913094,29.376938,20.376348,29.630733,31.627848,16.065144,-5.8031764
-1640.5889,269.29822,94.52141,105.30727,-23.594124,-89.76023,-93.71845,-19.729237,13.086275,27.986998,7.3223166,-1.5200901,3.0957355
-1508.0881,368.57712,76.85934,48.242413,-22.938856,-98.14492,-114.969345,-36.922615,14.923031,34.5908,1.196048,-7.6361055,13.031868
-1278.3535,436.14017,9.17254,9.443829,-40.334297,-138.65425,-138.8682,6.805423,55.87792,37.515694,-15.195621,-36.9962,-10.550289
-1101.2742,390.86447,-22.350956,13.19808,-72.15466,-139.43396,-128.02258,14.7609215,60.483414,47.952347,-0.5773026,-18.881943,-14.236444
-1128.667,436.6501,-53.616272,27.084345,-16.237457,-188.12354,-109.608284,52.669754,47.381844,37.81202,-19.309196,-15.238379,7.191906
-1167.4585,445.0726,-38.65683,23.503185,-17.845497,-183.67354,-98.56343,55.615597,45.131184,34.359936,-38.89314,-14.666363,17.462395
-1144.2563,451.08624,-59.68923,34.273987,-38.552757,-174.10379,-76.22005,69.54735,44.657967,18.47116,-36.627346,-24.355202,24.981102
-1036.0486,394.9726,-105.65013,100.485,-67.341125,-167.16193,-41.68297,30.548206,51.89267,29.93612,-65.51721,-9.721597,18.44723
-1171.5385,426.7074,-52.6313,66.254425,-31.55873,-177.15881,-78.663666,82.535,34.765198,7.000787,-32.046124,-23.899021,17.503197
-1216.1733,432.51074,-30.18816,39.288406,-16.003178,-162.0365,-87.154785,90.35118,40.654755,-3.1090689,-24.45486,-25.659508,17.29755
-1172.8472,433.4834,-54.763775,36.942974,-24.947712,-161.75903,-69.122696,85.97162,41.24475,0.735487,-34.130386,-26.43526,21.460058
-1189.8668,414.93268,-43.493,48.492104,-13.060179,-161.41107,-76.6685,98.66203,33.273903,10.158104,-36.228283,-13.665222,22.462223
-1198.406,405.3345,-32.7953,34.930115,-13.230077,-153.33511,-76.93144,109.87869,39.033092,6.0530405,-27.043932,-20.024216,16.59319
-1213.7905,409.1306,-41.34869,46.280502,-9.734816,-154.20563,-80.71634,128.89905,25.229237,11.248982,-18.936043,-22.442158,5.2276907
-1230.7213,398.10883,-27.31117,62.843086,-20.985126,-142.38481,-74.07744,112.36034,32.53365,10.625925,-6.54815,-38.724625,11.898507
-1319.6704,384.9746,48.557102,46.735268,-41.276344,-104.85608,-77.21239,88.338455,35.672436,7.352481,6.5543785,-33.790653,-4.0415573
-1300.4904,386.20453,35.26935,67.66204,-59.690613,-118.80913,-74.12123,103.04335,35.13112,9.866951,24.777618,-50.175262,-16.813118
-1322.7402,373.6932,51.89543,66.66478,-70.60716,-104.96558,-54.58629,76.36357,35.761597,18.798075,29.06368,-38.85222,-23.214642
-1342.4198,368.0047,56.713074,61.594498,-75.049484,-82.484924,-64.43666,83.54643,43.8078,25.245861,39.8639,-43.20937,-34.011444
-1463.2777,354.82727,65.63554,68.44486,-33.709373,-60.173615,-70.5491,65.320206,51.046486,10.542721,50.836063,-35.250645,-35.63874
-1562.6936,334.16266,53.05004,64.862686,32.185623,-47.89147,-60.182938,54.31387,34.59764,8.526283,51.34457,-9.9572735,-23.629879
-1555.1176,331.16748,7.5255747,55.626488,75.86642,-32.366398,-51.55571,65.309746,17.047243,12.4359455,31.309881,-14.680405,-14.591131
-1569.4535,308.175,-20.557175,77.86945,105.33128,-25.091072,-7.909954,58.645584,-14.928114,21.18029,14.919029,-38.677406,1.5608506
-1569.5061,306.64124,-17.681442,72.53605,112.294235,-10.17686,-13.649904,52.320152,-14.965027,9.857483,9.769945,-24.824383,7.9747677
-1602.1688,295.31378,-1.6870861,76.95344,123.4827,-7.6306,-19.578564,56.429157,-13.177738,10.323537,12.265503,-23.498608,1.0963664
-1636.7495,299.2375,16.816574,72.309875,128.41959,-5.662388,-23.844727,60.57245,-16.657894,-9.807497,10.878954,-22.201757,9.72678
-1567.492,310.2448,-16.029964,69.066315,122.12904,-13.33328,-23.457163,62.833527,-7.701461,2.7231255,3.616801,-22.312113,5.216504
-1613.2839,307.6812,17.028719,70.11685,109.06483,-4.8949776,-27.809887,54.146935,1.7023888,4.811722,-0.25831228,-28.48853,4.6145053
-1594.7734,302.77008,13.766115,66.42647,128.65897,4.4222193,-41.450768,50.914192,7.696305,-5.4375076,-9.178458,-18.944006,16.977943
-1517.5215,296.72556,-13.279739,75.3264,114.32592,-3.762123,-25.69158,57.372215,-9.9956,18.398472,-5.91889,-30.33189,20.739105
-1476.3419,298.18738,-43.948883,78.39425,134.33643,-14.615761,-29.146393,58.283333,-5.1102295,16.134691,-8.7379,-38.23487,32.74279
-1531.8279,301.94794,-30.746487,78.08125,145.77414,3.4780617,-46.069843,53.132896,10.467287,-2.0645647,-10.318065,-22.379574,23.774458
-1485.8685,296.1721,-43.51155,76.98318,131.81879,-13.633581,-28.460373,63.763412,5.768385,7.7036724,-9.051673,-29.178102,22.458937
-1553.8684,308.3783,-20.937057,67.761765,139.4149,7.4692535,-48.766197,61.63579,12.627913,-4.601307,-13.508463,-28.070713,27.628738
-1506.71,306.69653,-33.301605,70.891304,125.56337,-3.7218723,-34.10367,59.938484,5.845251,5.4399385,-9.969331,-28.532013,27.036467
-1497.5002,301.2348,-26.546919,78.70397,119.15664,-6.7486744,-26.24833,57.401978,-6.804426,3.7520418,-0.8555702,-27.991966,26.735945
-1574.1594,317.07416,-1.2175903,58.569695,126.89017,2.731041,-31.990782,56.582787,2.532277,-1.9386902,2.8759444,-23.896746,11.509781
-1581.1871,293.96112,-0.01412344,72.439445,134.38217,0.14550781,-28.38136,68.61569,-3.9909878,-6.8938503,10.742235,-33.381287,10.108102
-1531.3923,312.06952,-18.96409,70.25688,117.83546,-3.6353645,-30.456894,59.39788,0.98616314,-3.794077,-1.700951,-22.150433,14.331105
-1436.9529,299.39563,-52.076828,90.15475,107.84604,-36.696796,-18.748343,71.33394,-12.829701,14.534931,-2.5360305,-37.2435,27.876766
-1451.1063,301.57596,-49.90373,95.789154,113.224075,-28.074986,-8.801992,60.627026,-21.439999,15.084955,5.0498533,-24.11563,11.739757
-1440.018,304.0622,-64.37277,100.51811,111.77162,-26.405369,-9.135291,66.423035,-23.825832,9.047535,13.9916525,-39.07787,20.386246
-1439.6487,302.90106,-53.85973,90.491844,110.50079,-23.605442,-5.135373,60.408672,-18.23471,15.866189,3.0456648,-33.94108,13.991596
-1450.2078,295.75378,-59.037663,102.11049,126.713295,-27.395124,-15.466252,59.758522,-9.613207,16.060722,-6.3522596,-33.613853,19.560913
-1393.7588,295.20404,-66.748055,102.550064,104.72218,-39.24039,-8.719665,63.228104,-22.144356,17.354097,9.986398,-39.99041,20.246284
-1420.2468,300.02917,-49.866814,86.01803,106.78073,-18.763298,-26.172176,72.980835,-12.30419,12.232683,6.1659613,-43.133835,24.457663
-1409.3315,289.8659,-47.6171,96.45148,105.05495,-21.76935,-18.279078,67.76863,-21.160152,17.904274,9.60877,-41.725876,22.26751
-1487.8635,299.0833,-4.707197,65.40912,127.66163,-2.8195782,-50.879684,74.80585,-8.521677,7.066084,8.948314,-34.909454,12.401388
-1521.4697,301.10657,-4.230143,65.58442,131.09984,5.5296535,-40.374573,55.402496,7.6009583,-4.3507905,-6.8079405,-14.956457,14.063105
-1535.3787,297.94568,-0.45012474,58.51853,134.22545,20.222557,-55.611874,60.565933,23.186054,-9.447971,0.22445321,-15.063885,7.9496036
-1528.3014,298.18713,-10.575615,69.147644,135.42326,-4.9787006,-39.732723,59.608562,20.03518,1.6061621,2.90943,-19.821648,8.203221
-1536.9149,314.32123,-3.2304163,61.15712,130.09845,2.9752026,-53.02861,60.585655,24.480305,-10.236727,-6.8416677,-6.06592,13.496802
-1494.9673,298.2475,-5.2712727,83.58471,121.957664,-9.903147,-43.420975,57.876976,-1.7519593,1.6226368,5.971696,-17.735102,8.436687
-1490.749,315.15753,-14.841187,56.511322,114.597374,7.904106,-38.18548,64.895905,-0.20758104,2.9946623,11.280327,-28.301556,4.497299
-1415.409,303.72064,-60.594612,98.56705,117.41257,-26.218346,-34.89242,63.95742,9.041361,10.576307,-7.1417475,-28.06154,23.389326
-1427.5449,310.1949,-44.397186,77.18258,119.92901,-15.941806,-39.438103,64.498474,-1.5848904,2.0632925,5.1870027,-33.66733,27.172709
-1446.263,311.21252,-45.323326,81.34274,117.667496,-23.677015,-21.455017,65.87909,-7.3413734,2.0851374,9.383832,-32.728264,14.273289
-1380.3525,289.46097,-67.54147,107.99394,113.17495,-47.317577,-19.362335,78.27116,-6.694437,13.676237,-1.2793652,-40.961205,28.418463
-1493.7823,317.21384,-6.855667,58.565796,98.0052,3.7799282,-22.800713,48.84368,-7.3039513,7.015421,8.620227,-25.990595,12.016289
-1404.6448,297.99756,-59.18307,90.24802,122.37921,-34.88095,-30.690006,69.39557,-8.174659,22.87838,6.5412364,-42.644096,18.876263
-1506.7069,312.76215,-2.5665607,60.12753,110.37083,4.410122,-37.317657,51.230255,2.051608,7.789083,6.8489113,-22.670336,6.4296017
-1532.8704,323.56256,13.4473,46.121143,102.311966,10.111309,-33.616325,44.788025,2.9753857,10.122763,-1.0601099,-26.833601,17.199247
-1545.4614,311.2663,18.122993,49.988834,106.18805,9.130526,-30.515638,49.01931,-5.6892395,8.809711,13.195392,-26.03658,1.531187
-1546.0647,319.94257,14.789413,47.768456,104.97673,7.1347904,-37.802094,55.24729,0.3653078,7.800454,10.962937,-20.186863,5.537057
-1530.4883,309.835,16.006523,53.783157,99.32707,14.515388,-27.006424,41.429413,-9.081193,5.0017414,6.4225483,-17.367014,14.957583
-1567.602,313.17035,32.940514,56.903587,98.551865,9.054807,-38.925568,40.67018,-4.0600996,2.5557508,14.546723,-14.197364,5.3126583
-1573.9243,310.3908,29.359062,54.677345,96.6797,5.822859,-26.207108,41.27169,-7.580386,11.974373,13.169736,-25.412346,-3.7664537
-1612.7972,306.32388,55.635216,59.4027,80.16705,0.9503765,-30.523443,41.947754,-6.103614,-0.10015535,14.601516,-10.55797,-8.733396
-1626.5947,304.1202,81.51572,75.30397,61.5054,-6.8055067,-34.004494,29.878777,-5.1133966,10.987169,14.016082,-22.364584,-4.8266554
-1663.0375,276.69916,114.51659,84.67204,58.05131,3.6880627,-51.083843,29.455475,9.583571,4.436176,3.360269,-9.571579,1.6583004
-1722.3658,229.98997,136.18335,83.246765,31.756899,28.681597,-41.230164,21.906904,11.328542,20.823778,-0.47335562,-15.614756,4.280945
-1402.0117,112.80322,115.13235,109.353226,-166.85571,-50.918503,-78.42854,38.821213,49.687645,8.514753,13.724454,48.558685,-32.203934
-1439.867,-48.69773,65.07443,79.060875,-160.4123,-67.392746,-123.10362,39.787277,18.204655,43.95762,34.080387,48.5561,1.8000259
-1196.6842,101.52702,65.66689,137.14844,-106.78244,-82.61543,-86.412056,62.010498,-6.4627047,20.376785,1.2290128,5.7285795,15.514056
-1073.9872,321.0886,42.23104,40.780193,-58.148823,-90.30475,-105.63795,-16.498373,-0.34632778,10.175949,-2.380535,3.9667194,9.544775
-770.6802,311.73755,-31.168413,-12.825471,-85.82088,-81.32373,-81.012344,-23.291315,-12.845779,20.593441,9.675598,-2.839445,-10.809509
-536.18024,249.43774,-58.100574,-46.31356,-108.745186,-71.93182,-56.87908,-37.144657,-29.948349,22.57619,34.760223,-1.4160738,-28.733063
-529.1178,249.74786,-60.824684,-47.41087,-109.2884,-76.366295,-58.619637,-42.254646,-29.511986,32.51224,28.745356,-6.2724066,-18.803848
-749.3102,316.47137,-41.730644,-33.265453,-74.55572,-88.92891,-87.97827,-16.81699,16.675173,30.51818,-0.29012203,2.7571115,-3.7915406
-809.1045,323.4734,-46.00061,-11.952686,-77.70761,-111.78857,-88.56729,12.007987,32.407547,31.20264,-29.315454,-2.5313177,10.683535
-939.65125,357.20956,-9.548046,-26.160036,-73.025696,-107.12282,-103.95546,48.032166,64.0731,17.476318,-46.720417,-17.317017,13.80615
-1040.4692,391.1405,3.412376,-58.647762,-65.168755,-64.48365,-130.46732,94.78619,54.747597,3.342163,-60.50494,-34.173595,44.33864
-1061.9988,384.75546,-3.0340834,-62.781803,-51.64406,-27.247538,-142.23207,133.91086,33.69708,-5.015684,-56.55785,-56.10086,52.96677
-1092.8027,363.50238,-21.490381,-31.133408,-40.994522,-10.342201,-123.451866,108.94629,54.24026,-34.67168,-48.955086,-35.626644,34.158695
-1112.0583,357.53387,-32.809204,-36.66298,-6.830249,11.583862,-139.74791,122.657646,32.26379,-31.077682,-52.245255,-37.796463,50.33498
-1146.4512,375.65683,-47.64244,-39.21522,25.090767,18.61792,-132.98598,109.90405,35.652954,-45.22941,-49.61545,-28.535248,47.058937
-1139.5054,370.74268,-39.701115,-30.162788,15.572297,25.132324,-105.81442,88.10465,30.550787,-49.526375,-46.749916,-15.08436,31.086195
-1142.7341,370.44928,-58.24836,-8.065568,35.059235,9.03454,-91.42173,88.228745,25.500471,-69.34374,-33.550083,8.812653,11.989553
-1232.64,363.4203,-74.25888,-0.026182413,94.4243,-16.941017,-63.381676,99.16853,1.3364847,-44.443466,-32.96467,-6.7781773,8.138136
-1366.3732,286.6104,-85.265015,61.006996,122.74733,0.86719227,-14.423675,107.23065,8.4993925,-40.080242,-21.382051,-18.846645,-3.6331413
-1392.7908,248.7894,-82.37985,113.24327,140.59271,12.850203,-20.088802,74.463974,-23.68608,-51.321877,17.638,4.2498302,4.5273104
-1406.8572,231.13144,-61.97923,130.7044,154.11028,10.648907,-47.018,65.34112,-8.935439,-46.2073,34.126465,2.7992134,-14.210147
-1094.6543,69.95328,-119.66776,208.37363,100.58117,45.22723,18.726284,0.66500187,-7.4580603,-16.775726,13.838702,-8.54979,1.9218149
-1245.8694,97.89656,-80.780716,219.02307,100.92641,45.40354,18.122807,5.38532,6.1980047,-20.153088,11.1406,-4.323696,-2.611831
-1544.8899,224.02354,-9.236079,120.657776,198.01541,42.80213,-50.388885,45.85118,3.2756138,-44.917767,27.677195,27.330654,-25.84722
-1202.8756,247.74115,-83.548355,40.530254,173.9778,65.291275,-45.295456,-3.3503418,-10.54501,5.895694,34.823,24.829472,-52.336815
-1255.1838,314.4374,-96.9467,54.556896,205.10928,77.13584,-92.74043,-33.26584,-10.00271,-16.29091,48.986477,36.92563,-46.750122
-1230.8656,295.2509,-96.43692,81.65964,168.38153,96.2614,-99.1904,-52.998302,-11.961111,-17.779947,50.627804,30.905607,-35.268547
-1084.2295,232.64279,-132.95125,121.93144,127.10061,110.8079,-59.209435,-89.08711,-24.217743,23.652367,44.35724,5.212187,-20.193657
-1172.2339,264.11246,-103.21822,90.73532,146.01492,134.5816,-86.77002,-80.04405,-7.80899,9.9088745,49.18177,4.0506897,-22.406176
-1088.7375,251.80954,-130.1206,110.731476,105.75418,140.51068,-59.217987,-96.97206,-5.678051,31.176754,52.129284,-24.797047,-9.403997
-1195.1644,277.41815,-79.214485,70.44711,107.39201,163.45099,-94.35899,-68.949005,-2.887815,2.0652828,62.285397,-22.19557,-5.4872746
-1240.2427,293.29822,-56.67729,44.706955,79.673164,147.79742,-65.50333,-54.728798,-9.178815,-4.6104226,54.77049,-13.515957,-13.859931
-1281.277,300.1879,-33.76706,35.620205,41.648354,133.94977,-51.271786,-36.20069,-2.2758086,-11.619108,32.73019,1.1046519,-7.4978733
-1257.2706,298.30963,4.313435,6.398693,-39.01253,111.34152,-8.951292,11.76495,-17.102774,-10.391185,9.329471,-21.840538,13.274094
-1410.2407,299.29962,60.135727,61.581432,-34.17584,40.700012,-40.292545,16.436893,26.919317,1.7022352,16.53271,-21.376366,-7.3152943
-1570.1135,262.56622,140.84613,61.521526,-53.66302,27.73951,-59.857807,37.25746,30.925674,3.882841,53.64931,-18.385168,-27.235085
-1795.8873,194.6979,99.978775,32.406567,-27.029388,21.347876,-35.20591,28.183247,27.747637,16.18348,24.778101,24.156334,-8.315378
-1397.3469,106.83008,83.27205,58.076454,-196.83037,-110.03778,-91.63467,-5.8488445,10.909099,33.508125,25.34375,60.140694,-2.350337
-1489.7175,161.79037,95.41124,112.67457,-77.09921,-84.29224,-80.53497,24.552986,-20.228447,47.442665,14.03734,8.1796875,-3.6936646
-1439.0295,393.27368,111.53917,53.124992,-9.797999,-103.06407,-126.5842,-21.079453,-6.944129,35.25769,12.464843,-3.3326101,-5.10139
-1370.2322,426.828,84.51518,43.261917,9.668362,-121.72238,-145.39731,1.0793791,-13.754553,25.676044,20.412378,-28.572552,1.9917874
-1323.6818,433.67493,53.137527,51.63964,11.16856,-143.75027,-133.84766,12.279832,-13.035118,29.8637,17.513145,-36.42401,-8.428383
-1359.814,457.57523,63.147717,34.039932,11.1017685,-137.59497,-133.83167,3.30616,0.1173687,21.253998,15.130816,-27.726982,-12.730944
-1290.0726,435.20172,39.26335,62.304794,4.406598,-163.25238,-128.82729,15.038756,-9.432711,37.124176,12.616535,-28.42981,-22.679914
-1256.9271,428.42682,33.134605,64.07422,-0.22797108,-182.21896,-123.93073,24.46215,-7.110757,38.533485,14.854498,-22.610008,-35.783707
-1296.2097,451.11917,31.117596,54.346798,-5.219595,-185.06412,-129.87056,33.9461,11.624914,32.953163,17.726864,-37.29261,-31.73274
-1325.6598,446.77307,55.093304,28.134462,-10.540295,-157.07501,-125.757996,20.633957,24.577251,26.142464,4.1358047,-29.32618,-24.508038
-1300.7717,440.36124,20.876902,44.124443,-8.106849,-186.76443,-122.45915,48.8488,13.8586235,36.114002,19.325853,-33.709484,-32.127583
-1366.6813,422.36,48.340916,27.995975,-5.745762,-164.01216,-102.60424,40.522533,25.889116,37.47549,7.1815815,-19.837978,-14.616232
-1329.6106,411.45706,25.481964,39.655415,-3.3386884,-161.65976,-91.7877,51.949814,14.959337,47.127403,3.5992815,-20.133463,-19.501997
-1401.3948,418.39758,37.784393,43.23288,-3.3019514,-156.75427,-86.08794,38.628456,30.161926,38.66182,12.372018,-21.920097,-20.084564
-1329.9137,400.9226,-8.362025,62.29657,-7.6860294,-169.33566,-78.13324,48.249573,15.162118,51.406242,13.609649,-22.215109,-27.155396
-1370.4307,387.61877,12.440994,56.593964,6.3973494,-176.01208,-75.55061,49.64527,3.2836542,35.3263,28.215155,-16.233355,-20.017147
-1398.1245,394.86682,28.142006,40.199455,-8.311333,-143.89856,-83.88016,24.542027,28.369408,44.903076,12.862103,-13.2459,-7.4115677
-1395.4597,393.5274,15.345642,52.025497,2.2108717,-144.2641,-87.657486,32.234695,22.367352,45.51794,10.173821,-6.788086,-6.1979065
-1390.342,381.96323,19.034863,53.814117,5.397182,-140.20557,-94.327515,41.735596,18.250368,44.770462,16.984602,-21.93451,-3.5306296
-1416.2795,380.31906,22.778069,52.618206,16.709389,-137.17082,-94.01991,29.255463,22.933792,42.144726,13.183916,-17.242378,-2.6178598
-1504.1414,395.03757,49.025913,43.444252,9.236989,-124.85251,-92.628105,23.787436,33.837215,30.571281,-1.5854862,-9.320617,1.0201874
-1456.9861,374.52496,27.470737,54.988285,16.202011,-124.334015,-85.842094,20.830395,19.320633,48.534298,1.2721173,-14.901272,-10.248798
-1501.1077,386.37512,47.395824,42.19412,12.995229,-107.36101,-94.52625,37.54052,18.428068,27.44426,13.722648,-18.185009,0.898098
-1530.1201,382.91702,73.41909,35.50902,-0.30868554,-97.801994,-90.59563,12.521032,35.83137,34.59189,-12.04673,-7.044855,7.412979
-1534.156,384.88492,63.85296,40.401733,-0.35949755,-108.22696,-82.470566,10.633557,28.116556,32.114605,7.7177434,-20.78957,-0.19769669
-1479.681,374.1552,40.896854,46.41977,-1.1923273,-108.1927,-81.129745,19.95237,18.539455,40.652565,3.2077029,-15.267679,-0.07034969
-1526.2566,384.28864,62.120247,39.376015,9.70047,-100.20088,-83.56675,15.06049,23.769505,31.018164,9.514188,-13.570791,-5.9027357
-1486.3342,376.17126,50.54637,58.62008,-5.742131,-102.19719,-85.48394,24.186153,21.126013,37.06781,-2.7360547,-10.819021,-3.4343414
-1476.1998,370.26556,41.41487,54.92586,4.4691153,-102.26395,-89.56309,26.275791,14.170127,28.602884,2.7373333,-9.970552,5.2708673
-1527.2485,386.74567,50.192863,49.442688,16.257376,-119.87383,-82.06146,24.831808,24.050934,18.56097,3.517777,-4.710395,0.62261295
-1496.4575,367.74612,53.668526,51.948006,-3.2137036,-100.36458,-76.56984,19.713985,19.42741,30.417583,-1.9726937,0.3330021,4.8240547
-1568.0181,376.51926,84.21211,39.4987,2.6476312,-94.43346,-79.61547,11.799783,22.23236,27.243734,-0.77814275,-3.9362183,14.552833
-1509.1641,370.24927,52.588585,47.919388,-1.3336763,-103.335526,-71.76201,19.73057,12.305962,32.21519,-2.182699,-2.576745,5.079531
-1573.9979,376.5006,75.30967,41.41675,1.0562682,-93.246506,-86.29854,10.665665,20.69076,21.92075,7.0195947,0.7092867,12.02516
-1589.4886,364.4745,76.404175,34.888634,10.2272,-78.92816,-81.32266,-3.1730204,15.791615,32.07953,4.882875,5.5186787,13.11787
-1595.2029,355.52258,81.08088,38.685913,0.48239,-82.776215,-62.695244,-0.8575661,12.455577,27.779093,-3.846121,12.723059,19.940544
-1628.9404,361.22437,96.212135,35.926674,11.676938,-81.64314,-85.44874,13.797486,8.596445,35.17027,9.214519,-7.421734,18.352457
-1624.6638,374.05493,89.494705,20.189793,7.579815,-79.16621,-72.172424,7.9463787,-1.0672197,27.796392,18.54929,-3.909727,12.769826
-1635.084,371.2422,93.646675,24.870235,3.0628257,-84.209816,-76.96171,2.1921043,18.716286,27.919432,4.912844,0.2931671,6.2922773
-1623.398,363.8631,94.401245,39.26039,1.6579843,-89.58801,-83.50018,10.647867,20.11198,31.03024,3.2898183,-5.933441,2.745717
-1581.9247,357.77988,84.18126,48.058716,-6.227539,-96.808655,-78.22009,19.770851,7.8972836,31.25606,13.570658,-13.829432,-2.2517252
-1577.7019,367.56104,74.695595,49.25394,0.58965415,-103.805374,-80.29065,20.752476,16.90336,26.03922,11.365847,-6.8709583,-6.9228234
-1570.5743,362.28333,80.6405,36.810276,8.483548,-114.06912,-68.24555,12.796346,18.921942,28.274021,7.2437024,-9.648258,-2.5391636
-1601.7661,362.2517,89.07349,51.230743,-7.2710867,-103.62048,-73.336624,7.6355863,20.327417,38.67943,-2.7953556,-3.6684666,7.693438
-1604.5862,356.17728,81.512794,53.691433,6.0040836,-99.8625,-72.3,17.954464,7.69184,30.67035,9.912176,-2.9684153,7.352353
-1616.508,355.81494,86.96863,60.293163,7.4990892,-88.8609,-69.149185,-2.1873155,6.1749377,37.69047,14.526083,-4.1916847,8.325422
-1610.8826,350.56354,96.85745,49.321823,0.96693563,-91.39964,-68.36196,-9.482287,25.391705,17.46517,7.7307234,12.729109,10.4966545
-1637.3171,352.8863,97.82492,76.05714,5.8212156,-97.87375,-75.986244,-0.872962,9.102636,26.462261,12.639759,3.2990685,5.2867546
-1617.0658,359.87323,86.55243,78.116005,6.62076,-102.85185,-60.034225,11.646116,-2.7179475,22.440361,21.782345,8.825618,-3.1486158
-1603.1877,362.09125,95.21078,74.160515,15.766791,-106.10114,-57.025585,29.43673,-8.786968,16.485813,30.502186,2.1823626,-6.3425584
-1565.0952,366.59003,73.408,69.01952,14.60902,-101.2666,-50.806694,25.185345,-1.2606858,25.885054,11.755834,5.3786182,3.506215
-1538.8018,353.20868,57.464973,87.51225,16.049585,-124.7576,-51.67044,32.550922,-7.39559,30.961199,28.12452,-7.0089283,-9.146774
-1540.9785,360.02002,54.732006,79.74341,9.7955,-110.86546,-52.32521,27.08645,2.5212784,30.09203,14.724461,-2.7701006,-0.27521336
-1607.9434,359.59494,97.05063,71.65421,8.545138,-108.644806,-58.658302,24.40186,3.3541613,13.011353,14.533648,6.1129146,16.29469
-1552.21,357.2359,65.191605,67.10705,4.9445434,-125.030785,-57.059254,17.474867,12.747162,32.62339,9.59755,-2.2153397,-6.9973145
-1598.627,356.62238,73.94702,58.15618,-8.915372,-94.476074,-64.41712,6.538022,11.463051,32.021614,-4.1743155,6.9057493,8.2561
-1619.7592,348.41333,78.293076,61.848152,-3.5013723,-110.6806,-58.974564,17.857876,-5.0747175,22.82604,19.12503,1.968853,-0.3217926
-1698.0457,366.10333,117.60196,34.529873,1.4402838,-82.854675,-76.76515,11.209667,12.18585,25.438408,11.496786,-3.1461,11.885706
-1538.782,351.143,46.21234,48.226994,4.46086,-116.05306,-48.699017,20.867126,5.4468336,35.73137,23.277155,-12.01837,-12.878652
-1595.2668,351.3352,81.04611,46.151115,-7.62718,-96.18704,-53.702705,5.9262724,-0.6471963,30.336971,7.99621,3.099968,11.387272
-1572.0725,351.5841,69.93509,48.416973,-0.58268416,-111.72796,-57.874695,11.522612,5.733282,33.700203,16.761269,-7.4510756,-3.815445
-1561.4753,361.19113,48.237144,56.758163,-14.255331,-103.078415,-54.702118,16.207367,8.373055,34.9958,8.789278,1.1981659,-2.9935856
-1544.0146,350.1419,45.016846,64.34731,-11.631441,-114.73749,-46.760983,20.936993,6.520609,35.287483,8.931949,-0.77760506,-6.1469173
-1639.6553,357.196,91.484695,48.730927,-2.5403981,-85.87579,-63.53559,6.3036404,12.278021,22.129154,9.121838,2.7674904,4.335222
-1551.7637,351.6971,52.75331,57.503036,-7.3464465,-105.72439,-58.889286,22.741123,6.666049,30.614317,6.4179554,-1.8236904,1.3796818
-1588.3062,344.02518,79.38397,62.00112,-5.1243734,-101.370026,-63.504936,19.404099,0.41410017,30.032349,15.864954,-9.142525,2.2763767
-1631.8269,350.39194,93.32268,54.962166,-5.162534,-85.80874,-64.980606,-0.9785075,11.661943,34.806446,3.9474292,-5.1256294,12.747765
-1503.0397,347.9978,28.062222,60.3721,3.9980676,-115.093124,-58.364853,20.962471,-4.5807467,45.7844,18.171598,-11.045687,-10.01942
-1594.8696,361.75574,69.45886,47.46511,13.2602415,-99.79278,-58.69336,17.142117,-6.617646,22.20151,19.061445,-3.15279,7.3020477
-1568.9077,361.32498,43.458813,66.208244,1.9732172,-103.22325,-58.571587,8.514626,4.1828365,36.41795,28.338726,-12.099354,-9.832039
-1569.4175,358.784,56.17555,61.461098,-6.7235856,-103.62876,-58.359673,9.206095,9.261503,27.006626,8.788752,-6.3421135,1.1000094
-1575.13,342.52887,80.81,54.491528,-12.548145,-97.77063,-59.745113,10.427305,14.615803,32.68527,1.6617835,-7.409148,0.90236235
-1524.5332,344.74557,49.7674,59.444485,-6.7476635,-105.38791,-51.61445,10.663309,2.812523,37.617203,8.052471,-10.780892,-7.0741043
-1575.2346,345.83936,80.21136,61.62697,-6.7027936,-105.64831,-46.647915,12.257268,-15.742977,35.55311,18.548609,-5.640435,1.0525537
-1551.8137,358.8689,68.592865,47.822273,-18.877748,-89.340454,-53.589973,6.7647986,-1.8058466,35.497627,12.691456,-8.126116,2.7251954
-1583.6323,361.84802,64.692665,62.323128,-1.1182615,-105.10925,-56.218124,16.094976,-8.222872,22.66568,28.495491,-11.126366,-9.524639
-1546.554,352.53012,69.59308,53.201485,-11.87338,-94.17219,-45.32367,13.338583,1.187701,32.46499,0.55119044,3.5358677,8.242196
-1627.4648,381.862,93.09998,47.69079,-5.1792393,-90.6811,-58.144608,18.091257,4.515684,22.997257,10.138799,-0.9806328,4.140423
-1545.7311,363.22855,58.23037,61.01601,-7.3350573,-114.33886,-47.32807,20.319016,-2.6996017,29.07447,15.851317,0.7018547,-8.229279
-1575.3257,356.05408,68.18056,70.15035,4.2195683,-130.4757,-66.12057,43.585556,-5.6772566,21.97717,25.548058,-14.107973,-4.922559
-1614.4966,362.45068,85.97209,56.10463,-2.175702,-105.15843,-54.34043,22.381304,-0.65274525,26.04417,23.520687,-10.004009,-4.031132
-1433.0427,337.26242,13.164962,69.94005,-13.06613,-111.198784,-44.6688,30.279766,-9.921731,51.033405,13.800981,-7.824337,-12.820622
-1515.8374,352.32977,59.94641,75.28347,-30.824,-119.58886,-43.286484,24.723124,-1.5174589,40.978874,24.249653,-13.053253,-17.977283
-1570.1133,364.18658,93.43713,34.569763,-32.03304,-99.859436,-46.931435,8.278095,15.23801,37.94415,4.765461,-1.1925049,-2.3054986
-1510.772,363.41772,73.716415,47.494946,-45.49575,-118.484886,-41.617035,13.3619,19.39874,51.368156,5.1363764,-5.014166,-14.774557
-1505.4222,370.78217,82.5855,41.174236,-38.47618,-137.24652,-41.45285,24.390303,29.406864,44.346928,11.274277,-11.277,-17.91092
-1458.294,368.5829,70.90031,40.302803,-47.26759,-133.44794,-49.10794,34.573338,14.48503,53.06668,26.06915,-22.951027,-29.41182
-1524.6288,390.0968,71.710655,42.930367,-44.06617,-120.92947,-53.73123,28.353394,18.560467,37.32319,28.301352,-20.744345,-23.413204
-1480.763,383.28784,58.058746,43.554184,-49.620018,-145.94241,-35.556095,39.905506,7.688015,47.952026,24.833485,-16.217241,-29.40393
-1569.758,398.3762,97.83697,40.209755,-60.057945,-132.57262,-35.245815,28.057915,18.572132,57.62516,16.918789,-18.0599,-28.569714
-1495.5701,389.9365,50.217796,38.24202,-37.482666,-124.28577,-51.9663,29.70634,27.398293,47.574013,23.795315,-21.362223,-28.63102
-1490.4283,392.79144,60.469376,37.023384,-47.1574,-138.10217,-47.789925,29.200031,28.807207,61.15743,19.134377,-26.999264,-29.822508
-1605.8741,395.7098,122.22528,23.675117,-67.50783,-115.32698,-43.022133,17.39958,22.660309,57.96351,24.333916,-19.37693,-32.33007
-1527.6052,397.75476,76.3954,13.928057,-56.424717,-121.57457,-46.386696,23.413883,31.15205,66.008675,10.114898,-17.385183,-26.3989
-1624.4778,406.2154,124.60599,-5.476712,-52.750908,-108.349464,-60.4685,33.847557,41.737484,52.545776,17.850348,-16.35512,-23.801853
-1608.2012,387.86945,122.55405,2.0821435,-49.52063,-105.750496,-61.50793,29.8727,37.30218,49.06807,12.317001,-13.950462,-7.899719
-1496.6226,395.38617,60.257553,11.2268095,-54.926086,-132.20416,-52.19191,27.739552,48.647366,67.27313,5.9430695,-13.677248,-24.425152
-1522.0131,380.623,83.14203,5.7891426,-50.922062,-118.412445,-52.126205,36.30491,38.855774,49.680138,9.060424,-9.613668,-14.234432
-1504.8323,336.30823,145.9946,-14.339982,-50.42173,-128.0228,-55.534393,40.715897,38.919144,58.14003,7.3853674,-10.986282,-30.216688
-1432.2456,322.91614,136.80603,-31.706907,-44.564407,-112.21112,-56.673485,23.956959,36.592567,73.31378,-3.3969011,-7.2661476,-29.849054
-1450.12,296.7089,143.68,13.974396,-50.10565,-147.06255,-54.7558,43.925022,22.750538,70.922035,6.052978,-12.6777115,-37.654835
-1517.2405,281.80182,180.1517,-11.868517,-37.770733,-114.801544,-54.827705,21.168922,17.235025,65.930176,0.41503114,3.9304924,-22.538939
-1534.1228,262.81903,190.12479,-10.114948,-23.793915,-105.77386,-69.02758,23.286957,19.378794,57.48072,-1.3122748,6.160162,-17.67703
-1548.5714,264.7531,195.78418,-5.8697066,-37.444344,-104.47636,-54.27471,19.174099,17.098492,62.6763,-7.9600964,8.805052,-16.906208
-1400.1047,264.9331,105.57457,4.4611807,-25.233414,-122.83084,-44.638527,20.988413,24.527077,80.26372,-13.8969555,5.71204,-26.871773
-1547.4573,271.64648,194.91374,-19.84033,-36.066246,-98.91232,-49.772003,21.133976,25.060858,63.532837,-1.8790656,4.5282974,-16.16694
-1593.4382,279.3006,190.59042,-1.5916553,-33.41774,-105.34866,-59.066757,19.206675,34.466698,64.7885,-15.4889765,11.7496605,-6.6461296
-1641.8826,285.6871,189.85036,1.3804073,-31.024572,-99.954865,-52.123894,23.365427,22.10902,63.48613,-9.324228,9.460905,-14.247013
-1670.4408,274.5798,191.79839,18.919933,-17.692545,-87.62787,-53.37461,16.250378,24.533121,54.616447,-15.500858,18.917328,-4.93944
-1659.9832,275.35565,176.06606,41.993843,-13.410519,-93.599686,-46.046074,25.696774,16.053896,48.952194,-5.448147,21.519114,-9.1333685
-1682.5133,270.41925,174.41312,34.552086,-23.466475,-57.91147,-36.67525,5.447503,6.4800825,62.017487,-2.8892567,15.830183,-7.4709005
-1699.0234,256.0465,135.00395,20.019264,7.700501,-40.212364,-31.5041,23.624985,13.773239,51.15692,-6.33071,21.475954,-9.738237
-1716.0359,252.51158,143.20612,28.127872,-15.538676,-36.49095,-6.269444,30.635067,2.6680222,46.92826,-7.420981,8.98015,0.47436774
-1793.0298,211.31445,130.3056,43.651028,20.902386,-27.484034,-13.867971,52.232384,4.146334,34.199913,9.422036,8.624947,-9.069435
-1811.152,185.05286,-12.464569,31.463318,45.223408,-18.822805,-4.526789,44.870434,3.1120389,17.691292,-2.3500817,6.7965193,-3.4188926
