-1554.6183,233.88966,-181.53175,-128.77042,-85.28253,6.9708724,17.888958,-16.123531,36.62835,59.33985,9.261472,1.2499866,-23.26838
-1478.075,180.6398,-239.07033,-130.50006,-118.66079,-0.8711996,27.115381,-4.8559394,55.959877,57.761143,18.09761,10.299969,-26.939713
-1378.897,167.21129,-263.83072,-134.49832,-122.94232,17.497158,56.50934,-8.999674,44.974323,32.58964,-7.2420382,0.49349976,-38.36565
-1292.3745,135.52368,-274.09912,-96.60382,-133.68425,-7.2360706,50.981686,-12.334814,83.069855,52.80268,18.71471,12.016249,-16.99139
-1210.2937,135.94429,-272.09534,-131.56897,-123.92567,25.635448,69.29393,-44.81469,71.62004,46.781384,16.795202,22.745014,-25.436138
-1071.8081,194.22311,-157.17657,-61.560738,-118.80763,32.87267,66.97449,-63.202568,74.68698,39.07742,18.41712,15.336919,-40.333786
-899.38556,215.43921,-82.49445,-43.11821,-99.01717,47.575077,90.516815,-45.949883,78.879135,17.999815,-2.132439,14.601194,-39.29686
-737.00305,239.77785,-77.80522,-28.676126,-137.66232,17.697643,76.431984,-38.090397,69.40917,41.008087,-5.0113378,-3.5147266,-48.22616
-695.4875,299.97992,-109.97891,-58.22682,-117.0638,17.024126,37.863388,-13.91584,45.075264,30.916945,-2.1946437,1.9887714,-24.898628
-642.6479,312.61438,-141.55954,-57.051155,-111.82785,25.061438,17.159727,-7.510701,40.021984,17.124563,-4.987134,13.716059,-12.221156
-599.15686,307.47205,-149.31938,-55.175632,-113.04118,12.735043,21.817501,-4.267661,31.55449,19.001423,-4.3407073,13.068333,-16.230179
-585.3948,305.53064,-165.07382,-59.767864,-111.30982,21.501495,22.500996,10.087975,16.86674,15.303379,-10.041799,13.670792,-13.516771
-568.2278,292.84158,-154.68692,-74.8064,-94.10202,10.877715,19.425936,17.529354,11.132246,12.091442,-13.35835,12.382343,-1.7608342
-537.66876,296.94183,-160.59415,-73.05333,-91.698524,4.515562,12.653775,12.36516,18.438473,10.426428,-18.09118,18.485586,0.89148045
-489.17407,277.3562,-137.94109,-80.620285,-80.00987,-23.319157,6.154518,24.55175,12.169829,13.578947,-8.924215,12.846254,2.6243954
-475.1278,272.46036,-135.69482,-74.39979,-74.61033,-42.21444,13.9377365,28.818138,8.232282,19.443584,-10.704792,19.493443,-0.7164173
-447.10962,240.99261,-113.834366,-66.419266,-95.00676,-43.00802,-4.042984,37.959785,14.929202,10.044823,3.028458,14.540607,-5.137397
-478.1554,255.94785,-113.68959,-84.2765,-79.19833,-51.71911,-11.067787,38.054127,8.097853,12.819315,12.445575,4.2540784,-10.715168
-477.52228,244.75597,-105.532425,-96.399536,-77.507385,-53.466522,-19.061008,34.877983,13.122349,15.613886,17.61554,-5.4125347,-25.627987
-497.13232,259.88803,-122.86994,-79.74376,-80.59372,-55.919533,-17.411964,25.93575,11.862556,24.185085,7.394478,-9.823338,-18.7337
-501.171,255.6164,-121.246735,-92.08157,-76.9635,-52.00739,-33.687813,28.110619,13.592388,27.022007,0.31199187,-9.871232,-16.002735
-505.3786,255.76492,-133.95735,-94.95955,-78.52363,-57.61855,-29.125334,24.27779,10.164701,24.628845,-2.1407335,-6.519827,-14.946444
-475.14197,227.90604,-120.6421,-100.38025,-82.8551,-52.97269,-35.2351,24.607199,10.19302,21.48369,5.500216,-15.97164,-5.305527
-458.0323,215.0123,-125.93375,-92.93329,-88.78312,-51.362053,-34.691605,27.060863,7.0176587,28.425457,1.0122634,-15.527981,-4.552958
-482.33368,230.27692,-128.66443,-89.06907,-87.20137,-55.872578,-31.189947,29.51529,3.378631,29.913055,1.2821462,-17.98207,0.27496946
-470.02332,219.4479,-122.39632,-88.91271,-92.25623,-52.391407,-25.233494,24.841667,3.3956409,30.421167,0.18487968,-15.960539,2.7264867
-457.06815,204.23856,-118.8183,-86.37822,-98.46086,-53.74276,-28.717813,25.142214,5.095563,29.143024,6.028415,-19.174427,1.0536976
-477.2026,220.05502,-132.27394,-75.38495,-99.50137,-65.99463,-26.223083,23.475922,7.3491364,33.194035,0.89366424,-17.210793,5.891492
-471.2243,208.11284,-122.35451,-97.058395,-94.43593,-66.007576,-26.378595,24.474672,0.2968216,30.200682,-1.6362121,-13.652613,13.32702
-541.75696,238.70116,-123.648415,-86.98901,-103.15085,-72.633896,-12.16026,19.173447,-0.67070293,33.601074,-16.67984,0.59213257,19.921246
-579.5834,249.4042,-128.18616,-87.67003,-102.53599,-70.48081,-18.21539,22.384445,-1.8977385,28.165007,-18.251125,6.5836926,14.115716
-614.925,261.51813,-137.08438,-85.45013,-97.57444,-76.41617,-3.4944954,13.880751,1.5446835,32.262478,-23.667425,13.6535,18.68418
-623.39056,256.69104,-145.91345,-76.46306,-111.21459,-62.59015,-0.078985214,11.645374,7.714314,19.750553,-12.456819,7.753726,23.481606
-684.9348,293.0865,-176.6076,-55.91545,-110.477264,-62.915394,11.720287,-8.359879,21.440363,25.158737,-22.461185,21.457329,13.119619
-709.8251,308.3305,-200.34338,-32.190857,-124.27226,-43.02563,4.7446613,-5.6180744,19.098017,10.777615,-6.8600383,19.011066,15.876036
-690.68274,289.73068,-201.65677,-25.747849,-121.50086,-41.971344,3.3525333,-7.2101955,13.3715515,15.009354,-7.010136,20.046558,13.454065
-640.5703,277.42163,-199.5986,-25.498718,-134.54228,-19.223818,-9.670506,0.34527397,4.637302,11.302204,-7.2812853,28.502117,15.726948
-609.1846,264.6224,-202.2508,-23.499578,-142.49384,-17.001957,-14.867308,-2.896204,0.98011684,12.8963585,-9.576444,35.963047,19.030945
-563.973,238.70605,-198.99094,-26.710728,-151.33238,-12.61573,-26.419405,-5.3802767,0.42246628,13.316473,-5.046406,44.52336,16.278646
-558.7668,236.52524,-191.65015,-26.563894,-147.13248,-10.783521,-42.23153,-5.097437,12.370694,19.763767,-12.599272,45.183598,15.067031
-585.9457,260.22592,-191.40196,-22.810287,-143.26999,-11.950066,-39.00581,-5.5763674,13.98336,29.864504,-18.252398,44.19079,17.910385
-684.24426,302.0112,-167.29102,-28.85976,-128.2284,-23.56125,-22.696537,-15.538503,24.26743,25.281454,-18.021023,47.827614,3.3769035
-745.71387,307.87158,-144.26985,-29.160265,-144.37888,-11.714786,-15.974651,-12.465351,10.481802,49.35456,-19.138203,35.269753,9.034403
-864.2441,305.809,-120.74104,-10.628003,-160.52936,-3.6254249,27.973736,-30.459314,19.995363,48.058235,-30.62277,33.48809,-2.1552181
-1092.4218,275.94196,-111.288635,-20.998238,-129.68668,13.778317,54.732094,-24.35125,48.758488,46.888893,-28.873064,13.128416,-42.97314
-1216.3239,206.00803,-184.85861,-57.38015,-135.35707,19.035538,39.267086,-25.447636,86.46539,58.125465,4.210872,8.694038,-44.067886
-1240.5037,142.3288,-215.14944,-112.02009,-101.54481,40.368984,34.024048,-56.529026,92.13025,47.22589,-10.104672,1.5462685,-44.68099
-1296.3945,139.46744,-236.08182,-118.93294,-37.735897,25.46512,26.51689,-74.28143,50.10664,38.73848,-10.863652,4.9315567,-41.182163
-1346.5818,169.20894,-267.9472,-117.692696,-24.860292,47.73665,13.733665,-86.18135,20.320215,56.502853,7.735623,12.218246,-41.169327
-1414.0684,140.96677,-235.43695,-91.852615,-34.73069,17.908773,19.326899,-72.92322,23.88699,71.47808,5.620463,12.963768,-28.551552
-1423.7085,115.35033,-266.8676,-109.35994,-16.7882,39.81777,15.950516,-69.694496,17.005234,37.085056,19.283371,36.01878,-41.190495
-1414.3043,71.09299,-242.37015,-103.459946,-32.72484,46.53412,-27.613226,-56.18703,30.029789,17.150442,45.875706,33.763092,-39.67934
-1498.4337,116.71984,-210.66278,-151.52252,-66.74497,39.389324,-8.249003,-56.79344,29.109581,34.83876,51.79902,44.950813,-47.88935
-1542.614,91.836945,-149.3371,-141.22823,-55.751072,21.149635,7.325489,-75.71635,37.184566,28.025415,44.7149,57.43077,-30.63184
-1540.1377,74.98949,-118.58142,-65.61313,-53.002266,32.447426,-2.279068,-93.8098,27.810846,34.102516,17.180643,47.522896,-29.046263
-1524.6411,156.67613,5.4996223,48.022327,23.070995,45.99579,-10.992016,-80.6711,44.102135,8.548727,-41.843056,13.061295,-43.304596
-1408.1621,275.16956,20.960014,81.79314,42.300533,31.100044,-65.21273,-95.13573,-6.403432,20.678793,-38.538853,10.376673,-5.4376373
-1333.8989,282.7879,-32.56703,95.84676,88.45962,47.197388,-117.398994,-77.30594,-10.94046,-0.39721966,-41.112568,-16.466305,-17.997637
-1255.0779,264.4126,-55.957603,133.96783,79.76873,43.945625,-120.86121,-88.13257,-12.639333,-15.103231,-52.807343,-9.325571,-8.180892
-1193.708,221.52478,-87.19453,202.00491,61.91533,58.543636,-131.58582,-89.101715,-10.5375595,-22.031433,-60.65422,-10.425602,-0.2558422
-1161.9384,147.97812,-81.75591,245.57822,48.362648,72.70642,-137.75742,-72.59868,-22.672077,-16.344517,-60.986816,-10.551468,16.358612
-1165.437,125.76798,-82.89413,244.93475,43.823395,77.18213,-133.11292,-75.458916,0.048288345,3.1603446,-61.191444,-15.082495,20.059004
-1169.8776,107.32128,-92.23247,243.6193,61.58013,86.5524,-124.635864,-66.774025,0.17113209,2.75132,-65.53727,-24.94495,18.288177
-1223.0222,123.37887,-102.276695,246.45259,89.63869,89.63553,-132.63574,-68.48612,10.283996,-0.6012945,-57.44062,-31.84103,7.2627554
-1241.2855,140.99023,-115.479706,253.74097,87.10333,65.443115,-118.59207,-74.775375,30.117746,8.09539,-50.75766,-39.133793,-4.4304295
-1235.6592,134.80289,-121.8828,256.6861,83.30849,72.27588,-114.54401,-72.412964,24.297411,5.402836,-46.57882,-37.045826,1.569416
-1273.8826,133.38,-112.22241,259.86148,101.06511,59.256367,-104.17345,-75.68967,32.104763,-13.736668,-45.592735,-25.981087,0.87585354
-1276.8369,123.54489,-110.403984,260.60394,103.33125,63.59971,-104.66608,-71.06964,28.261732,-11.574616,-51.858124,-27.286503,6.533884
-1276.6514,112.3874,-102.49728,274.1859,85.129005,64.19026,-99.30869,-66.676926,31.763138,-24.64984,-54.00952,-18.24198,9.439294
-1277.645,106.12073,-113.33098,283.08722,92.92988,73.50837,-104.71634,-68.23172,21.6596,-16.990639,-54.54822,-18.90063,8.137066
-1290.0013,107.325424,-101.03201,279.42245,87.52239,68.303635,-102.92411,-67.10334,31.076548,-26.520473,-50.37721,-12.973171,8.0433445
-1318.7946,117.7984,-99.033905,283.5235,90.129326,55.821415,-90.57936,-69.53697,48.7705,-44.51739,-55.861576,-10.343998,8.490744
-1330.2888,136.67616,-96.87448,270.59607,96.9012,37.24927,-77.6476,-66.37442,51.15748,-50.389217,-59.220554,-4.452656,10.975534
-1343.5347,142.3723,-97.08368,275.02667,106.95688,35.638985,-78.61412,-84.43414,60.81327,-48.440144,-66.600235,5.056637,4.883362
-1358.4907,162.96211,-94.866615,256.57312,120.52143,20.830803,-72.93484,-79.69314,60.58452,-48.060074,-72.42429,8.975401,1.7190781
-1354.5021,161.68234,-91.348495,252.63522,128.68292,21.395105,-71.648224,-90.8058,67.61638,-52.31575,-81.044044,19.10234,1.6574821
-1374.0475,176.9349,-97.92785,252.10437,131.84514,21.070793,-72.75284,-95.602684,65.31505,-47.73301,-76.25601,22.188814,-9.369713
-1363.4226,173.36716,-93.926315,238.16092,135.16905,25.840778,-75.04477,-89.83768,54.812828,-38.34151,-74.985374,12.188091,-4.538601
-1371.7559,178.85822,-95.70233,231.93503,144.22528,21.164953,-71.3182,-103.533676,62.111626,-33.212444,-78.47409,18.49731,-16.810873
-1380.8186,183.39343,-89.19885,223.75395,144.54205,20.554108,-77.023315,-99.75391,60.78691,-30.69529,-76.74486,19.518028,-16.74405
-1406.481,191.4253,-85.15613,216.07379,155.95651,17.935293,-73.97967,-103.25742,54.671005,-27.472275,-75.63861,15.472343,-12.160774
-1426.2546,193.7884,-81.37132,216.68462,156.54398,22.113754,-81.68303,-94.09029,50.394264,-30.917486,-75.61841,13.629663,-10.950798
-1437.6179,204.43753,-80.64247,216.55849,153.38727,17.893225,-77.157036,-85.683014,38.809776,-26.784304,-80.93774,10.752832,-9.624994
-1442.4409,205.86292,-66.13794,205.81177,159.23923,15.233685,-79.8969,-79.4996,33.060936,-15.318699,-87.83887,0.5852752,-2.5887928
-1443.7893,200.7576,-58.904205,216.9805,150.98294,14.254069,-80.788376,-77.299835,38.6618,-21.828981,-83.65399,-0.03970146,-4.752735
-1423.21,198.99857,-78.848114,235.68494,132.17435,22.396313,-61.82533,-95.883606,50.517487,-21.351925,-88.6689,-1.0933743,-7.452923
-1402.3643,182.84792,-87.12617,254.64352,118.73511,53.14648,-67.05928,-114.67151,54.44095,-23.356998,-84.91718,-7.1150312,-9.715666
-1380.5579,187.3992,-80.46338,251.48343,96.79002,68.277756,-86.85997,-103.246414,43.37107,-25.542324,-78.75632,-4.5727806,-7.062338
-1349.3685,172.51282,-81.13573,269.2006,82.081116,76.28378,-98.93161,-106.44944,40.36524,-20.118952,-82.36361,-5.434404,-5.3357124
-1339.2188,154.50992,-82.9291,277.285,85.89819,77.21289,-90.33107,-101.209854,42.206253,-18.444798,-84.01856,-13.760471,-6.968973
-1318.32,165.0499,-75.625565,273.34323,94.80788,71.7498,-97.0013,-93.6551,41.963806,-27.359451,-85.33628,-11.875313,-3.3904514
-1305.7607,187.31094,-90.151375,277.6997,107.403366,70.27983,-89.395355,-87.48768,33.199177,-28.127365,-87.5004,-22.599579,-8.185901
-1306.8931,214.7456,-86.72594,275.98526,116.59172,67.72955,-85.88494,-90.83842,24.776157,-23.068657,-85.43801,-28.746975,-12.401943
-1317.1802,255.36972,-81.987236,250.30315,126.804726,66.30601,-84.37831,-92.09245,26.225822,-23.303133,-77.38462,-37.073967,-24.912613
-1301.0773,278.9646,-57.058968,224.67203,111.5152,76.13106,-109.414375,-70.48204,13.556742,-17.60706,-68.58787,-39.96948,-12.644991
-1314.4417,311.59332,-22.483707,175.06934,110.9326,92.61193,-146.12051,-54.97217,-1.4049786,-3.150381,-46.50662,-52.79033,-3.3813267
-1296.694,317.7204,-10.755339,163.92273,83.10966,101.9859,-137.90945,-80.27336,14.287376,-4.486786,-42.746216,-40.51184,1.0019975
-1333.5,334.60254,11.745563,151.9028,53.436317,94.78726,-126.08536,-75.66042,19.114758,-7.6085024,-44.525192,-13.350335,3.685296
-1353.0431,323.09058,55.33001,136.40918,24.218075,78.25134,-119.09973,-41.900223,4.149517,-4.9947243,-36.647453,-9.281214,19.092285
-1368.5818,319.5847,50.36418,130.0142,13.746803,73.45906,-105.49444,-33.40722,-10.48489,-8.965504,-21.882914,19.870668,23.327976
-1423.5076,303.96948,65.424774,124.43467,1.0744829,50.695038,-67.363266,-33.82177,-26.065067,-1.44524,-4.948322,37.739304,18.949047
-1512.8771,305.72534,46.69936,121.94775,-12.628259,30.032919,-43.845688,-28.597431,16.56548,-2.1219711,2.6243472,34.417595,2.8247805
-1593.3782,291.69995,-37.39821,30.3954,-39.194996,45.97825,11.853513,-2.774601,40.331192,1.2880659,2.0454695,30.140202,-1.1993465
-1627.5488,248.18277,-68.8054,-32.140614,-82.85215,19.847351,14.76165,-15.728559,33.401577,-9.703373,7.503838,59.861355,6.52404
-1659.7146,277.23682,-93.29883,-66.23289,-94.47435,4.1741223,-3.1695614,-25.266232,1.0668917,-9.90188,7.841583,35.187874,25.578915
-1524.4675,393.67072,65.427246,28.299519,-24.865538,21.682354,-33.47506,-48.238487,19.82446,-20.23623,-21.497322,9.198395,-5.07905
-1546.1991,461.90265,176.13196,91.984726,-71.119934,-63.836678,-100.73433,-11.235926,31.441425,-40.401077,-41.86092,3.6550713,-0.22689152
-1491.2294,471.07013,161.50113,103.94325,-37.72406,-96.41402,-125.20863,2.069295,6.6470532,-40.39968,-43.602654,2.5048409,4.6290736
-1438.6074,455.8166,131.21655,111.55519,-10.272194,-85.343315,-130.54144,-42.23454,0.16398287,-35.351173,-41.76219,4.6107073,-1.9837008
-1313.3362,392.54312,101.8537,108.548904,7.659594,-53.57728,-120.991196,-68.80352,-35.759163,-33.278927,-17.769653,7.486191,7.954481
-1312.6821,375.8753,105.50123,125.93492,5.214199,-58.982605,-135.69305,-50.35772,-48.88617,-26.066818,10.024806,-4.2169237,5.9266434
-1274.7644,356.26556,96.505035,158.28833,-13.541997,-67.07721,-130.29466,-42.073524,-43.401333,-20.81004,18.287542,-9.905402,4.447571
-1208.3107,353.21008,76.59035,135.8176,7.9290085,-57.0633,-126.395035,-37.384644,-52.856125,-24.93813,23.912743,-1.9237928,2.2228584
-1168.0906,359.1936,56.804863,128.6103,14.598198,-43.07664,-113.86038,-49.93239,-58.09085,-20.332586,15.089415,8.251394,5.033472
-1111.262,345.29205,53.67783,121.67967,15.443994,-43.09042,-95.15005,-55.576866,-62.325367,-25.669518,14.822142,13.775914,0.9364128
-1097.696,349.31915,52.565605,118.85138,22.214499,-51.112236,-97.93123,-49.081795,-62.412727,-29.086206,20.785093,16.736883,-1.3176022
-1097.9456,363.63446,43.081497,125.26301,15.85611,-50.952206,-108.518745,-41.237453,-58.206993,-34.129646,25.272097,20.786713,-3.586855
-1084.6534,337.09583,72.42433,128.04501,19.706623,-65.17773,-120.932434,-37.08355,-52.33029,-29.006027,27.17223,27.533031,-10.131163
-1089.7183,344.1836,81.699814,121.77692,12.961993,-67.887955,-121.96498,-34.58737,-48.047745,-27.654728,26.609291,26.663235,-11.264009
-1124.9543,347.90845,95.98303,153.81598,-22.007696,-63.332825,-134.41652,-28.194614,-40.554092,-20.714748,30.533594,10.814889,-10.9234085
-1166.3553,344.80286,123.731125,167.32661,-39.233044,-73.04988,-148.6211,-12.54568,-11.8642845,-39.199894,23.774405,7.9248466,-9.04771
-1208.7944,357.2549,134.20218,172.89072,-65.9383,-48.73358,-170.7033,-7.8537803,33.22141,-65.37721,-2.011961,27.536139,-10.607731
-1231.3568,350.65686,143.6182,196.35602,-76.28246,-56.004158,-181.47699,-1.4128718,45.680588,-62.47293,-12.545093,28.381815,-9.289686
-1230.2759,356.92838,149.36581,179.47592,-73.52415,-53.367012,-169.82751,-12.067068,47.15647,-71.13675,-0.15496148,25.98869,-14.123709
-1251.1487,364.69,156.57101,180.77547,-70.92855,-51.75251,-168.64471,-18.013641,42.677505,-60.292282,-6.0355043,26.421906,-10.663771
-1284.4913,360.5457,179.77115,180.40854,-51.1808,-68.44647,-171.27304,-24.159992,51.964447,-57.31191,-11.944026,27.587475,-8.662897
-1267.4122,368.01392,171.66531,144.45135,-27.076767,-60.731377,-156.74611,-28.84568,29.988045,-56.31961,-9.730783,30.82799,-6.688835
-1273.9845,390.05508,127.509445,168.57443,-44.0299,-41.349297,-152.1134,-42.81749,38.19371,-65.18801,-10.407479,29.005676,4.991461
-1319.7947,386.49304,128.88718,196.43665,-47.70636,-52.259705,-166.94382,-31.015106,48.1425,-68.8367,-14.225288,25.023432,8.133677
-1332.2004,377.37805,121.479126,186.68254,-36.60488,-44.95418,-164.67572,-32.15116,39.00923,-79.139275,-3.889543,29.765747,2.6236477
-1376.761,351.33603,133.72964,213.32326,-39.16608,-63.10061,-172.74942,-13.039581,39.348206,-91.54342,-2.7025664,40.82438,0.59480476
-1439.2166,339.53363,152.65627,205.15111,-52.597004,-56.383442,-165.27908,-11.785661,39.292923,-91.04323,-11.141236,37.93759,5.283249
-1493.5725,324.37085,168.65208,208.90404,-63.129135,-50.494648,-158.93228,-23.128891,26.380114,-76.24823,-16.596682,24.972004,18.096067
-1513.1694,327.96118,157.96608,188.88467,-60.662743,-45.44146,-152.6991,-22.77599,22.617584,-76.53609,-18.020222,25.185997,15.015969
-1528.3389,322.94727,135.13974,180.32043,-43.441757,-34.16192,-138.31999,-20.901083,14.22608,-76.79797,-19.887728,22.286411,9.56385
-1533.71,327.0597,122.74707,177.52373,-27.036705,-35.879406,-134.0954,-23.751934,22.351803,-72.08107,-30.44954,20.524555,11.939362
-1563.5034,324.24768,126.394424,171.21223,-21.636473,-30.27181,-124.72498,-25.17181,23.185764,-73.450775,-40.50632,9.814671,24.273552
-1596.9006,332.8575,123.41589,164.32507,-26.367409,-27.951445,-123.22177,-26.61989,23.04404,-65.28829,-38.963486,10.531183,19.687008
-1611.5337,324.6834,123.04392,153.73178,-25.572384,-28.460106,-104.017746,-28.755447,20.29716,-62.725044,-31.074125,5.53701,9.484308
-1629.4846,319.10852,131.75815,174.09128,-36.479126,-38.69502,-111.259995,-19.308666,35.167137,-57.77173,-40.424835,3.0694485,14.367546
-1614.1744,323.35883,119.54042,159.56146,-34.933655,-32.05217,-103.77778,-18.017162,30.212652,-55.55015,-33.919556,1.8606911,9.959452
-1634.6849,325.85355,119.90607,160.95178,-34.14627,-38.152916,-101.776184,-20.836353,42.94943,-57.60831,-41.529644,7.922001,13.133702
-1624.0743,322.8941,116.77859,167.27377,-40.507988,-38.59045,-107.88434,-11.322893,45.360653,-57.90789,-36.045864,1.5358524,10.710415
-1598.25,313.19147,137.88257,144.27202,-50.206047,-45.53756,-98.61751,5.499758,48.14145,-55.514305,-44.63925,-1.3196106,7.9260483
-1632.531,308.79184,130.5095,145.40048,-47.682934,-53.368057,-95.784164,6.118388,60.286682,-38.182766,-36.445057,-14.531566,3.2115955
-1752.8301,271.71857,133.5497,112.01139,-25.730309,-42.015747,-48.77264,19.674213,55.58286,-27.417992,-16.654472,-6.1627197,-14.742275
-1147.0181,277.13672,44.19235,34.78607,-34.086548,-48.194786,-23.94335,4.7541447,5.6556177,-56.4132,-57.01262,-5.05324,35.262436
-702.1652,272.4026,-53.43099,22.28647,-86.546814,-50.97914,-48.56713,9.81753,4.9949703,-71.37446,-83.75944,-16.111658,44.39749
-662.9713,242.29086,-63.281815,12.994471,-85.92412,-41.51125,-58.340416,-11.744585,23.232908,-60.757236,-52.090046,19.850765,47.93257
-605.4025,218.39664,-80.414825,-0.22880268,-102.965485,-59.760292,-50.677753,11.243102,-17.039417,-49.26594,-28.176146,36.470318,57.396984
-536.43024,193.71841,-90.16991,-30.178375,-101.35328,-60.606644,-58.197163,10.26289,-27.82779,-54.189636,9.7189455,46.166832,51.534615
-509.46027,193.5278,-108.19426,-39.68801,-116.57701,-44.6398,-67.355484,-17.91319,-3.6707573,-53.577484,13.37171,58.567474,40.394802
-560.5991,244.2254,-139.09943,-14.421574,-141.71558,-35.231194,-70.30893,-20.307533,8.978652,-52.86307,15.962416,57.375744,37.120533
-602.483,267.39294,-151.33755,9.668212,-154.3699,-35.025517,-72.04195,-11.387827,9.335857,-60.649998,25.728378,55.520695,31.93472
-630.84973,275.26105,-146.64243,-0.96878433,-136.13428,-45.333183,-61.491646,-16.542233,19.22571,-71.01048,30.7073,57.01439,29.114962
-696.459,309.10373,-157.75764,3.7659435,-137.11545,-44.480923,-59.91494,-15.273346,21.783514,-75.44942,33.468124,53.13091,23.596327
-736.2028,329.10336,-168.17776,2.043439,-128.7005,-44.30059,-59.730244,-10.195122,22.667076,-76.94571,32.83235,54.345432,19.329308
-769.9236,337.69714,-153.79224,-15.541748,-106.684006,-66.297676,-36.367542,-24.659065,27.249065,-71.70013,34.160614,53.127266,14.750248
-826.6729,383.40393,-176.26883,-19.732605,-90.425385,-77.56828,-29.491638,-18.14038,21.545332,-62.346985,31.089586,52.040337,16.430056
-760.3596,350.40985,-167.64264,-18.203077,-95.39853,-67.22004,-26.283937,-20.101208,17.030682,-51.240173,25.356768,52.793472,24.43811
-843.7738,370.841,-164.16049,-37.272114,-86.68239,-35.950542,-41.038223,-11.657614,25.863197,-42.662006,15.113641,60.37016,33.62028
-964.08386,377.406,-136.1831,-36.48158,-88.59552,-23.777554,-47.81121,-19.346373,60.16749,-32.988365,-1.3917793,55.84497,21.097351
-1163.2262,352.1034,-90.50131,-23.042925,-103.63461,-2.0171878,-18.341158,-20.565582,46.294773,-9.044308,-2.8904538,43.615562,4.0171547
-1380.2462,275.49255,-125.90225,-30.811758,-78.41084,22.080376,27.280914,-17.05223,51.44882,-12.8584,-1.5986522,52.384438,0.24488449
-1419.4689,218.18604,-186.22559,-56.219955,-97.27096,20.717806,51.934166,-16.365383,68.70758,-28.11372,9.333757,60.3839,-27.551037
-1384.5079,243.08698,-214.31027,-99.51776,-120.48447,-13.762585,21.572811,-4.783251,76.89421,1.1706991,1.5122343,31.435932,-40.57287
-1368.3555,246.54015,-238.63402,-119.07183,-114.670044,-33.50138,-2.201395,6.119211,57.69541,-11.298103,11.517046,52.204063,-41.093147
-1327.3184,298.8187,-254.66312,-136.90717,-133.23544,-60.164124,-9.711366,11.308848,66.44594,-1.9228973,16.925718,52.243893,-47.99724
-1413.189,294.73615,-235.4886,-117.4201,-94.90391,-39.005966,10.605368,30.752537,38.029972,-12.872627,21.891083,34.58726,-56.781155
-1488.9745,298.5199,-215.7814,-120.63602,-111.20593,-28.010405,25.800304,26.376862,36.449463,-7.3765182,17.177822,12.660685,-70.11213
-1604.6172,284.52222,-191.57942,-89.52414,-83.81573,-44.35324,13.694227,30.295555,34.812866,-32.145264,9.292471,34.404427,-39.907616
-1713.0586,265.23615,-85.84532,-83.15579,-88.333435,17.860708,19.4892,15.185192,36.491142,-41.639168,11.163611,24.999887,-43.6643
-1723.5831,212.77402,-128.52136,-73.861046,-43.906895,8.545079,8.189184,9.183709,31.09591,-11.06485,17.367487,45.805107,9.325623
-1603.9747,252.74167,-146.30287,-93.26601,-103.59141,-6.161269,-0.38913894,13.949255,33.763966,-39.892433,5.501038,70.165436,45.616055
-1510.1343,281.08606,-32.359615,-11.936679,-88.23662,19.398952,44.450535,68.212906,57.866478,3.8149948,12.810063,64.51673,46.036278
-1615.6672,307.3174,78.56351,79.52768,-16.347483,34.08257,35.428417,57.33509,56.296326,-12.2867775,-31.465132,-2.9777584,0.3510971
-1632.5201,365.21747,176.82791,101.215645,-23.656479,18.660225,-47.684006,54.083447,47.93159,-42.815285,-33.336124,-7.501869,-11.9597435
-1572.223,383.5877,172.76343,120.22233,-42.824,-5.384239,-55.440395,50.510185,49.84085,-39.464867,-34.934395,-2.0731888,-7.562607
-1522.7462,400.04803,173.90585,125.4636,-48.76561,-7.6526766,-79.935936,41.058315,58.43846,-31.526524,-22.97359,-31.94542,-20.043398
-1537.1028,420.57355,175.60463,135.8638,-62.148457,-24.506641,-60.323036,12.938398,59.840923,-26.547607,-8.792326,-23.452858,-44.285664
-1554.9768,406.402,189.43068,158.41335,-57.74746,-31.417803,-65.097565,13.284179,52.138622,-25.430676,-21.015789,-23.330708,-32.275097
-1529.9253,402.14044,173.01004,167.39883,-65.970245,-11.921268,-68.17662,10.572254,55.181328,-33.208675,-26.989164,-24.109524,-31.047287
-1501.748,384.7375,175.58148,178.3842,-74.691025,-16.186104,-59.1784,6.324093,62.976845,-52.51014,-25.468975,-18.853533,-28.392174
-1483.7476,377.74414,169.16875,193.75043,-79.655945,0.14579773,-74.09988,-4.2945075,67.74284,-41.792564,-24.515001,-24.143137,-32.944126
-1449.3992,368.00714,166.83345,203.72748,-85.57086,2.9364023,-74.80996,-8.0959635,59.253803,-46.313232,-21.781992,-19.964478,-37.530506
-1427.1376,364.46115,167.98685,215.50476,-96.13698,-7.580954,-78.63133,4.959194,56.526928,-52.538227,-25.698652,-21.009563,-36.90079
-1414.8632,361.93933,170.5481,221.18741,-92.91296,-18.941664,-85.23062,8.590868,61.452686,-56.03781,-26.244278,-27.683851,-35.458973
-1402.299,371.7234,153.1872,200.88443,-85.13979,-8.07649,-73.2498,1.8901033,53.559406,-55.584335,-23.03816,-26.09305,-37.963894
-1435.1862,366.09445,165.47179,215.76947,-89.23384,-25.585932,-80.80087,9.052425,76.101555,-57.692394,-33.59826,-31.619465,-35.067863
-1455.2429,363.1167,153.66922,211.98091,-78.83023,-26.20808,-77.5784,0.23114133,74.088974,-57.446896,-37.988636,-26.761219,-39.528027
-1436.7949,346.34393,143.13689,202.73375,-78.111946,-13.346414,-67.30878,-11.793112,57.597664,-53.403267,-34.814186,-23.613983,-40.129707
-1447.2734,337.80234,138.30112,212.94775,-80.37558,-10.82715,-73.19652,-17.368586,58.72947,-50.63622,-44.193905,-15.868359,-41.64705
-1470.9744,327.2008,159.19293,231.71727,-92.49573,-31.227945,-65.73125,-14.829923,62.39728,-64.348755,-50.175373,-10.181126,-36.911762
-1464.323,337.02847,154.37497,227.12952,-97.51168,-32.35904,-64.57007,-24.150879,58.374596,-60.32477,-42.322514,-16.390377,-44.798805
-1397.3036,331.76056,147.98099,204.31778,-97.64102,-10.072998,-63.48706,-32.898495,45.908913,-60.02381,-42.604088,-12.2153,-46.656578
-1369.3516,333.56744,154.17332,216.69696,-121.54051,-7.523486,-75.27974,-24.181868,50.77344,-66.9138,-47.76252,-20.809418,-37.357624
-1317.322,324.4823,155.95618,225.70999,-130.48138,-5.937856,-89.33927,-19.22036,50.18329,-61.083534,-53.86358,-23.750717,-34.919273
-1268.8557,340.75958,147.05998,196.95767,-123.00928,-7.540808,-83.8985,-25.51598,43.267326,-56.49328,-43.939995,-24.839548,-45.488327
-1262.3827,337.6773,155.7197,224.81155,-143.7117,-28.30103,-105.63394,-0.7634554,47.319008,-58.273846,-46.241093,-32.90015,-39.153732
-1198.2158,346.8056,130.62308,200.413,-141.33386,-31.021568,-97.15286,0.12866783,41.054337,-62.94229,-30.464931,-39.59253,-45.62642
-1185.5808,355.46527,128.1659,198.27786,-159.42978,-36.047756,-90.91449,3.220518,47.223835,-56.721638,-38.645634,-49.194454,-36.916637
-1209.943,384.2294,119.57446,201.7438,-172.19383,-54.958904,-88.21788,17.91261,56.30524,-51.024513,-52.40484,-56.388634,-28.03638
-1157.4219,385.53757,102.33896,160.09552,-147.52339,-50.351147,-77.418304,12.035774,45.566658,-53.012615,-42.947647,-51.53194,-31.556831
-1226.1418,421.74536,91.25055,137.70589,-118.01743,-48.307404,-67.4362,4.3716974,45.14657,-64.88441,-52.625526,-37.510124,-6.37249
-1270.311,437.2806,91.152054,109.675705,-102.291916,-57.574394,-47.326183,14.549745,30.763851,-53.344673,-76.70821,-22.812988,17.698944
-1290.6096,445.96008,88.6584,60.074493,-113.849724,-22.003002,-46.781647,16.354729,58.40856,-62.67251,-85.45083,-17.3592,32.26332
-1319.6019,426.57654,68.865524,77.42811,-112.77193,-30.393776,-47.4244,13.341091,70.08869,-62.301964,-75.54586,16.211607,33.95742
-1383.5045,400.24225,57.65518,50.72204,-105.29839,-5.1166143,-11.529517,23.343515,40.237488,-59.312622,-37.639397,16.945585,35.542633
-1477.6309,360.82663,0.037034154,37.958782,-67.02625,12.79121,19.308039,28.449356,42.977203,-14.530641,-35.55212,9.247878,28.90219
-1383.963,338.70657,-104.085464,-50.66619,-121.08373,-7.9100447,29.535847,44.191315,67.94471,-9.004771,-28.889618,14.62868,28.946825
-1422.4381,310.91083,-126.277435,-143.60056,-170.21387,-11.962996,37.01634,34.61293,49.06561,-1.8276844,-3.34274,51.674248,7.367634
-1419.2086,279.98328,-171.30298,-149.87328,-179.07166,7.717722,57.851852,1.9934835,48.312477,2.5637589,3.500306,70.390594,-3.2003174
-1432.183,290.85223,-149.15942,-119.383514,-172.28378,5.841393,77.459656,9.043989,51.3597,2.8129234,-16.384872,49.983807,-7.461979
-1463.7086,266.45557,-173.87027,-93.2542,-146.85464,15.951087,63.105286,-17.881771,49.369186,3.9265423,-18.023525,36.276283,-10.607857
-1479.3923,246.21802,-160.70547,-89.98247,-145.93564,31.430803,50.318184,-12.976322,61.777275,10.783951,-14.223309,28.0307,-18.242058
-1531.0181,268.2381,-167.16568,-105.969086,-146.70389,4.946333,58.8789,11.171141,60.672592,10.482861,-19.681606,38.56848,-6.4281673
-1592.4675,211.695,-172.22499,-70.7132,-126.0199,18.7289,41.101013,-26.029112,50.236435,-0.654789,-21.272106,44.960144,2.5828018
-1651.7852,216.48582,-140.9101,-71.39294,-126.06781,20.321632,48.361237,-16.2551,20.359478,-16.88549,-7.7805386,60.340385,13.482922
-1616.9697,221.9668,-129.94456,-47.859135,-120.45143,15.388638,61.951424,-1.923069,20.460804,8.288719,-10.475339,31.535748,-3.857564
-1490.5186,256.0531,-73.27473,-13.1483135,-107.99165,66.41744,55.591824,2.9982147,40.227142,-1.8537216,-20.327358,36.21849,-0.81224823
-1277.5562,298.2338,-30.724052,-4.387989,-138.97903,44.004025,33.952156,18.215878,39.06572,-19.464573,-8.733625,36.068237,-11.550953
-1163.9802,331.93634,-48.576965,-54.318428,-129.3246,40.674274,26.312828,25.959702,20.256542,-10.153698,-42.01351,50.829426,-11.522133
-1072.562,368.2445,-92.01596,-77.28232,-133.98677,53.9364,22.36743,13.462362,-1.5898522,3.7773476,-41.79976,48.709972,0.8353876
-976.2166,377.0766,-111.364845,-87.24976,-146.21054,46.556248,22.105349,20.021004,-25.838215,28.7129,-43.914646,47.32595,-2.5175314
-865.2144,363.49658,-143.39162,-78.213356,-150.28897,52.54269,-3.8181,13.232105,-4.966404,22.425316,-37.693325,35.542095,6.633793
-780.9916,351.27374,-168.80621,-81.29971,-126.97714,31.895237,-20.467257,34.464836,-29.048414,33.763596,-29.43167,29.961382,14.71715
-675.87354,315.03793,-192.62213,-61.423557,-128.74353,21.669495,-18.825607,23.775745,-22.739773,29.28019,-19.854252,24.753841,19.38092
-578.6524,258.3215,-155.22644,-107.58919,-85.81505,-8.244823,-14.148824,20.849442,-11.367198,14.060217,-6.915668,20.638525,22.09901
-519.97754,218.10504,-150.73508,-77.26436,-111.18367,-22.309715,3.5531425,5.8567715,-19.273685,21.093834,12.318063,2.3005304,26.058887
-563.6614,256.16006,-163.19426,-84.71928,-93.60332,-19.588905,-29.537518,21.429764,-15.365759,28.201393,6.462425,3.7032995,22.479166
-603.53046,283.30646,-167.95596,-90.17598,-83.11601,-19.712341,-30.838652,18.95678,-20.06808,33.530823,7.789118,6.712799,22.477535
-599.50806,279.92773,-176.45139,-57.25863,-117.20145,-6.645055,-22.648937,3.412012,-14.893328,28.582632,5.2621655,21.774973,12.442997
-688.8972,322.4073,-171.44391,-60.41543,-101.52057,-7.9332647,-47.027775,0.101652145,-11.379972,36.186394,1.8848732,32.682617,-0.5868945
-769.88293,355.08682,-154.29312,-93.61159,-64.17911,0.8767836,-82.22891,16.273285,-17.878468,14.77669,13.808932,54.729225,-6.6757555
-804.9926,352.70316,-151.74481,-74.1874,-52.257248,12.142853,-103.693695,7.8028574,-8.652058,16.445602,7.186438,62.846756,-5.391142
-867.2153,370.0351,-140.7977,-81.95683,-26.562183,3.4505503,-97.46264,7.560876,-22.654202,15.031597,21.30661,67.098465,-19.05611
-927.63214,364.61475,-129.49184,-60.612522,-23.397411,12.789093,-112.27608,28.19075,-49.552517,13.891329,37.71074,62.79142,-20.693684
-1011.29834,371.04974,-115.240944,-51.319,-8.145509,10.310313,-99.59641,29.573303,-63.75567,11.382486,38.740223,63.07364,-27.284895
-1115.741,359.02222,-76.625946,-36.241135,8.758942,11.224733,-93.10998,70.73504,-112.823,12.325884,27.159945,41.772034,6.3302765
-1364.1035,363.35986,-26.16588,-11.6930485,41.272705,59.5681,-69.15123,55.682083,-103.52472,-28.895216,16.534655,16.01694,12.882668
-1434.0273,369.2903,-23.959934,14.643275,70.863335,64.04972,-69.08595,22.869276,-76.98265,-37.283825,-0.65083635,12.456721,22.547146
-1453.2568,384.10373,-33.825836,24.216959,76.63106,39.918407,-59.8662,11.78541,-69.745995,-33.956318,6.274873,8.498532,23.4204
-1465.3491,386.61664,-27.328545,29.621492,72.86993,25.719707,-56.420547,-3.7815409,-46.75196,-21.716152,4.458627,0.77616215,13.677385
-1495.3774,393.12988,-13.57997,24.400984,62.537914,43.496788,-72.708786,-14.469847,-32.220837,-3.880582,-10.504088,-8.277866,31.36547
-1519.5723,390.02954,-14.976774,37.730606,63.4794,50.421097,-56.716267,-34.41195,-35.264706,-6.00264,-6.6853223,-8.792349,27.239109
-1471.2083,357.96033,-35.223267,75.51907,65.40434,26.927925,-40.865143,-21.318398,-56.95198,-3.1386633,6.039507,-24.944382,25.338715
-1550.818,392.72235,-7.9779353,34.320328,73.53617,50.52562,-54.517,-33.943096,-32.48004,-17.52412,-13.045967,-8.762783,21.333645
-1597.4902,379.5528,17.199354,47.91754,81.438614,51.878403,-60.9645,-57.378315,-19.174582,-17.49144,-21.476685,-9.019626,25.506968
-1602.644,375.27686,29.02283,46.883736,56.559834,65.75723,-68.29826,-57.565132,-8.9929085,-9.122749,-36.469727,-9.086298,24.541508
-1589.6292,356.93338,41.078224,37.28852,49.578796,66.17618,-72.36094,-52.835278,-11.432786,-11.4121475,-31.274847,-16.51457,39.0205
-1591.48,351.37036,36.195335,40.583286,33.57502,79.28855,-77.96405,-51.001865,-14.036009,-10.176384,-35.39018,-10.075495,41.14669
-1572.5991,321.53137,40.056866,44.59429,31.015894,102.78543,-93.43547,-47.99117,-14.806783,-15.568911,-36.934673,-10.136049,40.873005
-1542.0276,313.61853,39.551857,45.462257,20.89766,95.38736,-100.93931,-41.524334,-19.4221,-1.3712864,-27.811222,-6.937255,35.642536
-1554.278,310.00845,32.45832,46.689194,25.34121,100.572174,-98.12702,-32.132484,-26.227112,-3.9251904,-26.62981,-9.687546,33.3973
-1545.5778,303.04376,38.55612,36.227364,28.171625,89.27071,-91.4225,-25.56446,-28.023994,6.2428207,-28.504908,-10.264055,37.412117
-1562.4048,303.13998,39.17673,40.061974,32.648384,96.3154,-98.38095,-25.68862,-26.129066,5.445096,-26.631014,-9.542831,33.78461
-1567.1963,317.55203,36.39085,37.914745,32.60535,96.47571,-93.77037,-34.762962,-15.604015,-1.1573167,-26.787415,-12.406868,37.840794
-1575.5613,333.60675,33.235035,36.989418,30.806896,92.30594,-84.024574,-43.634922,-4.2030783,-6.8299513,-34.900394,-9.7833185,33.555046
-1598.5356,358.68793,21.077541,36.50441,34.8879,76.49007,-64.08166,-48.329884,2.3101091,-12.92854,-35.517357,-13.129119,31.491749
-1636.2224,382.5968,13.317724,30.06525,69.139336,40.692425,-43.195244,-46.679764,-12.074716,-4.309358,-38.085804,-5.7427907,23.402874
-1562.9895,322.59622,6.746134,74.147995,63.52131,18.75564,-28.495056,-29.526031,-40.215454,0.024708748,-24.970549,-9.499299,21.182467
-1580.207,380.72162,14.218969,7.5961676,36.444138,44.423065,-45.96881,-14.566614,-24.266665,-9.917104,-7.788618,4.347082,-7.6531773
-1465.4911,328.64017,-3.5677154,8.05059,8.781132,37.06241,-28.327976,-11.885624,-11.257707,10.505986,-19.637447,0.14062881,-6.008353
-1521.9304,265.53326,-52.957703,11.181049,-14.296066,59.851395,23.809513,-44.701862,18.161285,31.060791,-13.541773,25.377052,-39.33327
-1489.7947,218.25403,-136.38968,-31.639868,-103.53338,31.992651,46.172012,-47.589172,83.79727,38.350494,-16.770273,33.24575,-52.981216
-1439.9606,200.30402,-203.1272,-133.9544,-152.02975,1.9357357,11.20112,-54.017036,87.43532,55.657063,-7.017639,18.022617,-40.973675
-1473.033,237.7511,-211.35959,-126.69303,-143.60852,5.334318,22.49302,-9.336281,113.64925,50.837063,-6.9157443,6.3679543,-45.713745
-1512.1465,234.83557,-180.74399,-113.28066,-135.86438,25.905815,29.556368,-26.658482,112.80787,39.96245,-22.573452,-2.0167408,-37.62673
-1531.577,230.86255,-205.36517,-120.91571,-130.73157,20.455498,32.83036,-22.412212,96.82864,43.481018,-16.700996,-10.254705,-37.78197
-1490.666,213.72401,-212.3026,-110.91865,-120.00314,19.23389,17.005886,-16.892159,95.262436,31.945915,-25.353107,6.545432,-25.096443
-1508.9358,201.06497,-221.02704,-87.22899,-123.06761,27.170681,29.749866,-7.0583057,89.51398,28.701708,-21.851677,0.79852104,-23.68106
-1561.191,128.30615,-203.6039,-104.42986,-128.47112,12.903714,-10.098975,-32.90005,76.477646,35.945797,-7.51001,24.426098,-25.751339
-1585.0325,155.3743,-202.89713,-56.681694,-137.18234,39.262722,40.403152,-40.872765,56.94769,-5.369355,-14.993232,29.854912,-17.062145
-1484.7573,218.65933,-127.03922,-3.9022255,-147.88315,83.11201,73.18767,-30.077915,61.87526,0.02011013,-18.858612,12.412277,-32.003845
-1287.2109,242.36148,-39.947037,42.609035,-161.00024,92.560165,17.887783,-37.159885,72.37613,-10.224091,-9.6819,16.612816,-15.014286
-1206.8105,316.4635,-56.70256,-24.100632,-149.68259,72.07264,10.287423,-17.921629,46.079773,-9.660337,-23.251137,31.568937,-11.373888
-1088.0449,336.94107,-91.14994,-50.031555,-145.3113,37.35235,-3.20361,-18.031185,49.421104,-3.1899939,-17.272003,29.52449,-1.546442
-992.01654,365.2033,-127.23424,-93.07202,-109.89015,30.090273,-43.18305,-0.7674122,52.109306,6.716709,-29.38393,46.49999,-9.094482
-906.52893,361.84827,-130.82527,-112.308105,-88.82298,1.3347616,-60.458336,28.467293,21.453793,30.751328,-28.61101,34.738182,-1.1579218
-846.4625,374.9245,-148.53775,-108.13585,-104.13785,4.716408,-81.278046,42.65557,12.378213,28.664368,-17.12192,29.293732,12.076289
-769.3707,359.53467,-145.45953,-125.83887,-97.77849,-15.3664,-75.45861,41.763485,14.319952,19.058327,-7.6904793,25.655575,16.404646
-664.71594,307.83398,-130.86066,-127.31667,-86.58629,-43.685623,-62.090122,38.581127,13.09185,19.085104,4.13753,12.486338,21.460358
-579.9486,272.03192,-143.81616,-102.49176,-100.45912,-46.7165,-54.32271,28.683235,10.369428,24.443043,3.5534096,10.920083,16.688549
-521.21875,241.4119,-138.10971,-97.22395,-106.559494,-42.409073,-48.98433,9.023449,26.349176,24.76446,2.7347033,7.311838,8.581774
-467.92554,194.651,-112.82434,-87.36409,-117.616325,-44.95219,-51.418915,-4.901675,34.791992,29.94375,6.793269,2.335081,-9.250483
-498.07904,212.51268,-101.4057,-88.36096,-122.24568,-37.511837,-53.992813,-10.475334,36.443424,25.09501,5.7019005,2.0004559,-7.454749
-513.91455,226.26517,-99.665054,-80.82558,-123.84884,-27.614304,-65.95882,-13.009914,40.297207,17.56794,2.5840752,3.072472,-1.7409096
-540.0812,240.17485,-79.65958,-88.97377,-112.96365,-30.532606,-67.76408,-14.540355,36.0086,12.31583,6.363942,12.286724,-9.267843
-529.122,239.09036,-82.0912,-81.28557,-90.57751,-45.130745,-68.96282,-19.033497,31.453182,10.198035,14.706308,5.368476,-5.548461
-583.38666,269.7071,-81.315216,-67.01426,-85.73714,-29.961866,-81.79874,-24.948725,21.180079,8.824268,21.080193,13.870045,-19.952787
-642.2892,291.66464,-70.72501,-69.58725,-71.74852,-11.317969,-92.48425,-38.51757,19.574707,1.5151587,27.773233,27.717442,-24.48671
-689.7926,290.27063,-67.16016,-55.29471,-43.665707,-20.863405,-94.79852,-40.07135,3.1841645,11.882578,33.045017,23.835089,-16.11529
-819.8581,316.81213,-65.81814,-37.44174,-32.05113,0.84485304,-104.58899,-26.097752,-37.308,37.40122,32.30212,10.011757,-5.6484795
-1187.0933,383.66913,-19.66533,-68.871605,14.745912,63.936737,-131.42744,12.449619,-40.64203,0.39925146,34.600845,-8.545298,6.7724113
-1567.0486,413.54,62.774628,-21.993465,34.571697,71.57679,-39.60931,-28.649488,-23.075829,2.6189504,-2.7753646,-7.618564,-4.7644434
-1551.4233,411.74426,49.72943,9.050754,27.34522,60.061493,-67.045364,-38.811966,-1.884575,5.853115,-20.130165,2.8796446,4.3817725
-1585.6147,407.0232,51.41935,28.25912,35.823654,28.979492,-61.935043,-51.551544,21.132286,14.806223,-25.888582,-6.7631283,-0.55975246
-1597.4912,404.78876,21.902275,44.295498,26.589758,37.894,-43.98179,-52.005974,39.898342,1.4761734,-33.473415,-12.135731,-8.8073
-1592.1877,399.8529,17.784115,45.256683,36.999146,39.608585,-40.471268,-68.90875,21.266737,-2.475735,-28.301966,3.351794,-1.8179092
-1612.9333,386.7744,30.119007,51.68683,43.331505,49.75215,-41.543385,-74.71246,11.245932,3.2758389,-26.288282,-2.54354,1.7576528
-1443.9548,325.64392,-47.376873,89.67787,88.69723,55.745346,-100.50998,-34.707336,-24.256327,13.274197,-9.962915,-17.165396,-1.6817513
-1322.4894,284.29565,-92.775055,115.71835,88.404175,67.35528,-138.5374,-37.353745,-9.573548,22.064716,-18.039185,-24.514217,-5.664584
-1289.1727,260.09253,-100.87,131.12381,86.26255,66.54968,-149.31062,-51.71749,16.052864,30.403559,-33.249588,-23.97824,-8.249288
-1270.2751,253.36038,-118.543205,139.40768,87.91503,71.2599,-148.64616,-66.596596,27.26305,30.382313,-47.020447,-22.247684,-5.077057
-1266.357,240.41086,-126.140976,153.91983,87.12363,78.304535,-147.88385,-78.62993,30.796913,29.7597,-50.33441,-23.839954,-3.4761019
-1246.8881,231.74507,-130.93674,153.69525,83.40748,81.985596,-152.89978,-71.32994,16.302105,36.52192,-49.46519,-25.871063,0.115097046
-1230.589,223.88324,-132.55658,159.38321,77.25177,70.6795,-148.54475,-76.72231,22.43649,38.034786,-55.71267,-15.382909,-3.0899124
-1224.2324,214.854,-129.36432,151.76726,78.85446,77.70686,-145.88379,-72.742966,19.709072,32.247356,-56.199806,-17.70029,3.157547
-1216.0739,229.85446,-136.37244,145.90726,78.08081,67.07604,-137.34349,-77.694565,32.661182,25.8869,-49.97466,-13.575754,-3.5716362
-1239.7891,253.78732,-131.26001,140.54889,68.58526,59.35841,-131.80214,-66.99224,36.93211,20.575775,-47.572803,-10.564213,-4.2627487
-1242.9019,261.64758,-105.99211,110.75675,54.320198,72.026726,-139.81075,-48.83996,27.746323,20.484516,-36.973392,-6.5539026,4.004485
-1293.8608,272.64017,-59.438698,77.59865,38.19104,72.18416,-128.22151,-48.339455,35.192677,25.264729,-28.500635,-5.4709463,-3.5827246
-1364.4412,254.11533,-21.704065,90.12459,35.398342,47.26464,-116.593796,-27.763613,24.22974,39.407715,-6.793645,-3.940462,-10.89402
-1452.8049,210.00806,-2.488177,111.76672,28.39838,49.164658,-35.185867,-36.592327,13.113283,45.567924,-14.94391,5.403782,-8.035696
-1408.4822,230.0621,-35.96263,52.80835,-5.360943,34.895145,14.567422,-42.269257,33.1183,64.41365,-24.097729,29.242569,-18.887253
-1424.8909,225.52545,-106.39891,8.280893,-42.817585,22.28421,6.4418435,-69.430504,55.67198,70.150444,-10.216857,38.09144,-44.738
-1381.7235,210.34181,-157.99295,-39.49988,-113.914536,19.627058,13.906656,-88.61085,54.014744,91.96634,0.46229157,43.510895,-26.342075
-1359.5295,186.48042,-193.11021,-92.011986,-129.85626,22.1397,8.192709,-109.37811,68.19484,81.58822,-10.7978735,38.41359,-15.403891
-1395.6995,213.05157,-203.89471,-115.788185,-167.46642,-23.728745,-8.526199,-56.32575,73.33104,70.640625,-14.806009,18.212461,-30.02668
-1428.1338,188.13803,-218.55641,-89.95783,-172.49649,-13.111906,-9.890125,-72.02086,85.81912,85.078445,-12.246328,17.971786,-14.194477
-1402.388,214.92256,-212.95624,-81.77523,-191.29626,10.242935,41.3603,-31.130548,97.89941,73.35042,-24.276773,-11.238863,-39.681725
-1473.287,148.0249,-205.75233,-50.266777,-181.0318,39.06144,48.033333,-15.726328,87.21819,53.960068,-27.772547,8.942808,-33.79545
-1452.3912,138.32275,-208.81628,-32.49708,-181.5248,46.14862,21.964127,-49.496086,72.43559,50.064735,-37.126793,25.437515,-24.711018
-1422.0325,183.7561,-103.204796,33.65451,-136.15477,61.5406,31.056496,-26.30866,58.53064,41.950157,-9.426242,18.576275,-37.712433
-1245.8855,231.08023,-23.986792,30.26459,-145.50323,71.35502,15.528629,-2.2080002,33.76214,3.3300266,-16.708097,19.754704,-20.441265
-1140.7018,313.66156,-50.22262,-2.1734457,-146.29095,26.15964,-4.4897747,-2.1903133,21.430805,28.594254,-25.124702,38.219635,-27.783955
-1055.6438,347.90063,-85.1992,-24.955128,-143.7457,15.271475,-23.0696,-6.220299,11.307817,46.367023,-25.906824,29.02927,-7.845352
-949.8282,362.69882,-114.87241,-64.86813,-126.39595,6.1414137,-58.94689,17.731611,9.078537,52.808094,-28.333288,25.646786,1.1591144
-792.6155,332.98483,-164.10371,-75.15328,-111.31559,-13.775829,-47.650257,20.962166,4.794247,51.575306,-33.374454,35.47047,-0.8599763
-716.08057,319.87787,-157.5018,-103.41272,-94.94104,-39.768074,-32.620575,13.428213,11.118215,47.14523,-38.71713,41.6953,6.0011473
-579.2876,254.5523,-131.12608,-123.7713,-86.98877,-49.926163,-42.950874,18.297163,28.279467,18.772121,-9.170427,26.482285,9.69335
-532.5103,234.48178,-141.0335,-118.33357,-90.35936,-60.25382,-40.44011,19.11697,26.62498,21.80087,0.7627514,11.347822,17.091537
-403.18436,164.6347,-161.79477,-84.03935,-105.96787,-59.947437,-39.479843,1.0837355,30.136337,52.909912,2.6582158,1.7198048,-3.1015902
-438.91837,192.7267,-155.0597,-100.26726,-96.97597,-61.40886,-43.97926,11.276949,27.7575,39.32959,1.982117,6.3551044,-2.504836
-439.31842,195.99628,-148.62436,-109.73212,-92.14337,-59.84931,-39.672848,12.629811,31.022758,37.685432,4.465335,5.4608173,-0.71194077
-467.64948,212.54846,-151.12796,-113.65386,-98.702255,-53.310646,-40.709213,23.595692,23.715143,29.522354,4.135473,6.2062645,-2.841404
-527.26184,240.71596,-157.07932,-120.19362,-107.576385,-36.736633,-40.460068,23.933716,26.136105,27.326574,2.9181128,7.5797024,-0.30577564
-567.92224,249.8684,-164.66068,-83.5412,-143.04814,-20.238592,-17.295746,8.256365,21.194355,42.695335,-27.18242,29.602654,-4.512809
-669.7465,276.8888,-169.56412,-67.53084,-155.22954,1.9337887,-14.316591,10.703647,18.456642,43.72913,-40.503143,40.57375,-2.0816593
-761.9626,278.17505,-136.85416,-81.416855,-146.11652,28.88943,-16.552206,4.7327423,24.606565,39.070923,-62.15806,62.65174,-8.105249
-917.5196,286.17087,-83.38507,-71.169556,-160.75368,44.69764,5.3761616,0.24006844,4.851796,51.153492,-63.378998,37.45338,10.893395
-1044.2231,271.26398,-60.947605,-48.32805,-120.846756,33.89636,9.601728,32.19351,-14.920149,33.80219,-42.637886,32.426258,-2.4166522
-1206.4861,275.41943,-66.08589,4.078577,-91.649536,39.645805,3.13756,18.235828,22.126102,16.843098,-47.24467,47.277775,-8.342135
-1328.4734,261.56204,-79.21527,18.994091,-60.10775,45.254486,41.721596,13.159424,34.059875,18.290768,-48.330677,30.143772,-15.722157
-1396.8848,269.35834,-81.903046,25.387974,-54.12727,32.882904,32.966335,15.7407875,68.89452,-5.0483036,-39.67365,55.58239,-24.84892
-1415.4331,241.10056,-104.70488,15.555851,-46.699116,39.911243,26.42902,-5.7300787,83.4845,-13.413235,-34.006813,28.003017,-52.999863
-1497.9165,225.15527,-119.14728,-8.25275,-76.574844,65.617065,69.25603,6.330228,55.847836,-31.42032,-20.056631,36.67916,-39.77023
-1507.9705,233.32236,-139.15964,-25.048267,-97.28424,73.416916,53.483997,-23.285418,47.921783,-32.819588,5.1575933,51.38537,-33.53232
-1604.0178,210.4412,-150.36987,-70.970856,-118.800224,53.5717,39.96996,-25.698141,60.229965,-51.0251,-13.308714,62.83766,-22.86093
-1646.1279,205.65747,-161.51282,-52.045635,-76.96774,74.63698,49.96743,-20.550018,53.25316,-63.763325,-17.3895,72.032,-20.688934
-1741.3494,227.69804,-98.57096,-36.398674,-58.837982,39.707405,22.433722,0.42471123,64.96544,-38.62658,-14.596218,48.15229,-26.129642
-1736.8309,302.43808,40.917206,42.87683,-0.41396523,74.10622,41.073708,-10.504824,22.498714,-37.810005,-37.394173,16.426676,-31.80904
-2031.7947,350.4828,168.28741,51.715565,85.972466,80.66564,-14.96838,-52.828415,0.9404108,-6.1778984,-40.9139,-6.537627,-2.7299933
-1973.5602,321.2592,122.66232,39.817245,113.389206,81.75812,-22.464375,-52.978,2.3742085,-19.170374,-26.394356,12.63706,4.356369
-1920.7549,343.1401,93.473434,46.6108,112.618484,86.22509,-27.33057,-48.640404,-2.095461,-11.881249,-25.449865,-5.6738214,11.52742
-1824.4473,338.99503,62.762207,48.917984,97.397415,84.353966,-27.589073,-51.13395,-8.177598,-10.540075,-20.697655,-1.9757524,13.747561
-1786.5521,321.96436,68.109375,56.48353,73.87665,99.58989,-37.298065,-51.204235,-14.458729,-11.864515,-17.604408,-0.83570147,18.883553
-1741.8931,308.48816,71.46079,69.132904,63.47849,108.33,-52.930367,-49.66411,-12.132196,-14.181276,-11.632639,-3.6804357,15.281496
-1698.814,305.23846,60.305237,80.96059,75.43542,108.18013,-57.987144,-56.09266,-17.471373,-12.57043,-7.6856737,3.4985952,14.553728
-1669.2985,315.21838,36.904884,98.23657,82.10365,100.4715,-58.291676,-49.471375,-25.057264,-19.533115,-5.9240775,7.7801733,15.266848
-1610.7178,309.02386,24.815186,108.805664,79.6418,76.41553,-43.20426,-32.15633,-32.687164,-33.53437,-2.9597998,3.32909,8.498456
-1531.8691,338.3814,-9.995744,90.44809,49.900505,65.801865,-32.436874,-16.581444,-29.282461,-35.73188,1.3674527,1.6581745,4.677191
-1226.5197,317.76886,-97.76147,52.290085,-0.9797288,56.585163,-60.37284,25.346985,-43.51667,-10.907574,33.131,4.4809933,-8.737154
-1073.4697,284.07953,-112.16075,14.79395,-8.484671,59.591595,-62.376846,-0.78474236,-10.353238,1.603926,17.58695,7.5423,-10.536592
-997.97253,274.38312,-134.79585,1.5654454,-11.216757,49.146862,-31.42857,-20.058504,5.5892467,-2.0153856,0.07805663,28.286499,-26.121754
-941.4885,263.78638,-136.37625,-6.924716,-30.097822,44.48719,-24.535416,-11.529085,12.375643,-9.7702675,-14.934669,45.044018,-38.336708
-904.8147,255.30493,-138.01993,-12.671712,-44.020645,40.654587,-11.788853,-12.48605,24.309616,-20.392712,-20.97037,45.016506,-28.882462
-884.60077,257.39517,-131.42166,-37.32816,-33.672646,27.365559,-5.2802095,-2.7532787,25.535135,-25.725368,-28.459211,53.163425,-28.858557
-860.4462,260.67102,-136.84958,-47.02072,-33.41868,21.0854,7.810441,-11.461941,32.31552,-21.464783,-39.79166,57.48857,-31.559448
-862.84296,264.48425,-127.47309,-53.213326,-46.248085,22.225864,19.975237,-19.546255,36.061817,-16.202675,-46.2186,52.973846,-30.70567
-823.1129,256.831,-134.93723,-69.98829,-34.39805,25.413893,6.771407,-12.482132,37.789497,-12.384811,-60.434307,59.67154,-24.176216
-827.7972,281.6233,-175.94728,-50.861366,-37.534405,23.27802,8.9808235,-18.399462,54.99598,-33.318405,-54.112556,60.934258,-22.258463
-809.9382,274.77026,-178.67389,-53.65648,-36.871147,26.008652,-0.4055872,-6.9853506,53.154694,-43.84903,-49.766964,64.17181,-24.155334
-820.0337,283.56976,-184.75597,-51.22308,-33.50826,21.135876,0.14212751,-1.770133,49.172035,-46.771206,-51.683315,67.63243,-20.060356
-848.5627,293.8355,-166.2104,-65.30333,-17.626038,4.874419,4.949745,-8.347392,60.4407,-58.34125,-42.309807,63.56204,-12.918758
-882.12103,304.33737,-145.47574,-76.42586,-10.466729,7.4404407,-21.364017,18.250168,39.16083,-52.17064,-32.293858,53.93811,4.461075
-919.39935,315.909,-120.38852,-91.309525,3.9468021,9.191769,-43.30313,33.721924,22.56669,-42.39225,-29.062916,53.41346,14.669508
-1000.34106,350.08472,-103.31717,-84.64633,1.0221376,9.1937065,-58.412533,48.32227,2.287578,-33.00959,-23.577738,60.0064,6.2252183
-1114.6272,371.20877,-61.449314,-73.708725,12.566633,-13.359234,-55.713425,43.864166,-2.3143587,-22.990374,-19.104998,51.957176,7.659666
-1314.0967,388.68805,-25.480206,-30.024906,-6.048274,2.2746382,-47.907135,41.10964,6.479516,-38.45488,-20.762424,39.931473,12.055205
-1516.3605,344.3362,70.11135,4.2614636,9.932976,111.48525,-55.899574,7.9923954,-24.094173,-31.090712,-48.815117,3.6086407,33.385
-1567.7532,328.56476,94.91782,23.029503,11.761833,106.31351,-82.93356,1.4325886,-28.593906,-9.716528,-47.38597,-1.6034641,36.971233
-1634.141,349.61835,87.533,19.322372,25.3773,97.96388,-61.455048,-14.045783,-17.868755,-26.06094,-44.361023,-1.034914,35.16961
-1685.7289,367.41962,89.87802,7.280334,32.650177,82.70104,-69.83975,-5.77312,-11.293164,-18.018904,-35.092102,-11.479839,33.107983
-1750.4635,371.94324,92.46788,7.468604,59.696926,88.3073,-73.70534,-17.156528,0.28246784,-25.8518,-44.562862,-10.782778,18.919754
-1787.2638,391.62164,98.345146,4.451478,66.86545,67.84126,-61.45981,-35.857773,11.790056,-26.025215,-44.84994,-13.434914,17.049862
-1817.2114,386.5805,100.91292,1.6370926,74.76309,82.552124,-63.20628,-51.059532,12.839062,-21.344913,-42.4845,-25.35822,12.065163
-1802.852,383.35825,96.59249,-4.29213,61.25949,81.28871,-66.07954,-49.68896,18.215435,-19.921852,-28.62643,-27.418087,-4.0193458
-1533.6492,330.53955,-31.11758,47.236168,82.10414,55.07856,-69.3478,-34.915047,8.311119,-27.094349,-41.100216,-2.1637697,8.626823
-1335.6501,252.46019,-86.37842,107.74065,92.53786,69.13749,-128.89836,-62.381992,42.25139,-4.0910444,-42.316963,-9.358793,-4.2565403
-1264.1084,226.89232,-115.05741,150.08524,67.34381,78.25008,-124.85174,-60.61734,42.25749,3.3436427,-58.326317,-8.958658,1.9189262
-1210.9583,199.7392,-115.59392,165.2566,59.31681,85.0482,-136.08444,-49.6193,31.164429,13.745495,-60.59199,-10.705616,7.732602
-1197.467,203.82921,-129.58768,176.14609,57.276897,82.76764,-138.66304,-53.336914,39.37552,5.4303007,-55.140312,-13.858106,8.237032
-1167.1326,185.68738,-127.43324,178.08113,50.065857,83.246475,-139.94803,-43.713707,31.163776,8.169827,-58.574802,-15.685233,11.50372
-1157.859,178.40451,-127.5374,184.61993,43.029465,79.761566,-142.22504,-41.492363,33.83322,7.9827213,-57.784077,-17.178795,15.110436
-1168.1454,184.16145,-129.60938,182.45416,45.45959,78.58968,-143.22797,-38.67012,36.43874,5.0495615,-62.410763,-18.495815,18.836086
-1177.2156,191.72188,-128.99672,181.76639,49.220917,72.56947,-142.1583,-42.677372,42.64302,0.6249609,-63.029907,-14.877843,19.284195
-1191.0353,198.74344,-129.8423,181.48349,55.01432,64.76084,-137.45593,-46.647095,48.348515,-1.760858,-66.61354,-15.581673,23.318218
-1180.3674,193.50845,-130.44746,179.33679,49.565525,71.54265,-138.87856,-47.39219,47.0122,0.412961,-64.8306,-17.774036,23.93879
-1176.4066,188.05392,-127.75388,179.41066,51.577576,65.91568,-135.65796,-51.896034,44.880707,7.953942,-63.250492,-16.36118,20.186592
-1198.8636,199.59247,-134.47202,186.77739,48.209297,66.349014,-129.82742,-57.47915,40.50849,10.285656,-59.523407,-18.368553,18.286955
-1219.3448,211.33504,-135.0174,188.69656,46.248142,65.34503,-114.569275,-77.04326,40.948956,10.331804,-49.643177,-16.697664,7.8201027
-1207.7742,206.39308,-127.60073,184.21742,44.001564,73.411835,-118.75656,-77.93884,28.765747,18.149921,-43.38641,-16.896423,2.875167
-1212.9486,210.88556,-125.64699,184.72397,35.63451,79.67563,-118.92685,-75.751305,20.664135,14.699013,-36.443848,-16.905731,0.33565617
-1234.4701,211.4497,-112.26017,182.38591,32.032207,73.2393,-110.01276,-66.353775,2.8113136,12.397818,-29.22394,-16.154562,1.7006236
-1343.1929,232.60353,-78.43146,140.84091,56.31565,78.86119,-96.13687,-58.013863,-18.554636,2.152998,-10.61415,-18.572584,-6.391485
-1693.4329,344.41144,37.37445,77.6138,79.0452,56.318504,-63.03159,-48.716156,-11.778439,-26.609287,-4.887079,-3.765833,0.8686328
-1746.7069,356.9471,61.279118,52.838238,85.13141,68.943306,-59.94465,-72.00273,-5.528867,-25.62897,-21.214973,10.514639,6.1778116
-1764.2491,355.273,64.50407,66.75154,93.66862,73.19186,-72.44084,-76.20619,-18.969091,-27.018435,-6.3006477,13.208666,11.466452
-1750.6029,362.5611,78.17031,44.472633,79.36399,74.76759,-80.39816,-62.7076,-16.583757,-23.254772,-9.194434,-0.08005905,15.7101345
-1713.4536,340.34363,76.40469,74.34885,67.88799,76.21985,-85.23524,-69.373764,-24.27875,-18.585758,-1.7902727,1.8527937,9.187197
-1410.8142,283.50308,-89.38757,161.79881,54.199516,17.28593,-3.718926,-15.226027,-75.30338,-73.66318,25.745016,11.91235,-0.76525116
-1527.254,311.85724,-9.430939,124.47154,64.12398,36.546684,-47.89293,-19.973936,-73.566284,-44.978493,25.713524,8.673365,9.9651375
-1519.7369,318.5179,19.887383,83.682625,59.22489,81.05943,-56.340847,-34.538044,-72.9722,-39.899986,13.1833315,22.481882,20.760498
-1385.3884,308.60013,-4.083602,74.627106,41.828228,74.87523,-59.257492,-5.83352,-85.524994,-32.67061,15.803056,9.195495,18.36448
-966.4302,290.7433,-114.54506,6.1395807,-8.785546,55.089127,-82.00298,27.46554,-79.55623,-5.258506,38.82348,28.837185,-1.4268723
-761.98474,272.7716,-151.29631,-43.732605,-26.588657,24.106434,-70.594635,-9.063286,-15.424112,11.061113,20.035513,33.187767,-5.8581295
-674.7427,254.2569,-169.81311,-55.04008,-51.365345,8.105722,-33.483395,-27.213474,12.910454,13.847204,-4.9047685,50.113136,-23.173183
-623.047,243.61328,-171.62054,-63.560944,-72.31113,3.87739,-21.743734,-23.098726,26.130398,2.9281387,-9.104103,54.97137,-27.284405
-592.6185,243.27847,-179.00471,-58.593517,-95.285446,4.979113,-18.895746,-14.085724,32.382378,-4.4656067,-9.717733,52.367794,-27.348701
-534.54535,234.42581,-189.03702,-65.05459,-99.38613,-1.970128,-6.30451,-10.085276,29.348423,-11.9626255,-0.16393371,48.170418,-31.595783
-538.97784,236.4854,-170.79688,-79.7233,-95.0824,-17.221298,4.0275116,-14.690664,34.939957,-15.661474,-6.093401,54.774117,-32.698654
-524.3519,227.2945,-161.53813,-86.9931,-86.08885,-30.725687,11.947622,-18.000427,25.616375,0.2265644,-3.0917828,40.733902,-33.67165
-505.2807,221.81085,-157.72292,-96.76744,-75.152405,-37.487022,4.515665,-14.9475565,28.535576,6.6583176,-8.191871,39.450886,-36.78665
-457.60056,197.62653,-147.8511,-100.34163,-71.485916,-34.707176,-6.355583,-14.388399,34.34039,7.849495,-10.955773,36.13691,-31.39922
-467.85022,211.08728,-142.3074,-103.12791,-62.169456,-39.2069,-17.870792,-13.417314,31.386667,14.066414,-9.999368,36.389538,-33.16897
-496.99493,227.21652,-130.95671,-106.33034,-47.80172,-47.829666,-30.229446,-17.433895,26.69347,22.913406,-6.208227,40.88145,-39.080166
-506.87073,224.37111,-117.12688,-94.729965,-40.47764,-53.746468,-46.059853,-29.129025,27.799835,24.505932,3.228626,36.215122,-36.11975
-546.256,234.05017,-100.055885,-90.4093,-23.498869,-54.85987,-66.73947,-27.379124,2.9129906,39.31553,10.463132,35.545372,-29.102406
-615.4353,251.16373,-92.93579,-71.48555,-20.057564,-48.303963,-87.700325,-36.043713,-7.8131447,54.450104,10.06711,35.004257,-7.96364
-668.88354,231.1167,-85.3119,-33.327553,-0.7901981,-51.946255,-93.26297,-41.95709,-29.222408,41.069855,51.524036,23.360458,-8.466358
-960.9408,303.60117,-77.997375,-14.76123,23.880108,10.120287,-74.79506,-13.14295,-75.240005,1.0643444,50.38195,21.007717,2.0794487
-1170.3777,350.9718,-74.91391,20.086685,24.371994,40.119156,-34.195255,13.126403,-142.40514,-7.0415144,56.16599,-7.765931,-0.22203064
-1222.347,327.89447,-66.42398,35.022312,27.82333,82.485916,-43.874886,6.4858646,-158.83221,-12.738282,59.96765,-9.237079,-4.646324
-1235.4114,331.19885,-58.02256,23.709251,23.770353,92.934265,-55.47207,-0.5991478,-151.52856,-2.099469,61.35169,-9.314132,-5.938385
-1250.9448,343.175,-89.856705,50.175995,50.73804,79.02076,-72.87035,-12.993324,-142.12918,-3.7265825,53.16001,-4.184975,-10.243591
-1189.5889,349.66193,-107.292725,58.21928,73.35536,78.00017,-106.29025,-29.504303,-114.90019,-26.926277,28.194576,5.308408,2.5386963
-1210.9366,345.78583,-104.31951,74.25641,71.93004,76.7193,-107.69081,-36.44755,-109.718605,-37.730392,16.302532,5.1500225,11.668373
-1225.294,341.71912,-108.80739,75.286514,80.46784,75.380264,-102.20647,-51.763027,-96.24063,-41.09964,10.620283,12.547262,7.7234764
-1269.9402,357.7154,-113.19133,72.89444,90.38068,76.035614,-96.31731,-55.119934,-90.03096,-44.26911,5.680042,11.395903,11.691631
-1280.4877,360.13538,-108.10617,69.182,95.41409,69.09032,-94.71239,-53.598278,-77.07374,-50.971104,6.150771,10.900696,11.071693
-1287.2781,362.36237,-119.61372,76.10546,102.00227,73.3938,-85.27984,-70.82278,-66.67474,-56.848076,2.2965994,17.727303,8.535778
-1310.0103,378.95422,-132.97368,75.13476,104.310646,70.39708,-72.02678,-79.24692,-58.00044,-60.890778,0.27294636,18.651915,9.383381
-1314.6776,372.08264,-134.05533,73.6111,97.202614,77.37024,-65.22003,-92.50584,-45.584858,-59.716,-3.3576007,29.600544,-1.1073074
-1360.93,377.1657,-132.36536,64.482285,108.124565,79.69606,-62.470688,-86.97605,-51.31697,-59.433624,-4.7859883,27.60543,4.3084545
-1375.8005,377.00128,-128.53203,57.066353,108.85829,76.857346,-60.2508,-84.77489,-40.36401,-57.11239,-8.832294,29.264305,5.731125
-1411.4673,379.14496,-126.0457,54.293842,114.4572,77.61728,-60.538445,-83.66317,-35.857346,-54.576805,-17.120243,31.21276,10.019316
-1431.7275,367.2403,-106.44982,37.98874,120.33688,73.90411,-64.359604,-77.84187,-29.310696,-53.97595,-26.569988,30.605785,19.810066
-1457.665,372.88266,-101.68346,38.543762,115.05951,77.21655,-82.70843,-59.943413,-25.108212,-56.249687,-35.522697,30.359457,25.11766
-1465.096,360.60114,-90.755775,38.188736,120.26116,73.85454,-91.9725,-48.079346,-21.586948,-59.481865,-45.63009,27.143332,37.41421
-1464.9202,367.73077,-89.26664,35.828064,113.62297,70.753265,-100.13884,-34.981575,-7.6630936,-67.14517,-62.491463,30.560802,60.773354
-1471.3967,367.4168,-80.20595,33.805435,104.92537,72.8559,-93.73954,-34.89993,-3.799492,-67.28677,-59.125256,25.576603,53.716805
-1481.3699,372.68024,-65.25214,15.829886,100.43181,70.519966,-87.14819,-20.75481,-6.8485165,-62.72334,-64.87606,23.780163,59.50689
-1535.4126,389.11603,-27.647606,3.8514824,71.598526,64.30327,-66.288506,-8.463177,-11.339336,-57.482906,-71.73308,23.102947,67.1579
-1588.4321,398.36127,34.349102,-35.193977,32.78507,69.32034,-43.133316,2.7361755,-12.4288845,-41.768837,-70.112564,1.1657333,53.974228
-1700.0172,370.78528,66.160446,-4.5278444,33.25757,82.25691,-37.0466,-10.879284,-4.722313,-12.012246,-74.57484,-27.416042,45.832962
-1677.1714,372.12384,60.696224,0.3722725,27.172176,91.49275,-15.135242,4.8812947,-11.628847,-41.897717,-92.39968,-22.599537,56.041832
-1667.4666,376.84735,64.789474,-15.537348,15.259033,97.94321,-4.4060955,7.774905,-9.480127,-47.700024,-89.97407,-34.649662,41.103424
-1683.2632,384.74402,61.121685,-24.63717,33.469337,99.16767,-13.109234,13.348007,-17.304663,-43.519516,-89.79117,-40.97412,40.99299
-1678.1614,383.39948,56.88744,-16.937489,32.35286,97.16614,-20.805843,2.0780144,-1.5369205,-42.54065,-87.97403,-46.52664,45.325043
-1700.8828,386.4085,64.29772,-6.044064,52.770905,83.83241,-34.507584,-5.778742,1.0377903,-36.439907,-81.13535,-31.042759,42.511353
-1738.1144,402.00018,78.74634,3.7455149,56.52748,71.48682,-36.191605,-9.560401,3.9824543,-33.357624,-70.47052,-27.754875,38.325424
-1704.4683,385.84045,100.805214,14.073656,44.40528,73.090126,-51.227425,-5.911746,6.5895576,-30.292793,-55.989185,-29.272926,32.67382
-1548.6501,370.7044,82.9294,31.198301,-6.7746463,59.360035,-41.81265,-2.8357687,5.0937977,-19.566225,-34.44025,-15.704149,14.538456
-1405.4802,377.8016,85.82867,44.021225,-55.221436,10.833615,-90.33487,6.8169737,52.171127,-48.86347,-22.893084,-7.2307816,-2.5422611
-1282.1868,353.5409,80.02757,53.171978,-81.33984,-3.5176277,-104.8109,6.281427,74.94474,-47.538,-19.141954,-4.6949844,-5.3404617
-1180.7004,325.70245,86.79152,45.634407,-103.56767,-23.290668,-110.95194,7.7061105,92.30821,-35.388832,-26.143852,2.2152119,-2.9238815
-1127.3304,318.88837,90.29643,53.248978,-140.54636,-24.99356,-115.80437,11.306654,91.34805,-24.270914,-25.409325,-2.3337078,-2.0959778
-1081.7278,302.03204,115.90888,40.793526,-155.56912,-35.30587,-109.298386,13.255053,93.21536,-13.194681,-25.332159,-1.9581203,-8.147476
-1019.46094,280.3423,123.12368,48.523743,-167.96844,-63.65397,-87.25079,22.895105,79.8261,2.8426962,-15.83226,-22.470333,-8.071228
-969.3811,266.9013,112.30078,62.893547,-169.47815,-86.56761,-81.15378,32.931534,73.69191,18.40052,-21.916159,-32.191036,-2.8205109
-951.78485,266.2774,102.00876,59.504158,-161.15413,-84.78999,-80.48078,27.551607,74.399925,18.437859,-12.503882,-34.409004,-7.518219
-984.9739,295.95868,69.57095,78.32149,-164.36993,-87.071915,-76.770355,30.461288,66.380615,12.34913,-5.3962383,-26.891045,-7.2898293
-1032.3076,310.8406,74.4888,63.622948,-151.82333,-87.52573,-79.992645,35.713654,69.57552,-12.590313,1.5531849,-6.8390803,-4.518471
-1138.9401,364.70355,47.157852,68.7388,-153.4712,-59.550056,-97.97775,31.589048,86.35449,-43.26145,1.3469539,25.866493,-9.179901
-1209.9785,395.67276,27.47071,50.840233,-115.25061,-74.85126,-78.99752,24.514698,80.64395,-48.76296,0.18555066,29.104992,-4.3874207
-1229.6624,396.81116,28.213509,19.586197,-99.304726,-72.379196,-63.76425,30.285221,65.23592,-35.206474,-24.052134,25.087627,3.918993
-1305.3264,419.67108,31.610275,0.33880186,-111.02326,-57.707672,-56.597187,46.52359,51.710052,-36.480545,-30.845917,13.634312,25.962082
-1380.2283,382.38776,17.8872,19.412611,-95.53177,-51.727974,-38.700893,31.811522,53.28201,-32.66333,-52.034214,25.744755,29.210278
-1623.652,289.46564,21.229397,24.291586,-74.7581,-9.312369,-19.118835,1.2514658,82.09864,-36.83359,-46.18902,29.022655,22.427835
-1680.0109,188.27136,-65.70506,4.6984887,-65.93065,16.194426,11.246975,-8.489742,38.77365,-45.861107,-37.354046,46.305183,21.150497
-1680.919,198.50555,-113.53852,-42.4624,-72.52429,32.195183,15.698715,8.805005,34.994835,-64.82291,-38.764355,56.13502,35.15194
-1668.6902,188.86661,-161.96573,-62.10458,-69.102036,26.67602,35.709793,30.863836,37.633606,-62.458748,-41.652164,46.9942,24.30676
-1700.2341,166.45816,-155.21892,-41.348034,-63.54933,10.221428,-21.085371,8.329243,52.46092,-58.051144,-34.18374,56.77123,24.97057
-1691.3645,193.16156,-138.10231,-49.266506,-75.11227,8.274687,-6.111616,0.43146896,51.54927,-24.609848,-28.288738,41.596207,37.32672
-1644.5726,211.39261,-163.75406,-91.185104,-103.23703,-30.310793,-36.255676,21.711655,85.229485,-34.354813,-19.218359,77.80411,30.478907
-1676.6826,224.80711,-102.05896,-87.79658,-134.10545,-10.510244,-41.269493,-6.30157,87.1802,-6.22225,-15.33499,53.262085,25.375177
-1693.7256,227.13022,-85.04956,-86.76894,-160.18912,-19.270332,-34.113293,15.089187,68.16084,-16.025286,-2.239898,33.87731,-3.979969
-1715.7808,279.4757,-85.553345,-114.64375,-146.01035,-38.18626,-17.10004,5.4787874,85.09711,3.069254,5.8561044,64.16058,12.307186
-1761.4191,281.56866,-34.73043,-89.42723,-100.506874,-45.830265,-38.311806,8.704054,74.63147,11.669954,-14.159237,58.183136,2.6531487
-1735.1667,336.2876,49.557564,8.773006,-32.703217,11.160528,8.034411,5.2682724,52.820206,-6.802099,-29.585754,13.49394,-11.382767
-1904.1716,309.66562,121.632904,74.41838,57.52231,73.18962,-35.02462,-60.468796,-21.239937,-12.004559,-5.2910438,-1.8420086,4.3383493
-1803.314,307.37952,95.563705,59.52691,57.43239,76.1889,-59.2415,-45.29149,-14.426842,-20.252478,2.5000715,-9.839956,9.118885
-1789.8564,329.13748,91.047714,51.825974,60.59473,76.99939,-55.629375,-55.90705,-16.404194,-19.616816,-0.07132798,-9.454109,11.752991
-1750.479,328.3122,91.846085,49.764767,65.93521,74.71784,-55.500355,-55.543617,-22.268034,-12.980335,-11.173297,-8.6424675,17.795351
-1761.9689,362.55652,77.19218,48.088844,70.74191,77.43285,-58.05338,-53.545177,-24.363243,-13.523559,-17.610834,-9.273776,23.141888
-1736.3539,370.0846,77.30939,48.944794,72.61622,85.56575,-63.47291,-65.05852,-14.412344,-20.15521,-17.11498,-3.5788517,20.875128
-1689.6713,358.48535,71.21492,63.157566,73.17581,86.720116,-69.25839,-70.88263,-17.859226,-23.794714,-8.945552,1.6133099,17.111782
-1661.4753,359.49655,66.47293,68.285126,70.64453,84.05217,-81.26047,-60.93982,-21.690216,-26.879581,3.499877,-6.631687,16.83178
-1617.0283,350.09912,62.115875,75.4998,64.68808,71.08133,-74.990585,-53.346153,-27.758804,-33.033028,11.229249,-3.7247705,2.8006344
-1556.8413,337.49054,46.742477,92.81584,48.720383,76.43985,-78.42127,-46.826717,-34.301846,-36.561638,17.446558,-7.8486958,-3.0950575
-1301.169,299.59473,-82.05917,127.81375,99.66396,41.044937,-112.076706,-18.159235,-43.168606,-21.92532,23.172264,-14.937687,-13.04942
-1089.3601,241.59511,-132.66321,163.79878,110.93812,27.699997,-167.76263,-20.619127,-18.765387,19.569872,10.223278,-30.826124,-25.402449
-993.81775,219.86742,-125.79375,157.98155,107.14882,29.085764,-177.29771,-28.615206,-4.5969534,24.519672,-6.8056273,-22.15997,-23.325912
-936.2263,196.58795,-118.737045,174.88687,95.1008,22.018738,-172.19234,-43.425552,8.70089,21.528263,-18.917276,-14.646313,-14.401043
-921.13,190.21378,-117.642105,186.49661,82.82641,16.32922,-166.03589,-51.265896,19.112244,18.695625,-30.484793,-8.504932,-15.119929
-909.6423,186.74805,-118.327545,186.75528,83.84014,12.246927,-163.97159,-58.082516,27.741123,13.696871,-31.973223,-8.97727,-13.271824
-891.0642,174.551,-110.47652,187.00212,78.851875,12.183407,-166.83707,-57.67134,29.55115,8.059101,-32.500336,-6.560697,-9.4780445
-872.5365,165.16362,-103.4574,186.44226,78.90698,12.43704,-171.2702,-56.258068,26.559437,11.653496,-34.573982,-3.322567,-10.359283
-845.62463,164.2789,-103.561264,188.03311,68.3255,20.66613,-176.53616,-49.79849,21.507034,10.963308,-33.92623,-4.6304426,-2.224557
-830.3922,164.21902,-106.26268,193.15958,57.2321,26.901068,-179.56827,-49.109245,18.786215,7.796364,-31.528427,-5.8720036,2.8041992
-832.20166,175.91133,-114.28638,197.8169,50.866714,33.2294,-184.65666,-47.236134,14.832661,9.54476,-32.33692,-5.007797,2.1327348
-820.205,173.56961,-111.03153,196.67828,44.674374,42.7543,-191.086,-40.28522,8.903866,7.9793015,-28.859863,-6.507004,4.9642377
-816.7516,174.34265,-109.73265,194.20303,44.79569,50.019188,-199.35442,-37.638786,5.85356,10.66696,-28.670385,-3.8656092,1.5957437
-833.3595,193.42819,-119.21463,198.95969,33.230003,62.104153,-205.60078,-36.32793,2.050585,11.48045,-28.078217,-3.8978157,1.0659621
-839.3417,190.42538,-112.68079,198.65053,25.3455,70.256775,-203.36554,-40.95832,0.6889704,17.795033,-34.090145,0.6065426,-1.8854485
-865.95496,204.26854,-100.69095,174.24619,28.667257,79.793594,-204.2561,-38.43811,-0.2479018,16.47718,-34.677532,3.7072964,-3.7235394
-891.4233,205.30179,-69.16705,133.08148,42.39704,75.0914,-191.80307,-43.309944,12.121645,-0.11829162,-31.608328,5.713066,5.4783883
-942.97156,213.11249,-24.974474,83.75772,39.10174,72.65206,-165.05234,-34.67929,12.240271,-15.77763,-32.699207,15.147884,16.64849
-1091.0187,244.7386,38.04659,41.101658,15.045527,67.07106,-123.768524,-15.8708515,10.477795,-33.101257,-35.824303,23.318434,15.514721
-1390.5093,293.52014,94.67381,34.152676,5.6273518,73.834946,-88.80771,3.7164793,24.407976,-49.888184,-43.871056,8.228416,8.001966
-1492.8179,312.78946,88.95941,66.90761,19.666054,119.402275,-98.79674,-12.481876,-5.254534,-45.318,-42.23571,-8.000746,21.437216
-1511.4885,325.93646,67.24609,40.62416,32.503326,111.13523,-100.56589,1.3689693,-5.4872875,-53.742863,-34.20643,-15.0204735,22.173685
-1553.2493,348.38037,34.525833,27.41904,47.690495,107.03024,-84.33488,7.196783,6.2187867,-60.58126,-44.010975,-14.278114,14.799465
-1596.1538,379.3998,18.855429,8.467461,72.10123,76.11116,-62.179897,18.53632,5.657117,-58.136784,-49.08927,-16.250546,14.523864
-1593.0952,379.55902,20.76835,14.831378,57.230553,71.23178,-38.472733,13.152884,5.3213835,-64.0005,-63.900707,-9.197685,15.633296
-1586.8538,388.58002,18.94585,-0.8736243,57.117443,53.514347,-33.308712,17.026144,6.283986,-64.87746,-65.384,-8.789925,18.985176
-1575.582,390.70096,-4.6707315,-5.006967,47.505,51.96502,-24.954597,17.341768,7.5713406,-53.21911,-66.93552,-13.7795105,16.468342
-1329.8516,398.34094,-19.501528,-48.426422,-1.199378,-21.230066,-48.670868,52.92266,19.330732,-47.147255,-40.2693,13.60425,4.8412614
-1085.6731,369.2118,-107.76224,-44.125896,-37.34666,-21.300749,-32.20528,65.8116,11.940655,-71.53168,-40.869625,60.98216,-11.205429
-1011.0956,351.12708,-136.34454,-39.96256,-33.20733,-23.765255,-22.254368,54.745224,8.04583,-51.309288,-40.355522,58.498055,-11.582634
-972.8662,356.07043,-159.69354,-32.957523,-46.693573,-15.766467,-16.341948,41.666588,-1.4540854,-22.454464,-43.13839,65.61301,-23.749699
-907.61926,327.4594,-167.10703,-35.47659,-55.89219,-3.8297625,-16.75386,27.530159,10.3623705,-21.742908,-36.656284,48.085636,-13.294902
-908.2558,347.62302,-201.43564,-32.945705,-56.804676,9.092169,-20.307108,12.59511,25.363873,-26.00042,-37.777035,40.03524,3.7822828
-898.3981,331.29248,-194.59329,-43.079346,-43.108727,-1.0184665,-18.26281,15.710261,29.00076,-21.751066,-46.38016,44.675903,-1.4194736
-896.44324,317.97345,-183.97095,-49.041206,-37.715897,-4.3455086,-11.108587,11.8702135,35.278656,-20.00426,-51.123745,48.044586,-8.618633
-914.66766,324.45822,-199.64561,-35.80744,-50.87327,3.9752645,-12.939109,21.188896,27.821602,-19.237894,-48.49262,48.881332,-10.556268
-956.7832,327.28546,-193.117,-36.950623,-51.743607,7.0610714,-16.889454,21.380089,35.428642,-21.12566,-53.28746,56.694424,-24.647297
-927.01886,318.56964,-209.39294,-25.643085,-55.334778,5.7611284,-3.231285,20.975006,18.165224,-15.539289,-42.035156,46.037712,-19.327436
-894.9649,302.73383,-201.53624,-33.76107,-53.295063,14.808544,-11.163366,23.54113,15.461328,-12.241777,-46.246395,52.27661,-17.138016
-856.4674,268.04895,-180.29037,-27.524176,-64.00138,15.298146,-14.773293,19.664156,19.236607,-7.140709,-49.84013,61.36564,-26.221691
-867.83295,259.00085,-167.74452,-14.092907,-74.23973,15.860913,-18.641697,18.236988,24.046135,-9.06267,-45.849426,58.971863,-28.055923
-866.93317,239.5983,-148.4582,-8.430626,-78.28433,15.656395,-20.55232,10.139128,24.255058,-1.4686222,-42.55386,57.033623,-31.485497
-894.8179,238.17215,-147.32405,9.354509,-84.45699,14.858868,-9.6974125,-4.2960925,30.127588,8.29678,-38.726643,47.948555,-40.091057
-1064.6289,304.60834,-134.20357,-8.078785,-72.28648,13.962532,6.2224045,-9.754913,34.95735,13.279998,-33.551533,34.970924,-43.148476
-1318.9614,308.19974,-86.47458,-6.943021,-66.213936,38.4112,13.045977,-39.167,45.457893,16.471405,-25.630209,31.64898,-49.445137
-1501.4987,213.64056,-128.89328,-12.667742,-57.995247,62.26321,46.28246,-42.078033,64.13176,23.41594,-25.061287,16.646282,-55.062763
-1543.7368,187.47784,-191.84631,-49.876774,-88.33965,29.097092,-5.230419,-42.137894,114.367294,25.957745,-35.753098,34.161808,-15.558014
-1607.352,206.18637,-179.4391,-56.523235,-46.608364,35.298164,-1.7778134,-26.148548,78.31055,8.205622,-42.5846,13.893787,-22.336452
-1644.6238,231.43497,-165.2262,-64.45823,-66.82858,13.889795,-18.015434,-22.397598,111.742966,33.93621,-32.52628,8.484788,-16.042294
-1676.1448,212.42361,-155.90042,-42.379074,-47.04424,17.788488,-38.36451,-41.448235,90.453636,44.35917,-16.992733,3.7116947,-8.546646
-1714.5466,201.13866,-151.8277,-47.122185,-61.925762,3.7807918,-29.334148,-43.84153,90.32243,39.615967,-2.7890062,41.763657,-0.8339653
-1465.145,247.83725,-43.68217,106.89298,27.707714,21.56852,-89.76213,5.04651,45.296425,5.3029723,-22.70631,-7.8355737,-14.148315
-1395.281,193.85185,-43.52664,188.56763,88.02573,43.181763,-116.55385,-8.797064,24.01688,-16.992079,-41.49792,-28.681044,-12.629411
-1315.1266,167.46503,-57.942913,219.44405,93.53381,63.46315,-136.96771,-13.023515,0.65855694,-15.096829,-52.833416,-26.675472,-7.718174
-1301.5038,176.8144,-67.42259,232.00226,96.336655,54.638367,-132.64487,-23.487667,0.37460375,-20.994347,-55.81562,-25.565022,-9.60467
-1323.0088,186.07553,-67.92821,233.02618,118.20714,59.846535,-153.27875,-22.44382,-5.30529,-23.425247,-51.782875,-35.91427,-3.9714587
-1369.8146,203.20358,-72.02919,239.61987,126.170975,65.70326,-151.78236,-35.59182,-1.1472858,-30.79821,-47.053444,-34.32289,-4.450476
-1400.9482,218.22314,-64.58181,239.26944,118.89826,51.402885,-127.17734,-53.95497,9.5678005,-24.57851,-57.385605,-27.998531,-6.2316055
-1483.3596,232.72646,-46.059853,231.55191,131.16635,47.558346,-108.28467,-67.789,12.427427,-38.470165,-68.30074,-20.332722,-0.6035638
-1520.1377,246.86554,-39.668434,231.17831,120.52441,35.263397,-91.6455,-75.198425,19.674664,-34.051636,-76.61863,-10.11561,-3.7335262
-1539.1183,240.28885,-21.928114,235.79764,101.98984,49.41772,-91.689865,-83.405396,28.3938,-35.01646,-75.19248,-12.439674,0.05516815
-1513.5796,221.45769,-14.52789,239.72978,89.938156,64.76349,-104.62979,-76.566376,27.844841,-32.11693,-79.29529,-10.89879,2.0589447
-1471.6439,221.02475,-36.17212,245.40956,89.22056,55.991966,-100.48157,-70.64186,23.271143,-27.293467,-78.3338,-17.490122,6.381544
-1431.762,196.63136,-48.730957,271.24146,98.1315,50.313316,-101.30234,-77.895,23.308159,-25.020275,-81.99425,-21.47892,17.910797
-1422.3905,209.51138,-71.27374,274.54865,112.48115,36.966297,-97.43932,-68.48303,11.079676,-29.359764,-60.821243,-26.940903,6.5186234
-1411.5608,208.04778,-68.93878,263.77542,122.95705,37.158844,-102.3833,-66.685356,5.2217913,-29.251719,-49.990223,-31.672491,4.286275
-1451.8225,233.04382,-62.654114,247.87631,134.54578,46.74913,-123.98009,-53.622845,-4.668826,-33.33497,-33.62086,-40.545906,-0.701565
-1430.4858,225.22511,-60.403275,247.09671,131.6437,39.99254,-119.1149,-54.267365,-2.79521,-27.631168,-36.96198,-40.358837,-2.689558
-1456.8179,230.48514,-68.35159,253.4162,146.9831,38.815224,-117.48378,-59.912,-6.8984013,-25.462332,-38.100494,-41.48089,1.2673943
-1455.8152,227.64734,-64.09118,251.63063,138.54117,34.558334,-105.54477,-72.14858,1.7170808,-18.370049,-51.49002,-32.44286,2.1147068
-1473.9724,229.22711,-51.647408,241.14587,132.75436,44.659122,-111.57593,-73.97788,9.187828,-19.705032,-54.878956,-36.4287,10.751713
-1495.6477,237.2703,-60.55281,246.09549,138.69626,42.016117,-107.954956,-75.02095,8.567829,-20.58452,-59.341213,-35.25821,16.198448
-1510.5791,237.77275,-39.156433,213.18172,145.09,42.24176,-108.31438,-58.945187,15.391906,-25.82788,-66.190605,-41.746994,15.004201
-1546.781,240.44751,-31.543268,223.247,134.07915,49.097935,-99.24392,-68.908,22.643705,-25.593575,-75.154274,-35.760338,12.178045
-1591.355,248.33289,-6.1648464,220.06808,123.93585,45.47811,-95.88506,-78.21091,30.371471,-26.00001,-73.399445,-24.387732,14.35054
-1613.8958,248.92944,0.8963113,228.96579,114.63137,45.26581,-87.62379,-78.14224,26.661701,-30.132557,-69.30634,-15.42937,9.302326
-1626.828,243.0604,13.046078,224.49414,114.09479,55.349003,-85.12088,-90.34206,26.633976,-24.85699,-77.11933,-14.564732,14.973473
-1630.7333,235.68365,18.455757,228.79819,107.416115,53.969032,-83.64667,-91.801254,19.862305,-24.938715,-74.897095,-17.4303,13.634757
-1594.5115,199.3266,0.29475015,245.5432,98.446304,65.936905,-72.41581,-85.43901,18.42808,-21.417023,-85.38144,-23.365997,20.739782
-1606.0767,208.54117,0.35015702,245.0375,107.59158,65.88769,-72.48598,-81.21274,16.750065,-28.054113,-76.30741,-17.042257,18.759148
-1576.7241,217.84933,-4.230906,243.15523,90.663345,72.36609,-69.002975,-79.52034,37.55905,-27.181828,-85.728294,-16.177677,24.298014
-1564.642,205.55357,3.308913,245.40671,81.608185,77.55971,-79.61615,-76.06662,38.940887,-19.564096,-84.28394,-22.331015,30.49896
-1522.7404,179.09637,0.9641907,262.42987,74.23636,79.387314,-89.0005,-73.70551,34.239994,-12.041882,-83.498886,-31.423115,31.326931
-1511.689,173.76198,0.65992785,259.0296,70.62999,79.48561,-96.63984,-69.82304,33.7946,-3.790845,-75.5744,-34.862373,36.589745
-1439.2676,145.69614,-16.87707,266.6189,56.88498,92.05812,-103.312836,-67.92122,28.368343,1.9832859,-68.117355,-38.41004,39.27757
-1331.8628,120.58338,-61.444893,275.7031,59.196297,86.197296,-103.28618,-60.38482,30.179493,-0.5312443,-71.63878,-32.655586,25.43098
-1299.6147,112.34062,-48.114075,266.2047,38.348473,89.8976,-109.779144,-46.214806,29.483284,12.778617,-60.535175,-24.543667,13.216292
-1358.4739,177.42049,-36.190723,213.07953,33.99506,74.26621,-99.46375,-36.83541,45.023453,14.14761,-46.115627,-6.983265,5.4140797
-1500.7484,234.37234,7.20718,159.27684,45.785084,72.536156,-90.639305,-58.696728,43.970024,36.831055,-30.162848,7.6944895,6.787447
-1647.9697,236.67218,40.510532,162.98639,70.80648,51.647778,-74.92721,-36.70528,30.852604,20.14664,-19.335142,25.472416,12.156352
-1604.6047,316.0315,-19.54273,-2.7285125,-13.574724,71.62785,22.237656,14.696659,80.44891,33.664253,-24.372126,12.316343,-25.039589
-1709.3193,248.00012,-124.919754,-95.25284,-114.13108,23.722727,40.18463,-8.636795,76.3727,31.234747,-17.924189,44.07019,-4.2378845
-1628.2189,218.72623,-158.87276,-93.72917,-116.41239,13.5644455,39.82744,-19.463957,61.55609,34.19291,1.9675565,67.43644,8.121092
-1555.6714,200.93562,-158.01767,-67.83447,-102.3954,36.59011,27.48233,-24.706894,51.01566,32.185444,-25.852667,54.9191,-13.472721
-1346.6896,345.08447,-61.485188,-20.961452,-100.122955,25.161375,-1.4780588,-0.68478775,62.685688,24.5927,-30.072908,32.74778,-33.123096
-1053.4182,355.81995,-143.90643,-64.726166,-84.6962,11.305502,-0.140398,1.8783836,51.042316,7.3902054,-30.015493,44.063763,-32.29826
-922.27454,370.4181,-187.4389,-57.16715,-98.83156,-8.009022,-1.9817154,-16.924154,65.85772,-2.5572853,-15.117994,43.96865,-27.603615
-805.97955,360.16974,-210.19101,-54.749187,-115.30304,7.3143244,-18.602736,-21.377542,70.416626,-2.671524,-12.082949,34.790268,-18.494785
-729.3693,342.76666,-217.52184,-48.485542,-128.88972,7.4850273,-19.640566,-23.78028,60.654354,8.9650135,-18.61964,38.699844,-19.74268
-695.9706,349.0805,-223.96797,-65.690025,-109.29346,-5.996394,-19.696384,-29.321552,51.183914,10.519915,-15.282531,41.456215,-16.08667
-654.3379,324.0031,-211.67853,-67.36735,-117.752975,13.404054,-34.359493,-27.287254,35.567223,20.220005,-12.739521,41.72098,-12.490642
-657.3158,334.04614,-215.8082,-69.38502,-111.35213,22.599169,-51.571175,-20.210705,21.070007,26.356762,-12.093254,49.820194,-14.637039
-637.6185,312.5952,-208.56786,-56.667152,-111.24596,23.685371,-48.817497,-36.805397,16.694298,33.93499,-14.636625,63.263954,-20.132477
-625.76843,290.11423,-195.88837,-47.752293,-105.89812,26.619831,-66.71547,-37.44143,18.33433,38.152,-15.750422,70.16454,-22.896315
-674.7079,291.87506,-198.45865,-32.718952,-90.335266,28.053478,-68.86877,-51.0309,21.036324,30.01525,-3.431378,69.83953,-21.45594
-745.55945,286.64255,-185.29959,-6.1934633,-92.27922,40.060684,-61.75282,-66.53776,22.629498,26.933998,-1.0104252,70.01113,-19.076462
-798.55536,259.14597,-145.74956,2.2330437,-78.73755,41.282814,-52.465553,-64.411964,-9.603057,36.394966,3.9666212,69.59144,-23.457512
-967.3529,259.7082,-101.798645,12.714549,-56.21261,66.300026,-68.3835,-39.92827,-42.255318,19.266142,8.862019,69.04378,-20.501406
-1320.9138,290.44434,-6.6042666,32.033264,-32.795834,108.73705,-61.77938,-32.7109,-43.936707,11.852178,-8.247209,28.948677,11.510231
-1405.5074,297.66156,22.272264,29.946873,-19.465878,117.16869,-81.462036,-17.875917,-14.648089,-1.4075384,-41.519688,6.502202,29.476261
-1420.906,294.7256,23.72417,33.37269,3.6383467,111.16924,-91.6151,-15.925242,-24.23912,1.4674344,-31.521175,0.8711271,30.18761
-1488.595,289.78622,14.394835,51.571106,38.79798,111.15892,-91.29083,-17.061607,-35.628162,-14.607263,-26.865677,1.0876741,29.989872
-1506.217,311.7762,2.082614,44.867546,39.267788,82.25708,-75.25064,-6.394044,-17.859818,-19.158146,-25.499027,-8.618095,18.672829
-1546.4248,326.906,8.326351,44.598476,47.274498,69.65456,-82.443665,-14.573115,-12.608099,-14.965668,-12.390979,-6.9259377,20.152052
-1577.064,324.70914,20.001884,47.998665,49.98262,76.44407,-84.35741,-25.062443,-11.732309,-8.567783,-27.100088,-1.6874146,22.60909
-1598.5253,337.41296,18.420958,37.618526,55.426537,69.666954,-75.71423,-33.26748,-8.093418,-3.290639,-25.099371,-7.015916,17.98464
-1619.3901,333.17712,-2.5894816,54.592964,74.048,62.834347,-64.20271,-33.931942,-23.266453,-15.929773,-15.619652,-9.444967,20.717327
-1572.5387,325.18933,-34.53253,76.08847,68.509995,26.682579,-34.543934,-17.380566,-46.239136,-7.6823893,5.08464,-23.633907,10.221693
-1639.1959,339.32028,10.198462,38.689075,62.087547,67.732666,-54.366806,-47.57524,-16.724482,-10.27404,-4.565355,1.559433,8.7761965
-1664.3845,349.60165,4.360733,43.99672,70.54442,52.678932,-56.330746,-44.465416,-15.389924,-2.6997619,0.52705,-0.18966997,5.369363
-1656.7601,337.97955,12.935175,40.66105,70.2703,68.15953,-60.03846,-42.305977,-16.306171,-9.053244,-1.5095072,-0.37841463,1.7241201
-1639.1965,337.66458,15.816246,39.872498,59.807686,72.94718,-62.05242,-38.541138,-17.671415,-6.383239,-4.8427334,0.6778891,6.954107
-1651.7441,341.42618,10.949484,47.336403,71.032646,62.573853,-59.129425,-46.202187,-21.00164,-2.6106892,6.258808,-2.370494,2.485714
-1688.511,341.18903,13.307928,56.34116,85.604034,49.794502,-54.658005,-53.059235,-17.231411,-5.5614786,7.728124,0.49515963,-2.1578574
-1719.5209,352.78278,13.008708,41.68219,85.12981,45.34839,-36.063988,-50.316525,-22.684452,-1.682497,-3.6257658,6.3274136,-0.7960129
-1749.1392,359.4452,20.983255,27.117146,86.91916,45.755478,-29.022867,-52.892426,-14.368675,-7.40623,-2.7127836,7.3416643,-3.458744
-1728.9364,330.10898,18.884089,53.18879,68.9532,60.512047,-39.727013,-48.458984,-5.9224167,-17.552303,-3.3635774,5.4237957,1.2808821
-1667.5157,294.5927,9.332132,66.004684,63.565536,62.60073,-34.621223,-28.593525,-22.139603,-31.687954,-0.9844,14.266782,2.4793177
-1528.1833,321.81232,-51.210075,35.09041,44.172638,33.542717,-21.428646,-11.669409,-38.175365,-1.7497072,22.295269,12.990933,-26.70766
-1650.627,313.95526,-29.698639,2.821248,36.91483,55.44776,-28.407726,-32.359177,38.019783,9.569555,-28.999718,18.10809,-15.534969
-1674.6943,238.90944,-82.284775,-32.69184,-34.846973,65.65515,15.991326,-44.739525,51.873997,23.400875,-27.038334,31.885849,-25.321888
-1705.9762,220.33694,-144.14874,-91.43541,-117.97458,2.919983,-16.939636,-57.164425,51.99345,33.354942,-11.959852,28.534492,-32.601963
-1778.9177,216.71283,-144.93196,-89.40927,-72.888306,-12.311594,6.4478264,-13.9648,77.73944,36.061634,-22.529243,25.629536,-29.223305
-1797.9905,257.56122,-137.77908,-130.21205,-88.928085,5.1655173,22.035633,-3.5645294,88.16429,32.604702,-36.79862,16.457565,-9.507732
-1557.8059,296.05762,-57.348557,-4.7451863,-77.64406,35.31656,56.614647,-8.091797,46.540943,24.430382,-54.073772,-9.3164,-22.156033
-1182.2133,391.17676,-151.83261,-48.629543,-118.89909,39.074276,39.5782,17.098309,39.538567,3.1853683,-27.49957,9.82833,2.6303558
-934.8013,346.2399,-199.62852,-41.570976,-143.90404,47.056995,20.271126,14.290918,27.146809,8.12211,-32.15972,26.12214,6.498928
-796.67395,317.1217,-198.83652,-47.05545,-141.65231,44.750507,11.682354,9.4254675,28.478125,7.000058,-33.466034,27.714787,6.6778812
-716.5355,317.7213,-219.19852,-42.80876,-154.9961,55.319466,-6.500241,11.977957,21.81274,7.8160887,-32.36222,30.195824,12.493533
-647.64386,305.62982,-214.68062,-55.08474,-148.87692,53.033524,-14.574827,16.569954,12.1464615,7.980818,-34.41322,35.515114,11.267841
-611.129,302.3399,-212.17044,-52.691868,-148.87206,46.96216,-12.829815,11.7956085,9.3260355,7.803487,-30.472603,38.566692,8.478278
-614.7369,303.43085,-211.85654,-43.386673,-149.74564,47.78384,-14.393053,3.3033009,8.626875,14.315726,-33.870846,43.314373,-0.20049763
-546.8543,287.76663,-234.2153,-29.434221,-155.65074,46.252075,-12.024838,0.8117466,3.5608125,23.79433,-35.086075,37.59147,3.5631428
-589.7516,291.4426,-204.77997,-50.176,-140.35342,44.48391,-22.059792,-6.29449,11.278496,24.255737,-36.015583,49.28248,-8.675224
-605.36804,281.62695,-197.06052,-40.272964,-142.80731,51.178932,-39.380344,-8.614756,4.743888,37.615738,-34.33876,58.521828,-17.880299
-627.207,272.404,-181.2868,-41.949524,-138.09714,40.553154,-43.96324,-16.728077,5.097019,45.37949,-21.685062,54.159267,-23.451492
-649.2396,262.87494,-172.3258,-39.670166,-126.26362,32.777092,-58.730076,-23.271626,10.919643,55.45832,-16.861788,54.35546,-24.670597
-667.97534,247.78328,-156.63635,-35.566833,-115.10121,26.116947,-69.45863,-38.10207,12.819476,65.68214,-9.634002,58.501976,-29.271637
-715.5476,247.36827,-144.25714,-24.047226,-97.89073,8.832123,-73.727295,-55.009777,20.93002,64.276535,6.449487,54.349213,-29.850353
-752.52576,238.48904,-123.71872,-19.06992,-83.417816,5.5050507,-71.506065,-68.96208,25.36133,62.271732,12.603904,48.680187,-28.524477
-827.3076,235.49762,-102.552635,-8.338768,-75.86397,32.963593,-74.09821,-74.116165,1.2243757,64.49081,24.159092,45.56952,-30.116192
-1045.8157,255.41658,-70.577484,2.0740118,-34.30262,52.690712,-82.64465,-53.515335,-34.694393,51.002068,42.538742,37.53852,-28.11584
-1470.7007,278.57367,32.707798,40.993942,-6.6855793,84.311844,-54.65901,-26.22155,-31.359123,24.877123,-5.453286,3.1296196,10.107776
-1533.4681,287.38824,46.268993,48.159595,12.251513,96.315346,-62.25246,-35.16545,-39.23987,22.122196,-22.387789,-10.498096,24.40786
-1603.3843,304.4578,39.160126,53.917915,33.038597,81.477554,-49.184807,-44.641922,-30.935524,11.286707,-18.57682,-10.59737,19.674347
-1656.8451,308.51917,40.78145,74.322655,30.19356,67.899284,-43.237938,-72.625435,3.4245589,16.195621,-23.230253,-2.275527,7.9130096
-1683.5201,330.8057,31.430115,47.884624,43.874603,66.13704,-30.946796,-59.10145,-1.8158722,-0.79614455,-18.72659,-2.3592844,9.70562
-1712.6143,324.99924,35.844345,54.752197,55.768654,62.536713,-18.567444,-64.417145,-3.6920257,-14.312915,-33.68155,-0.078780174,9.984716
-1778.3228,341.13934,60.532036,42.655273,60.40673,45.974373,-27.55791,-68.2206,-2.8685594,1.1690564,-19.582138,7.8774333,-0.4196335
-1829.5049,341.01807,83.9653,36.92118,58.741302,51.014954,-37.687325,-58.337486,-3.4945123,-3.9189363,-22.413666,4.0003467,8.494648
-1700.7302,310.05463,-32.36189,97.00205,113.87504,12.428329,-50.38179,-24.196873,-19.151054,-24.35828,-18.550343,-9.443379,-2.784791
-1543.954,295.53595,-86.82388,114.54735,140.51953,-5.35863,-89.15437,-56.58059,16.067684,21.557352,-28.211872,-6.6675243,-11.236787
-1544.8956,297.9937,-80.70858,110.28685,148.77493,11.660099,-113.3674,-84.02588,54.748314,28.643873,-38.627857,-6.3733883,-14.743437
-1537.121,300.8299,-94.75758,120.488815,137.22278,23.403938,-105.955826,-85.02083,57.765076,19.278622,-47.644394,-5.2971163,-6.692438
-1523.4476,294.7395,-97.73387,128.17612,133.22308,11.701134,-101.869774,-82.04962,66.2806,24.100855,-63.144196,0.72359085,-4.7627697
-1519.5685,282.76776,-94.10751,147.97046,124.2682,15.168089,-94.799835,-88.10388,69.4545,14.724527,-62.673794,-0.949327,-4.047577
-1519.7234,282.59515,-90.74626,164.03677,113.800896,14.783543,-86.93199,-83.67677,68.14201,14.989671,-53.7312,-3.0289392,-3.926426
-1497.4497,247.98674,-74.76524,198.63876,100.72241,20.197176,-87.82897,-83.22867,71.01398,9.145815,-48.296318,-2.1986766,-5.9513435
-1470.2988,245.14168,-73.38132,200.68878,89.46553,24.255848,-74.57554,-85.5434,72.2476,7.574287,-55.99484,-2.0647225,7.840851
-1404.5375,230.44968,-66.240074,173.35367,70.07645,43.854477,-57.37545,-75.39122,57.44304,-6.497605,-48.844166,14.358814,4.449827
-1362.6069,205.85559,-87.437965,207.44308,52.48854,29.935543,-56.049828,-67.3634,58.337017,24.483105,-41.783936,-6.4405823,-9.16795
-1631.22,252.98984,-1.8285275,147.4689,77.718765,25.764803,-45.110657,-48.118988,50.024796,37.40439,-35.39243,-0.86966324,6.812334
-1675.2476,315.61334,-40.951736,33.388515,-11.964298,40.961678,22.083187,-9.306732,71.81363,53.049164,-28.613968,-20.449509,-21.150272
-1830.8186,227.06485,-103.83833,-116.25245,-73.864914,-0.8259251,3.0588577,-30.250134,93.9144,88.66362,-7.4333153,20.301739,-9.501457
-1794.8312,193.80511,-106.3875,-157.59433,-70.499725,-5.316328,12.58135,-23.816708,100.80925,72.68922,-20.72382,-3.21064,-18.216957
-1791.4609,223.69812,-157.06128,-140.8763,-64.056366,13.3271,33.245296,-15.824006,93.83322,67.61383,-32.235985,5.7837067,-6.2719383
-1828.4836,186.49059,-161.6832,-109.67877,-59.424732,12.590391,26.966324,-27.877388,81.03975,49.405266,-28.098276,26.03881,-4.584507
-1764.5144,165.91586,-198.80635,-131.75117,-99.663795,2.8640645,30.957092,-32.081543,63.197906,48.448017,-7.1343937,27.106884,6.530409
-1758.2458,164.72275,-178.80429,-139.05576,-90.756096,6.227064,44.676506,-36.487343,62.17147,44.071434,0.04968405,48.45243,5.894144
-1648.5745,120.22914,-143.57326,-159.57518,-80.164215,7.239811,83.03314,-41.20292,65.58772,45.2045,-10.863966,34.680717,-3.0943527
-1653.3734,117.108795,-107.58316,-142.9656,-84.63901,29.721714,89.91387,-28.554838,58.017517,28.056267,-29.91707,9.039471,-12.204681
-1655.1062,244.08237,-42.68481,-13.449312,-38.38317,59.107178,83.936615,-5.254568,47.426483,-10.660076,-39.870693,-8.059582,-12.276487
-1462.4368,335.86856,-40.19147,-14.5438595,-58.884228,44.448612,37.560856,-0.28961563,49.498146,-10.158494,-34.45388,9.391503,-11.271376
-1302.3434,379.79898,-120.54328,-63.521606,-71.50416,27.95916,28.228298,20.018272,44.478542,-9.8372755,-35.058475,24.243988,-4.8995895
-1244.0089,368.31998,-142.95795,-77.51812,-75.048164,35.987103,14.934097,42.206657,34.028988,0.20197296,-33.00472,24.620108,-2.5628557
-1251.691,407.93073,-160.55795,-101.031166,-69.32834,19.260918,22.02576,43.158012,34.67739,10.486671,-37.76974,28.123196,-3.2655964
-1240.5597,407.80124,-159.56265,-98.701126,-67.553116,9.14338,28.886288,46.24717,25.298504,10.490708,-32.43691,23.840729,1.341239
-1196.4827,399.6103,-175.66132,-74.84516,-72.60197,9.077708,37.5318,25.188454,33.096985,6.808918,-37.12384,31.258373,1.0623417
-1124.7875,377.8053,-175.85051,-56.130047,-82.35577,12.183946,37.518047,26.570442,19.10014,20.42057,-40.918755,28.790154,0.058670998
-1029.0344,352.06256,-174.55588,-36.79216,-102.07359,15.87483,34.09038,22.19575,10.4998455,25.425222,-42.11597,36.90709,-2.7375927
-1005.7621,359.86542,-173.18301,-35.521603,-104.251434,14.508671,14.871569,32.270344,2.5033631,32.492683,-45.61976,31.73919,11.762266
-1004.9103,376.03427,-179.24121,-36.353935,-96.356186,3.3188295,18.931332,28.085781,3.3730588,34.640778,-42.705788,34.185883,6.4267983
-1000.86633,380.41678,-166.21237,-32.91809,-110.91861,6.1846986,21.246725,32.084587,-10.785494,44.79907,-39.143906,26.789974,14.652897
-995.3441,385.2107,-147.22394,-47.976448,-101.62787,0.5144887,16.081734,35.537018,-12.811867,40.923515,-31.053667,20.346674,17.950901
-985.4249,394.40906,-149.14319,-42.39692,-109.90192,5.0746746,11.807825,32.461884,-13.512548,49.105278,-32.85396,21.349907,11.814692
-1011.6636,405.89575,-122.1302,-69.9232,-104.722664,18.03231,-10.8263035,33.843742,3.502795,33.88761,-32.704174,33.58223,0.7948172
-1035.5994,418.97638,-114.970055,-80.8508,-90.01779,15.383105,-17.567005,38.54291,-1.9756492,37.499493,-32.150883,31.991474,3.9491582
-1063.7981,446.12598,-132.87305,-80.9026,-87.477516,11.442767,-6.540332,26.595398,12.176651,25.058678,-21.738735,20.711601,11.665379
-1052.338,432.6037,-130.62589,-74.66253,-84.72668,-0.43251762,7.418714,26.307901,1.2321427,34.20862,-28.531685,24.465185,6.4100885
-1071.0227,443.10046,-134.67526,-65.513535,-86.61506,-9.6863575,15.818876,24.895021,0.9112344,37.308273,-28.559805,14.741433,16.900951
-1064.3768,446.4664,-139.99152,-60.272102,-100.33833,1.6171519,13.327852,25.032982,6.8770723,25.480896,-19.696568,5.6749315,24.655827
-1048.8197,436.28625,-140.71611,-54.584953,-105.124664,1.5506792,20.272633,16.313734,11.856565,29.583239,-29.50156,11.819132,20.683447
-1070.626,441.04108,-141.26128,-59.831482,-98.98509,-2.1927695,23.73719,13.227957,6.545905,35.153923,-31.549944,14.861274,22.208206
-1064.6238,434.41492,-145.03427,-61.410667,-91.92302,-0.56691,10.807747,20.370415,5.9096746,34.43241,-31.255846,16.416998,24.03342
-1070.6637,432.716,-149.43301,-54.542946,-95.90851,-4.0629845,18.40857,8.602037,16.649355,26.164064,-33.02263,22.833563,18.954084
-1057.46,427.7534,-143.70917,-54.97458,-105.43804,-1.1413896,17.557823,14.9313965,17.129932,29.950195,-38.72607,18.25356,20.285835
-1080.4241,441.0346,-134.44225,-76.646126,-92.24227,-5.9024105,11.372915,17.050835,21.864542,25.841879,-33.921696,15.41604,16.768309
-1093.6796,450.52332,-134.26187,-83.35962,-86.30601,-1.2844872,6.5626698,12.841642,29.901058,19.866608,-30.041105,18.227142,13.393436
-1052.207,427.2979,-140.53714,-71.833984,-94.35661,-10.980074,20.74596,10.361372,24.161367,28.854641,-30.598318,9.692615,14.720209
-1044.148,404.1509,-122.136246,-64.976746,-100.12614,-0.5422722,6.095558,18.451279,24.733387,41.650665,-47.342445,8.629648,13.252187
-1098.1353,436.5142,-132.70047,-73.7968,-91.54952,6.6331997,5.841564,15.177057,38.056553,26.912352,-42.241383,19.199663,-1.3660812
-1023.82764,366.62036,-127.23364,-34.422764,-119.85032,3.9950154,33.008545,6.5525336,22.655664,54.08349,-55.51141,16.812912,-7.7205734
-1107.0273,390.18695,-125.56476,-60.592594,-90.624504,7.4685774,31.360008,11.164168,12.126623,45.728634,-52.336987,23.943882,-1.9830275
-1173.7842,388.9099,-109.049416,-85.25754,-74.39197,10.443607,24.683977,15.600339,23.648924,46.24922,-53.466663,38.363144,-19.99351
-1241.5038,381.18475,-110.91026,-84.163055,-74.31308,21.288212,23.217506,15.16066,33.05294,35.538765,-38.69515,34.659958,-14.008902
-1305.4353,331.82306,-98.85788,-42.96228,-82.9767,24.81268,44.562233,-6.3141336,34.784138,35.6047,-35.440514,31.439064,-12.454318
-1396.0054,295.1939,-67.73033,-12.100294,-74.55899,29.214252,49.6104,8.119558,28.646006,29.588684,-40.374344,35.23104,-11.153776
-1567.6013,288.27368,-11.862886,-11.712521,-48.361412,47.93374,59.425354,5.193844,35.445713,22.920074,-47.204227,29.489433,-9.9750395
-1776.2212,270.61072,17.431051,-14.186219,-7.1675305,56.803246,72.12952,6.611038,17.534416,35.479168,-39.57612,21.99604,-6.524506
