-2059.523,206.04521,142.16292,26.777384,31.376469,28.248777,29.358965,17.29177,5.935754,27.615189,6.706943,10.211689,2.2805653
-2100.7207,109.98093,117.35827,20.2915,28.613201,29.850832,30.769846,25.844961,11.040918,60.056458,48.461674,35.43666,48.614906
-1714.8833,248.85654,-10.145701,-67.711624,19.358095,14.900499,23.904015,19.015354,1.988869,62.520412,36.54027,5.848423,-6.6275196
-1525.3938,247.16388,-138.68054,-143.17639,-31.921871,6.3004913,9.3524685,21.73123,22.054989,70.53821,56.23742,35.343266,-13.651524
-1318.0282,237.81204,-190.60962,-95.78106,-22.071566,-4.0582066,9.012838,37.03576,17.134953,61.604828,77.35796,39.081345,-9.466544
-1152.9689,217.15573,-219.03987,-90.978714,-37.437805,23.32956,-3.7295046,53.83309,1.9669461,49.15105,47.172447,19.22076,-12.85397
-1021.77985,152.88434,-279.73334,-92.80825,-61.406242,19.62202,-16.945507,51.00384,13.73841,74.47111,50.653828,38.20945,3.8636007
-940.4089,185.28802,-241.26949,-62.139385,-24.469547,45.30841,-17.36083,42.13193,21.930494,72.38225,49.846237,42.120983,2.2969475
-917.6582,154.39532,-240.36633,-83.23869,-64.05817,55.446964,-23.7947,47.49903,-3.349368,70.74931,31.342537,9.575333,6.7587156
-862.873,136.17381,-255.74622,-58.449764,-40.931293,36.449055,-31.246727,43.242805,37.41986,89.4548,39.599678,30.94676,2.535738
-900.5342,133.78735,-272.23248,-89.01369,-59.681686,34.676918,-15.057498,56.945564,39.985695,78.786446,38.99493,51.19732,12.921838
-977.82996,151.82996,-235.33006,-102.56028,-38.39102,73.5615,5.46138,53.63173,19.890572,50.178215,39.943806,62.9936,47.90499
-978.3455,211.03146,-113.279175,-51.418518,-32.897377,67.03096,-17.197996,53.081795,31.907661,55.102795,13.3946085,16.265873,32.290092
-689.75977,283.51294,-109.17856,-55.6752,-90.90152,2.3925052,-11.116072,51.991333,21.583689,42.820683,29.49409,-8.240677,33.241295
-471.8224,232.77893,-139.19565,-74.87134,-79.97841,-28.81064,-14.746445,52.832497,22.020166,30.745094,23.048561,5.859481,29.05892
-453.1444,230.57132,-146.0322,-89.935265,-86.647896,-41.298748,-15.094999,44.919228,6.6042404,29.10349,34.416615,5.2890453,32.205753
-459.83923,243.68102,-147.19122,-96.468636,-103.84761,-60.343178,-11.635498,46.969616,0.4683056,28.389301,39.18392,8.797676,26.159605
-474.49603,239.79657,-142.66693,-98.37024,-108.88911,-68.103516,-16.112411,33.412537,6.015584,24.439337,38.951626,12.83095,23.11961
-536.25116,252.40039,-135.49419,-103.14271,-106.738556,-57.29872,-21.811045,33.976627,-10.322229,35.745804,34.51335,-1.1400776,31.536535
-640.11487,294.109,-134.6976,-96.00091,-131.61804,-10.286385,-35.26576,8.888672,3.5603027,42.46562,34.90735,2.964203,33.815056
-697.7967,308.52902,-114.107414,-107.73337,-128.1854,-8.114421,-34.468555,8.506777,10.37421,46.543766,20.267832,19.740902,26.91058
-748.0497,314.6588,-102.95767,-104.96237,-132.70491,-17.020346,-22.968178,9.620317,7.2144117,52.106266,18.948187,14.574596,26.401249
-761.7401,320.09836,-109.56318,-110.383736,-118.64746,-9.751725,-18.589901,11.934864,5.4176455,58.699444,16.038282,14.889118,23.430431
-773.7234,311.82593,-99.52997,-98.910774,-135.7461,-3.0986328,-29.196892,28.316616,-4.075485,45.523373,25.34819,10.227108,29.67028
-758.83276,297.41443,-97.75961,-100.22951,-119.80353,-18.681486,-1.4911737,9.87958,-11.465153,63.043045,9.999874,20.085327,25.152855
-764.4721,307.5113,-96.21481,-107.93022,-109.323364,-20.332302,-8.580098,16.920284,-22.495865,55.30989,22.899988,11.989044,32.908913
-757.25037,318.35208,-108.82484,-90.61532,-115.42043,-4.713579,-36.049904,28.386318,-16.936047,38.989025,39.49478,-0.740818,36.240208
-687.8002,302.96326,-118.55661,-71.77608,-123.767876,4.8609276,-52.216087,37.05064,-20.446766,30.056839,49.170322,0.74088097,29.4417
-632.5057,297.7494,-132.4542,-69.0556,-115.298706,3.8161154,-59.40515,49.215134,-30.512505,30.10521,44.615128,-0.55930614,28.455215
-605.1351,297.14532,-133.73236,-83.41631,-93.496414,-7.506289,-61.36772,55.10039,-40.056774,26.880745,54.13297,-0.9449339,28.589039
-568.8109,272.96677,-124.82979,-90.23975,-83.77936,-3.0252235,-74.191475,64.010544,-33.413277,20.829147,46.46571,5.1694765,27.3795
-528.31555,271.7341,-140.07185,-69.16658,-100.53822,-9.960873,-63.340847,69.01138,-54.435814,15.609122,63.42228,6.107255,42.6082
-579.2266,309.91113,-124.210236,-108.790634,-68.304214,-7.2662015,-58.60417,55.193764,-48.580788,16.465841,60.46243,-5.2911816,31.901352
-594.4632,318.45715,-128.79822,-103.89252,-69.17155,-5.060614,-59.966717,58.858353,-43.131092,14.027763,50.87637,1.2093921,25.806965
-595.59247,307.256,-122.10199,-106.266785,-53.526566,-9.024124,-49.08075,65.60827,-49.60457,19.764755,44.462917,3.8179293,26.72666
-616.7341,299.2271,-115.46838,-93.65471,-60.698578,-7.2497015,-39.209114,58.489952,-39.451363,10.059451,49.33409,-2.3142347,26.254059
-622.94366,277.47025,-105.71416,-83.922455,-66.514786,6.744857,-54.88827,72.56622,-39.432728,11.573718,41.143597,1.157157,9.100182
-686.69934,300.33957,-119.32266,-78.1033,-50.890236,-1.4967597,-46.451385,70.27125,-44.040894,25.463242,27.861866,1.7424936,3.0770931
-739.72,300.5165,-105.53352,-93.041595,-48.12017,17.892546,-60.07923,59.345215,-34.367138,27.605427,21.08433,0.49952316,4.929246
-770.3039,298.80054,-98.66673,-102.48544,-41.811707,15.140337,-59.103603,61.534115,-33.822006,16.820293,24.781261,-0.11607456,4.6800976
-813.2037,293.12262,-95.364136,-114.379395,-37.692383,25.399746,-60.28666,54.78483,-37.931747,26.978909,3.762834,18.711697,3.1180801
-867.1273,298.02203,-96.836716,-129.25401,-5.2217417,8.817022,-42.544952,51.461685,-44.89322,15.084291,16.037561,20.430868,5.761263
-900.1387,299.7015,-101.91319,-119.707886,-17.405886,18.229282,-44.767082,31.581215,-42.7948,19.580452,11.885593,30.68164,6.4816055
-946.6787,290.32806,-80.97354,-117.90738,-3.9423819,21.904938,-54.47098,32.041924,-50.41224,14.275991,28.170486,22.13228,1.6983757
-1000.19666,284.3397,-67.3135,-118.14729,1.1195881,28.327765,-40.938927,14.977234,-37.814873,9.998618,24.436306,17.07291,12.820267
-1073.9197,284.5237,-59.103905,-89.10785,3.0436711,25.710642,-24.058594,8.717846,-35.649384,1.779818,28.69234,15.271402,12.553355
-1128.4762,270.43466,-5.500019,-123.76297,25.468102,34.407696,-33.119274,22.81011,-38.253952,-11.997232,29.390814,17.20513,19.436043
-1160.0454,241.29199,53.440094,-127.12344,16.615547,51.727448,-27.277811,19.022078,-52.792408,6.1820507,23.348898,19.161676,25.607548
-1215.6946,174.38757,107.11386,-109.63774,30.185186,66.64757,-55.718407,12.435669,-43.014587,22.840364,25.733927,23.889254,31.216637
-1161.7886,206.05182,30.769821,-164.5224,9.919467,86.86124,-12.091136,31.060043,-45.386677,40.937378,20.983093,40.146866,35.432316
-1288.4612,175.80515,3.15062,-100.836945,77.65313,75.740456,-34.91942,10.421496,-43.95137,57.94043,34.970757,35.62503,42.236526
-1294.1626,176.86874,-69.20639,-125.3179,66.907104,53.602615,-24.671318,30.149437,-24.985563,92.175804,37.60093,39.554924,39.48535
-1284.1045,128.61475,-161.52658,-82.8457,92.82089,60.229473,-24.737165,11.558358,-26.720459,80.611435,20.975689,69.97478,31.215775
-1186.4247,106.170876,-191.27888,-69.8419,62.198635,18.18607,-30.894108,-10.351182,-19.828548,103.01484,12.831925,75.1553,31.821095
-1142.6604,130.5932,-129.96506,-2.9371781,87.32692,38.783165,-30.457632,-3.5604382,-7.028452,68.43703,-1.601409,39.21602,2.6334581
-1167.6268,166.00854,-154.33063,11.501407,110.27368,24.624134,-23.057365,39.621246,-6.7205563,95.12254,-3.2799377,64.07712,6.798953
-1270.72,127.52298,-151.22539,-8.3341255,82.23737,3.039072,-36.959034,7.6871552,-19.847364,93.405205,9.90732,51.792885,9.138422
-1324.5254,165.49135,-113.64371,-27.078533,77.22382,23.13752,-43.415398,21.754444,-17.32873,84.18593,10.281187,40.78806,-4.682638
-1386.1238,140.51608,-48.173317,-43.256035,66.428764,42.023727,-44.704704,25.454395,5.0931025,73.27496,21.4106,36.036087,30.751705
-1344.8762,177.12375,64.174164,7.013933,61.562653,108.3307,-34.050564,-0.57986355,6.245595,22.74973,21.67042,25.675575,23.785934
-1138.1555,266.15784,-32.723568,10.781992,76.4525,99.49405,-38.014458,1.3146398,0.56574774,-18.543348,-6.9544787,39.978424,8.859411
-1065.8381,217.87173,-79.26498,71.21239,97.24031,77.61807,-43.009605,-6.910454,-5.7335014,-36.14913,-14.113269,55.209908,-3.6644146
-1134.7085,183.07208,-106.836716,141.73947,109.086136,86.78827,-51.28026,-13.786919,5.42519,-45.21201,-10.346352,57.0592,-22.696632
-1192.0776,155.88199,-110.81846,172.0627,139.9834,75.46713,-63.814972,-3.4582047,27.449974,-51.63599,-12.681101,43.046093,-51.439262
-1248.8876,126.64818,-104.75777,199.85753,148.20515,57.728302,-60.96232,-7.601733,22.49018,-21.50114,-24.10093,39.445797,-54.764107
-1296.2603,130.83572,-111.11435,207.33545,152.16277,37.57775,-70.450905,5.84724,37.68865,-25.820522,-31.284166,36.361706,-43.411938
-1338.9348,127.08976,-95.57652,204.33835,164.77522,26.322233,-73.79361,9.862072,23.274498,-18.443808,-34.58015,37.49826,-38.290886
-1354.4729,95.49582,-104.62163,232.11703,164.04407,38.963524,-68.717316,6.8220625,39.088673,-24.85867,-26.039236,20.731709,-43.96506
-1311.2036,94.15976,-116.612595,223.9994,157.96945,33.54807,-72.44559,7.938228,34.69365,-4.348278,-20.553734,8.903792,-48.49466
-1272.4423,102.974594,-133.67636,223.79404,148.746,34.428238,-66.05475,-18.33775,32.70239,-6.517315,-18.464663,7.2694244,-43.933414
-1239.5347,82.67859,-124.415115,220.76071,156.22266,56.506554,-63.593025,-11.49114,12.675156,-16.792513,-32.481606,-2.932829,-38.94561
-1205.4343,90.40758,-121.258415,207.83438,140.26219,76.193954,-82.63214,-16.759605,27.201988,-20.595951,-27.751055,-3.977769,-42.8152
-1192.4104,73.53951,-124.61544,222.7761,147.58484,77.23495,-89.3734,-20.043432,8.888414,-8.395196,-22.25537,-10.119813,-35.994415
-1202.8069,77.86862,-120.0352,236.19489,135.67036,77.861626,-96.29585,-27.12487,33.532578,-13.26552,-21.997906,-3.2238631,-42.022102
-1232.5234,69.77209,-99.75517,230.03903,151.54172,70.464836,-91.069916,-17.960556,27.32557,-8.12784,-27.806622,-7.881424,-32.528267
-1249.8245,69.15128,-85.02302,219.5,146.31087,75.82444,-84.383804,-13.751765,48.463577,-14.954838,-42.804237,4.0175033,-43.3328
-1242.5842,81.35455,-91.0842,217.33682,147.25298,55.580826,-86.557785,-5.392432,49.22348,-1.5533571,-33.365757,-10.487321,-36.989677
-1277.2583,97.29753,-99.89981,212.10074,156.09824,50.250282,-76.334496,1.759016,41.284557,-10.440223,-42.580254,-6.356776,-38.072086
-1264.6334,79.747086,-102.695,227.32828,147.75133,69.76335,-85.90683,-7.9681344,37.852142,-18.641014,-32.03065,-2.1957827,-36.141754
-1269.4891,83.277756,-113.52924,227.3648,159.87827,70.77493,-87.90376,-18.009207,24.632505,-9.824235,-33.22673,2.087478,-38.861824
-1241.3047,76.204155,-108.0672,218.21075,151.46445,63.90279,-68.39667,-21.208332,23.135458,-16.992529,-36.488907,0.69058037,-36.27059
-1225.6704,71.78506,-113.24765,218.89853,167.46054,71.80319,-85.23143,-31.802559,18.913044,-17.180466,-37.75244,7.9490204,-48.204334
-1203.797,62.81609,-117.5117,224.72116,167.17075,88.84746,-88.0239,-29.980328,13.696606,-23.331348,-38.753174,9.101317,-47.08476
-1178.4695,73.394775,-102.53438,198.09479,150.35281,87.98886,-94.66574,-18.00328,31.240639,-16.106817,-37.99671,2.070107,-57.75907
-1163.7656,55.67343,-92.68352,210.36946,151.90125,106.43143,-103.94812,-9.311552,20.191523,-8.326071,-35.476948,-0.34071875,-55.592903
-1147.8064,78.06809,-102.67493,205.48192,146.30867,94.26562,-84.711914,-6.584695,24.764551,-3.257166,-32.965855,-20.614143,-51.258125
-1116.5376,81.14823,-88.66858,195.46982,145.5585,100.20337,-84.47426,-14.714592,14.888855,7.8308682,-20.452595,-14.554655,-60.51773
-1121.679,85.011406,-86.36627,196.7123,157.04045,95.112976,-78.1749,-31.475176,2.6329937,22.924393,-15.798559,-19.254532,-55.67868
-1137.9875,116.31387,-89.41027,180.68878,150.38565,119.900055,-88.062836,-38.02784,-5.2261868,13.09565,-7.611583,-12.502985,-45.466644
-1122.6113,133.39546,-97.70297,169.2349,149.05247,118.60103,-82.45683,-50.302307,-33.503906,26.610737,-2.371129,-8.790475,-29.489164
-1137.8826,171.83139,-90.55977,117.4964,152.53983,108.30811,-74.82235,-67.60124,-35.464874,23.059685,3.883888,1.6826448,-34.67118
-1205.7871,187.16812,-37.11252,68.1281,127.18438,111.15422,-54.781563,-88.31517,-34.99017,21.96796,6.5662065,-0.97490025,-15.450742
-1302.5118,161.92932,-18.382645,86.1976,98.52922,122.65292,-58.107567,-73.32333,3.3847065,30.668951,3.4271092,10.394762,-24.098701
-1363.4343,125.48717,32.16901,32.18772,1.3533368,134.67795,-35.695606,-36.388733,19.261278,30.028793,13.001741,32.581802,-19.757978
-1483.0419,173.1527,7.4845104,4.143525,20.176756,109.84413,-18.447504,-14.966101,26.900902,69.16525,10.499051,38.05519,-17.845856
-1522.8274,205.77017,-39.261562,-22.198723,2.2355223,71.359,-23.697145,1.9081793,54.467648,77.17031,18.985647,32.35441,28.387104
-1536.4158,210.83578,-34.60129,-11.289723,-24.46181,48.398865,2.4439812,22.21429,42.54319,42.915768,-3.103325,9.987732,27.846487
-1519.5952,203.39636,-70.09848,5.8851566,-40.63456,24.816036,20.537334,21.889877,42.006977,58.929306,21.552837,28.716492,34.95355
-1539.651,178.75418,-69.157455,-25.896023,-86.35278,-11.028107,9.524204,15.938618,17.110857,30.11211,17.902115,18.79298,25.546545
-1605.2412,145.40097,-64.65378,14.351443,-51.514854,23.326586,16.202955,22.441883,17.149422,42.735394,13.040247,9.791622,22.238285
-1583.8848,209.56367,-39.969658,-19.061188,-56.65123,-14.454029,-16.651367,-10.714099,-9.186113,30.89282,-13.17202,12.648882,20.4839
-1616.8519,226.94687,-23.656567,-46.313087,-73.72334,-29.085545,-5.390264,13.546137,-4.7133408,15.008945,-41.99026,-12.177906,43.215134
-1654.4539,276.64783,105.16029,-39.125515,-65.95229,9.741308,10.31514,13.699581,-6.042878,36.076805,-20.098347,-11.437923,10.184571
-1304.0745,453.70312,134.07422,-103.68374,-93.14848,-1.1461182,-8.299498,-19.04589,-27.959597,13.883346,-13.7402525,-22.54206,5.976969
-1089.3683,439.18536,99.04663,-99.84193,-77.45312,-36.933205,-28.162775,-36.06388,-23.705273,13.78768,-26.14202,-23.252062,-3.5491495
-1029.0073,412.1174,118.354965,-97.65186,-93.33725,-21.427784,-28.204971,-49.61819,-10.4255085,13.361439,-33.541855,-18.967098,-10.64764
-953.8303,368.08923,116.43081,-44.72239,-114.96565,-17.197618,-31.751816,-59.37928,-7.153432,21.582016,-27.585655,-23.256989,-20.295193
-965.89355,381.25238,94.63635,1.8410931,-127.49226,-16.906794,-48.807278,-45.51621,-2.3291373,-2.52248,-17.920326,-25.125418,-17.739779
-984.71094,363.80396,88.661194,42.347237,-119.415535,-35.77943,-24.90268,-63.8861,-5.215307,-1.6039042,-24.79119,-13.102873,-13.744282
-1066.5955,377.1681,112.15542,31.805908,-73.25372,-57.816437,-46.54335,-49.371155,1.9488306,9.189348,-14.68268,-31.95194,-20.13921
-1198.5344,376.41492,177.4451,28.50166,-69.39481,-47.634846,-78.95483,-28.029503,27.142488,-0.13547516,-2.219376,-37.847504,-36.281776
-1237.4802,348.22968,167.454,65.739,-53.10459,-40.399723,-78.746506,-26.07905,24.703766,6.4514656,-11.84662,-26.79615,-39.761467
-1312.9146,347.47583,180.11507,95.618454,-55.281765,-36.97079,-80.735596,-24.883244,7.5704823,-5.6178913,-6.9925895,-12.3836975,-30.466032
-1352.4465,321.50775,178.78955,127.09716,-51.824455,-14.704916,-69.2303,-54.86082,5.4703608,-18.517284,-8.259112,-5.477334,-22.057735
-1360.0387,298.78845,176.60852,146.18704,-53.035263,16.644117,-69.351006,-66.34726,4.496992,-26.97512,-9.89719,-0.4783373,-23.153635
-1347.6338,250.35507,186.26196,169.55705,-50.891357,39.135334,-80.08851,-59.615173,-14.552595,-11.119966,-20.784832,-4.5148554,-17.404781
-1377.5546,256.4563,188.35632,168.83763,-56.226177,56.3348,-80.76039,-59.55182,-6.490384,-13.4215145,-33.69299,10.663563,-21.401821
-1383.5167,253.9517,187.15173,170.03072,-54.072193,45.20819,-76.20224,-61.91449,8.907944,-32.021515,-23.10476,4.924699,-32.742188
-1414.8346,275.21613,193.46188,160.04395,-45.338303,34.66101,-77.65462,-54.445793,-2.6238537,-14.887205,-31.279373,-1.5307636,-29.91693
-1399.2644,268.5213,180.0482,175.04404,-53.033375,45.164154,-67.52278,-64.2916,6.8083763,-18.610752,-14.91265,4.4276757,-38.184338
-1395.6157,259.57416,183.02113,174.9068,-58.745434,39.78972,-63.54366,-69.45215,11.405968,-30.56789,-11.569758,4.2422953,-45.7883
-1397.1875,262.4645,173.43085,187.49014,-52.353348,26.657036,-72.82648,-60.206787,13.545954,-11.733802,-29.186226,1.091054,-41.02749
-1406.2795,262.70435,169.63605,190.19809,-63.781845,30.220459,-70.27927,-69.94322,20.49171,-17.06522,-29.776245,9.01082,-46.342533
-1426.5608,275.33582,163.86172,174.37369,-54.516315,24.448845,-83.69879,-61.083504,20.202251,-13.430706,-27.63671,14.401602,-48.560123
-1465.5085,288.38977,162.65538,175.20166,-56.27057,21.02623,-82.194595,-67.17537,29.050648,-20.813524,-14.938321,7.9680862,-48.91286
-1515.5115,294.6338,176.69415,168.95535,-51.178246,19.813868,-80.66727,-70.15986,30.18328,-24.383877,-15.302597,4.86308,-43.906166
-1535.0918,299.43817,177.7268,164.38106,-55.238415,27.204205,-83.80685,-65.51512,33.88286,-29.687796,-9.825531,4.417986,-43.30046
-1532.4182,300.2995,176.47922,162.49149,-56.075462,21.413548,-76.968185,-75.8799,36.981766,-26.245031,-4.8640943,9.3731365,-58.216476
-1534.0187,312.76526,170.07306,174.10979,-53.18695,6.492693,-73.77385,-83.20389,43.942566,-24.178423,-1.6460441,12.824141,-53.550095
-1502.9851,307.78046,175.07689,168.8443,-40.54499,-8.679283,-82.77132,-58.088795,26.173729,-6.0086145,-2.2875934,0.948591,-53.28762
-1488.681,311.65277,176.9043,165.2301,-44.7818,5.363435,-74.434395,-72.15505,34.276405,-17.103525,-9.499736,21.24043,-55.067284
-1514.4539,316.10635,193.85275,164.9609,-30.82502,-12.5349245,-91.75047,-40.399708,27.68787,-27.547985,-1.3192382,10.556026,-46.073864
-1472.2146,315.3514,176.29572,176.30618,-45.705948,-6.776792,-77.8874,-60.469246,37.14189,-40.45064,8.590666,26.018658,-60.68608
-1507.0927,320.07288,194.97812,162.18666,-37.60981,-2.2274876,-94.29639,-47.82012,31.299145,-38.00847,19.202503,17.673176,-62.4128
-1502.3088,308.12268,210.82278,154.89508,-38.001762,-0.79644394,-97.248924,-43.805573,41.128147,-47.92168,6.9172378,27.91135,-61.962765
-1493.6926,304.93497,218.93008,141.83698,-36.11429,-1.7153826,-99.21489,-33.17432,36.741837,-56.424335,10.363792,32.157665,-62.28659
-1458.3499,299.81036,199.54886,139.19446,-23.732887,-22.057125,-91.63396,-17.945265,26.453358,-26.35031,-6.985618,25.062807,-68.69963
-1470.5681,294.7458,191.34204,147.56174,-30.821241,-5.250079,-90.236916,-40.334793,50.950043,-46.034775,-8.201329,37.651245,-74.70823
-1466.6376,303.05524,162.46947,141.84418,-42.662933,6.3401604,-78.01942,-30.832165,40.905586,-42.06635,-9.509194,33.06673,-67.81167
-1544.6335,305.78098,162.8064,128.46191,-37.28646,-4.4653177,-75.69714,-17.869423,52.48266,-32.328625,-20.607767,30.234486,-69.14604
-1739.1821,307.67352,178.03062,93.75276,-31.931608,2.0694923,-44.077568,2.6575398,55.929684,-28.113062,-14.911247,24.393148,-49.89124
-1912.4087,326.93704,169.14755,20.206043,22.08013,45.02085,-11.110363,15.807585,38.663788,13.581201,-7.7360935,-14.153663,-21.634455
-2006.039,282.84137,153.00285,50.237637,76.29347,55.985996,14.386358,25.582403,19.91922,5.200532,-8.217587,-10.937484,-19.354847
-2017.429,267.94543,166.75351,67.10269,77.07758,42.57141,8.980596,20.647808,20.928532,7.668167,-14.892293,-16.845676,-21.58083
-2026.197,262.99326,158.2362,44.7685,76.032684,64.74156,25.240763,39.99939,18.742035,8.482683,-12.2650385,-21.284937,-21.33672
-1985.0438,263.41028,150.63568,38.326637,64.551506,64.661194,35.821365,40.85271,29.771072,14.62565,-13.691476,-16.423422,-17.249107
-1977.4578,291.974,191.15567,54.272152,67.0246,49.78354,12.226552,25.592766,15.684015,7.977895,-8.3546,-20.361519,-18.294325
-1408.1567,381.26422,64.60434,33.246716,14.753482,-29.84812,-31.076162,32.198746,1.1251173,-60.27778,-63.15287,-36.065163,-5.053995
-875.83655,366.74127,-29.336468,14.754756,-2.1587658,-60.54219,-76.92604,18.879436,-20.098528,-67.21693,-50.999634,-38.25939,14.362215
-685.8677,318.7369,-53.395645,0.8452358,-15.152131,-52.00661,-78.70683,23.107826,-13.04059,-73.24542,-40.867863,-25.214903,21.044706
-625.57996,323.71582,-88.90267,11.626366,-30.071537,-46.95184,-87.28003,19.567532,-20.805298,-49.95027,-28.719872,-11.243645,18.902794
-536.718,304.0221,-98.60476,5.236861,-39.152306,-60.41735,-74.887886,0.18925476,-17.381351,-40.02718,-25.755386,-7.310711,22.645473
-521.80115,293.54187,-101.57204,5.357771,-41.100853,-54.072666,-76.72344,-7.942705,-20.34809,-42.766285,-13.673347,6.029743,21.094576
-531.39795,297.51166,-104.2271,-6.470626,-32.915405,-59.62793,-69.16538,0.98695564,-23.765839,-52.950058,-11.943466,22.3995,20.117977
-508.2728,291.65002,-111.10317,-1.3935547,-46.819008,-45.271095,-75.43471,8.381269,-37.691753,-45.730835,-9.51059,15.374298,20.065014
-483.53772,285.3758,-112.30687,14.663054,-65.50537,-40.805447,-71.24422,-10.8959255,-29.929832,-37.736496,-17.54665,21.240007,22.517738
-409.24673,254.71448,-105.310425,4.462019,-46.461548,-55.20485,-71.379196,-13.157858,-33.176723,-30.391773,-10.491828,11.191856,23.932335
-400.59265,262.256,-120.4633,12.882283,-45.925365,-63.537113,-57.089157,-19.253553,-37.079117,-17.304289,-12.937378,15.403654,27.447105
-395.46136,244.61328,-101.00051,-10.835681,-46.9759,-59.846237,-42.327953,5.4141192,-42.590973,-27.180271,-11.72121,25.414742,29.190948
-454.39075,265.90582,-108.29016,-8.39794,-54.74514,-42.68521,-48.65267,14.652832,-22.858187,-24.261105,2.868209,23.648945,28.582296
-536.2024,264.6899,-92.14616,-34.887756,-49.679108,-5.829788,-36.58658,30.625595,-9.183128,-13.020363,-3.3157098,25.965294,36.747425
-784.4573,268.8068,-28.051628,-29.048347,-77.678024,14.003301,-7.8804474,67.302414,1.0193834,14.911247,1.5758955,25.459991,30.340496
-948.05005,217.13411,-37.477913,-18.641434,-62.407867,15.054769,-9.012755,102.28432,9.75731,68.66275,8.771621,5.2438927,35.054874
-1059.7113,238.55496,-111.1884,-39.68502,-62.832844,3.6615448,-21.098679,90.71213,16.267506,69.088715,35.92962,34.457336,32.305485
-1053.7705,267.50266,-183.90686,-39.008244,-40.338554,-7.3158545,-44.706627,76.31368,21.148136,55.117226,42.555252,36.335075,39.553104
-1057.8701,216.9765,-239.42876,-32.152473,-33.181175,23.821014,-26.725471,75.4501,31.384066,74.61141,55.771362,54.168373,40.080086
-1091.9032,203.81169,-244.52745,-46.32768,-58.33544,0.37944794,-21.350216,47.726456,34.295746,88.68139,26.959223,46.902946,12.71498
-1049.6173,245.55647,-243.08282,-37.75385,-24.586666,45.813766,17.877829,24.839252,16.725185,82.4333,43.04209,43.410896,28.474403
-1026.1875,237.35431,-249.06635,-13.156712,-9.6036215,49.369026,8.182361,29.050629,16.476639,44.014877,13.313426,47.351624,25.253033
-1141.8945,197.56439,-261.4439,-43.620686,-17.638613,58.31485,15.67117,45.954697,37.539482,70.587845,37.622177,55.763485,53.36818
-1206.1099,169.31474,-268.6686,-55.881607,-43.915733,69.775986,29.303202,19.806568,4.3214455,23.370785,16.612383,77.56236,64.02547
-1266.1323,195.41049,-223.81387,-89.38741,-70.93178,39.824875,-10.6473465,-7.8128786,3.2993479,47.844597,42.467575,43.84751,29.73206
-1332.7559,182.51334,-253.34283,-98.08563,-27.723976,47.832817,-6.9270244,-6.2947426,-14.01933,43.579475,34.16262,38.65612,28.887737
-1365.0828,206.11343,-219.50674,-97.39384,-8.411862,71.13613,-0.13257551,-3.9596539,-11.853748,64.78964,47.64005,36.656326,34.41132
-1483.1941,206.06718,-174.62404,-94.71186,-26.688381,41.11882,-17.08565,-6.0722375,-19.413145,46.094837,55.550835,33.278347,37.93799
-1543.8673,239.02571,-169.70804,-102.77843,-11.369615,40.57091,-21.320616,-5.2479286,-10.243536,61.550293,43.023197,36.896667,44.101616
-1629.4781,227.11292,-168.06943,-86.89314,10.920122,42.825954,-16.784771,4.4611797,13.784477,22.73529,6.051424,33.524193,55.340973
-1672.3568,249.18115,-109.782455,-71.97918,17.030025,51.851784,5.6163354,4.5796356,18.996584,35.773365,30.550539,29.379574,26.042978
-1763.2952,257.68158,-102.759674,-93.90106,4.2826276,4.361784,-25.108334,-2.0254529,16.642464,53.59852,45.239006,54.672234,39.366974
-1707.0842,277.49698,-70.39409,-80.30191,-8.991465,29.487965,13.5278845,-16.923065,24.48354,55.59545,24.662798,38.90116,27.360806
-1757.7205,260.36005,-43.97792,-36.178394,-16.429827,43.767616,34.023464,-16.279121,33.794964,63.965458,11.468668,43.084583,21.617607
-1867.7026,264.45514,-2.2079992,-52.521477,-3.4896097,20.192257,22.927486,25.276817,52.147095,58.890663,19.456722,44.120384,46.69262
-1909.4739,283.97424,86.988174,-6.8874397,7.1200542,9.935166,19.608955,27.273449,31.83961,34.138042,14.668044,20.359539,25.485548
-2019.2053,232.05188,59.458477,35.955997,33.962288,24.260885,29.294054,31.96001,12.845806,32.31519,20.151604,19.814217,28.301418
-2015.5903,210.39894,63.907246,22.128197,33.303917,53.90301,52.136086,63.253983,27.510288,40.986435,21.731653,29.160934,44.29775
-1994.2432,198.08939,24.97226,-4.144106,32.138634,23.963789,34.251785,64.63568,40.12004,19.46894,8.319639,19.970737,58.339622
-1898.3948,220.37935,41.328182,5.541893,12.831688,16.357056,55.88113,63.040543,39.749756,21.075752,4.5250034,7.035492,26.580688
-1744.6028,212.2232,-89.09096,-32.04532,-0.31069183,-12.877207,-13.351811,29.588142,31.53533,20.710403,26.849554,32.966244,49.798668
-1653.5133,206.1919,-110.19585,-14.331294,43.317524,24.336967,-21.547085,10.1291485,24.73107,37.512936,16.329607,20.716858,55.7865
-1645.2637,161.97672,-131.28735,-27.258,0.5417881,3.9496944,-48.915943,18.08246,13.511124,21.220352,18.194826,30.976608,65.07379
-1552.728,180.15363,-131.16373,11.829212,2.049323,10.450184,-2.0808678,24.380655,6.4148407,52.636627,31.042772,23.98278,63.389114
-1501.7272,164.25165,-155.63255,38.364117,34.710526,19.726933,24.955359,13.020696,9.532562,56.911415,-1.5022404,30.046303,91.985214
-1466.2451,200.42464,-140.39484,41.521183,31.211304,10.454166,15.602996,33.49411,15.154961,61.657005,34.375492,52.077377,91.00725
-1475.3823,189.3524,-153.28242,55.239197,49.52616,-1.6827354,3.5732775,11.95603,8.335102,57.34505,5.775721,23.392284,73.37111
-1520.0485,158.18573,-180.4223,43.483837,24.008736,15.213902,19.787836,34.374695,53.82618,70.86513,5.246955,28.091446,90.75848
-1512.4603,187.24762,-148.87991,52.795433,-9.037603,-15.856533,24.653751,9.861872,16.897049,53.973137,11.253871,39.470352,90.96141
-1556.0382,230.21141,-119.30665,30.105808,17.90849,-3.207982,-0.50459576,23.536263,31.217937,50.06591,6.3292227,24.559294,80.98317
-1623.2407,246.00723,-71.64664,13.015125,-35.29943,-35.972477,-17.605951,12.958679,48.381496,51.295197,2.9105155,29.554703,76.8226
-1688.0085,256.0678,-44.10087,5.904598,-34.621338,-38.477055,3.1105618,22.37923,29.991077,44.920918,14.405844,21.93166,67.35542
-1714.103,255.04303,0.7973938,-18.698578,-51.369926,-43.372356,-4.715315,22.987808,13.316542,29.329437,-14.581951,-4.3079414,40.43786
-1582.9742,337.18903,121.79233,18.282707,-44.63572,-61.217014,-2.3108525,50.56897,-16.252121,29.032913,13.027259,-25.819717,-14.800119
-1371.5468,424.71933,106.0195,23.65076,-83.67576,-67.549934,-57.969444,38.546204,-27.133926,-11.737919,47.892586,-56.45802,-34.46998
-1244.7434,388.1972,119.59849,58.874523,-84.98703,-74.08614,-91.26629,21.145508,-27.819283,-49.437645,83.83843,-69.70635,-44.237663
-1194.5321,337.12143,138.18936,110.18233,-94.19765,-74.415924,-86.70855,2.0494626,-27.905922,-52.24006,74.74949,-56.97119,-39.081505
-1275.965,339.7285,157.46005,142.74966,-80.252304,-85.4115,-107.36878,3.4263048,-22.63327,-49.91382,84.006584,-53.94593,-46.078674
-1328.6445,347.97922,148.5329,149.6095,-77.19073,-49.58658,-113.013504,-9.539264,-15.96254,-53.01493,78.76085,-37.705406,-27.72897
-1422.2805,345.77188,163.42632,175.82495,-74.95007,-48.123196,-94.5574,-4.505744,-19.911615,-50.771935,56.572136,-21.787842,-27.561842
-1514.0953,333.09827,177.27744,194.7555,-51.12387,-41.758278,-98.720505,-12.74814,-2.839325,-59.693794,49.2734,-12.635839,-26.756086
-1300.8188,339.57977,-5.905643,162.96994,-16.644787,17.088213,-29.34724,-80.45683,-11.3885975,-7.598974,-3.985588,-26.105944,4.6615086
-1587.7561,341.74893,144.63573,184.09714,-4.3097415,-42.642426,-67.243355,-40.523827,2.75554,-23.069965,2.5698383,-7.159547,-18.43097
-1670.1971,352.55438,178.64877,184.50327,-13.897349,-44.57058,-69.23291,-21.174232,-3.012619,-46.357567,21.738825,15.127703,-37.778385
-1672.2656,368.286,166.76215,155.24794,-1.3584814,-39.10354,-58.31874,-30.824635,-3.2721357,-35.705883,7.062672,17.566265,-35.207104
-1694.3013,369.55353,188.93275,157.40628,3.5306425,-38.11725,-84.891205,-5.5118513,-2.0079308,-53.543552,20.45933,7.521393,-36.45572
-1696.0006,371.87286,194.65271,155.03734,-2.3201933,-48.732323,-63.679443,-11.333315,-5.7228384,-56.281685,11.066748,19.214874,-36.403446
-1638.808,367.11743,169.67387,149.63612,0.8062489,-37.229446,-61.15738,-33.08628,3.487362,-51.435898,6.2431426,14.940712,-45.862484
-1644.3617,355.83493,178.1547,176.75055,0.27455926,-51.571495,-73.227684,-17.578503,3.4707413,-65.96648,15.527854,11.461391,-49.482887
-1585.8906,357.90997,153.79102,157.17236,-1.9402235,-29.497944,-71.44097,-23.11749,-2.395462,-67.26105,13.162664,10.976212,-51.753628
-1642.3457,354.8469,177.98257,171.42491,10.644911,-53.15796,-79.315285,-10.059925,-7.051672,-64.00392,20.448854,5.86302,-59.413864
-1665.1094,368.86835,169.93579,166.38385,15.241328,-49.900078,-76.63765,-15.765646,-12.320087,-55.781715,23.572094,3.7665634,-52.98199
-1647.0894,382.0371,160.72829,143.28873,22.257156,-44.175095,-71.63225,-18.63321,1.7309608,-64.280975,18.038162,17.656761,-57.200714
-1651.4097,350.38162,179.86627,169.78604,4.6219406,-53.302044,-75.142296,-12.88077,7.7661095,-65.93125,15.419529,8.411085,-51.031994
-1632.4934,354.29843,165.67212,171.97855,1.267457,-49.721935,-77.15874,-14.7863245,5.93857,-64.33397,33.046455,9.512112,-61.800568
-1653.31,364.22333,173.54553,149.10385,11.522287,-58.125282,-66.59851,-5.792716,-10.0293255,-59.05348,30.098593,7.9170723,-46.85988
-1631.064,355.91486,159.9415,164.71985,2.2198906,-44.716606,-76.0116,-28.330086,8.6461525,-52.637886,33.932114,11.748957,-64.44824
-1650.3567,358.7807,161.01485,163.78925,7.5127034,-48.132565,-85.64453,-26.847418,19.297094,-53.629482,26.83543,22.555424,-66.25328
-1645.7599,346.80347,170.42807,161.31325,-2.5844712,-48.63863,-83.54294,-18.534603,28.63209,-55.439312,14.720791,22.044178,-65.023026
-1640.5054,346.53833,166.17941,152.7222,-3.1908212,-49.254562,-70.05267,-4.1679497,12.134745,-59.93407,11.863811,30.56776,-50.044395
-1629.0586,336.27625,176.44342,153.86969,-7.8415413,-48.17455,-76.50162,-13.07817,9.369673,-51.534916,27.55211,13.316341,-63.32524
-1662.0449,351.97888,177.02582,151.37057,9.277837,-65.42366,-82.921104,0.33349133,-9.085003,-40.239967,24.346512,8.51454,-45.84942
-1621.1327,337.64758,171.25961,165.00058,-12.800892,-43.811584,-95.942375,-20.608067,18.015049,-55.39697,26.698465,15.734608,-58.74452
-1597.8862,335.77164,164.02539,173.38174,-10.686387,-57.80025,-95.45189,-27.159733,21.540255,-48.523407,19.895565,7.9575043,-55.641327
-1600.3977,345.85297,169.99219,148.6258,-2.5276613,-57.0979,-96.65378,-24.983126,15.121895,-51.349792,16.050581,13.951378,-53.85122
-1580.2961,352.2058,155.82167,135.87193,-11.140881,-56.704506,-74.906876,-25.366177,-0.992712,-55.537857,6.7790594,15.216209,-43.500076
-1526.468,352.01764,160.15979,122.02234,-46.25411,-65.660385,-90.18715,-4.189396,37.531334,-41.572624,-1.7350502,-0.93922997,-54.26815
-1551.6676,366.93488,184.09662,79.46693,-74.40163,-72.20433,-66.85805,-7.5024877,49.763626,-30.434334,-3.1229937,1.5677443,-46.000244
-1654.365,333.0526,188.80228,47.588013,-91.883896,-11.119707,-44.036934,-9.122605,56.223747,6.3005548,9.440544,-3.670282,-17.949629
-1692.2833,277.79858,133.38817,45.081924,-63.973145,3.702269,-41.852997,41.31407,64.96722,13.219248,21.541088,-6.1510987,-4.3241367
-1668.0367,273.8247,54.386864,2.273087,-22.173904,-13.240084,-45.38722,74.2524,69.61115,39.465546,10.385856,15.745401,36.021584
-1569.3738,255.39636,-85.66408,-15.232487,-15.810263,-20.898396,-9.422919,73.72643,49.88654,29.426758,-2.8213923,6.8183365,38.400646
-1422.2797,252.74045,-135.63828,-6.6857996,-25.847485,-33.277905,-11.383193,74.585396,27.91337,27.812998,-13.817101,-13.436781,10.576864
-1362.8252,200.81703,-206.67073,-32.930214,-63.67391,-56.727615,-16.68159,56.791245,27.610573,42.549988,-11.772823,8.181282,19.613659
-1358.2734,177.25586,-234.50378,-51.129574,-66.34924,-38.421783,-27.467453,33.967228,18.09597,22.57982,-33.319332,20.33433,39.893295
-1278.6426,224.27275,-212.4234,-62.966824,-60.267258,-48.349197,-49.68931,38.12777,61.95086,51.550503,-20.871817,30.839268,40.50312
-1315.881,221.61447,-180.96014,-94.469185,-52.76045,-20.330872,-15.457259,37.49646,32.17733,38.618523,-5.176574,11.916605,22.48076
-1165.1826,294.44244,-39.18094,-53.812233,-50.636185,11.2693815,0.9560945,11.359538,22.407654,42.47696,15.078973,34.336273,32.38971
-771.83887,328.1097,-96.68807,-69.872116,-104.57411,-13.010492,43.756317,13.838276,-17.687794,17.279024,23.62257,31.436766,14.992676
-638.6404,296.20825,-108.679245,-78.002365,-107.69802,-37.785973,37.07129,19.158314,-33.16945,5.464731,38.20569,38.90396,11.497061
-571.44965,280.23672,-119.71992,-78.4854,-105.479324,-50.308945,16.457039,26.250942,-38.102413,-22.718225,42.8074,34.28904,22.865921
-568.0139,294.80106,-129.25916,-77.476776,-97.44003,-55.545727,12.100086,23.173489,-57.01815,-25.17115,54.806713,45.979454,8.533674
-503.04855,268.29086,-130.4721,-76.833244,-88.37712,-67.6186,-0.028700829,29.574532,-68.720184,-23.685108,61.16202,48.117435,13.282366
-479.71295,257.2536,-139.16953,-64.48046,-88.72172,-70.79132,-0.5990846,19.47614,-69.2446,-16.72963,61.40794,63.333847,8.532146
-468.82617,244.77927,-142.27428,-64.49593,-71.68556,-79.698044,9.062024,3.250967,-69.9954,-13.6542,58.138752,64.09716,5.8139877
-466.18976,243.2907,-151.58022,-49.18393,-80.57307,-71.28912,1.7961085,5.7217455,-72.99907,-7.1706505,51.213516,71.192215,9.218674
-486.7023,241.80573,-144.24509,-36.006996,-94.2616,-70.57035,14.77389,-0.8123603,-79.739975,-13.144447,48.67854,74.45179,11.748528
-575.2972,281.65582,-161.42065,1.6845326,-120.657166,-59.79194,21.643202,-12.953127,-70.26977,-30.242836,61.16918,63.172623,16.06237
-663.1549,304.5095,-170.89546,18.72205,-111.09781,-48.06239,14.888594,-14.052165,-69.57799,-33.615116,38.180653,59.334034,31.283115
-759.6345,311.94913,-163.87364,21.05708,-80.75888,-18.17644,-7.6076803,-9.257003,-71.29768,-23.870853,14.333864,58.711575,23.727545
-850.5342,309.18665,-157.31259,45.468132,-54.62499,-10.986385,-17.186754,-19.752644,-74.7927,-9.324862,-12.299381,62.92096,29.083076
-973.1131,280.4079,-100.294106,43.419506,-33.90131,20.033833,-36.336464,-2.0536337,-65.37449,-10.621061,-31.61539,66.20372,25.750397
-1284.1985,297.93518,-60.67093,31.950737,37.154713,22.105991,-27.579159,27.571852,-45.67165,-47.72502,-38.96798,71.93698,17.528008
-1623.4354,298.90097,-33.014572,70.828995,118.69343,34.67434,26.224575,16.327726,-27.848629,-27.706425,-27.477385,16.11084,-2.9431152
-1639.3464,296.42206,-39.30662,79.48201,135.39314,26.42887,10.347348,13.288965,-31.893797,-40.551258,-27.402178,15.4650345,7.476469
-1652.7924,294.6245,-38.5669,89.57872,136.00099,15.842979,7.892331,-2.006032,-42.08149,-31.654253,-11.779593,16.926073,8.087324
-1676.2834,308.42047,-28.628134,66.78839,144.38474,17.306887,-7.5591645,13.097733,-36.524315,-34.456177,-5.692223,7.2616673,-1.6788807
-1681.148,310.74698,-32.91748,58.956818,147.75992,5.922142,-11.014935,14.921869,-34.982285,-24.897285,-12.834469,1.7684555,-6.2040176
-1691.6313,306.15826,-31.060349,59.37355,151.20068,-0.970768,-18.156857,12.47889,-33.71861,-19.058786,-11.065958,3.9740977,-4.5017424
-1696.2642,297.0155,-26.978874,67.96974,146.73566,1.5816536,-20.396812,3.7206688,-30.890547,-23.87625,0.18940051,15.941233,-10.176073
-1652.7927,272.67456,-41.2921,74.187225,139.24954,12.518827,-6.8281775,0.78439784,-28.28722,-14.989963,-20.430408,10.96654,-11.9994545
-1666.3833,284.11914,-30.836433,79.21363,133.06168,1.2322006,-4.9483256,1.7823238,-37.88929,-19.703588,-11.264563,16.552965,-5.5435257
-1670.8496,275.16946,-29.58592,75.25757,150.91592,11.333433,-9.283956,3.0974793,-40.775566,-26.414268,-17.105324,24.300259,-11.546537
-1673.2046,293.4523,-36.067802,94.66776,134.4627,18.792082,-13.968324,-10.513315,-33.693306,-33.258846,-15.459914,17.532526,-2.1273441
-1652.2378,281.47803,-43.30665,88.278435,145.33452,26.157722,-4.7030163,-19.959286,-38.32386,-21.05173,-26.710688,22.493704,1.4000149
-1622.9512,283.35483,-50.052803,84.13936,136.03918,19.301296,-0.3244505,-9.810551,-37.177364,-27.170832,-20.908928,12.971258,0.6054878
-1603.3643,273.59558,-57.58812,92.0081,129.97937,27.15146,3.592227,-13.048279,-41.475666,-13.085939,-21.404352,11.255732,1.0981026
-1618.5518,269.4815,-55.739185,80.74138,136.98862,38.995083,14.15071,-12.20099,-51.180374,-26.935547,-36.34876,10.243488,12.802101
-1639.3435,280.2529,-39.051487,70.68248,126.75595,36.354965,15.606757,-8.046791,-40.55089,-24.526909,-28.551939,9.690533,3.087181
-1668.5193,295.30255,-21.61781,47.620735,115.02862,46.89819,6.2904587,4.833468,-42.56388,-30.90073,-15.5130825,-0.011433601,7.3836613
-1626.5101,317.66528,-5.9439692,-21.831709,72.90561,63.074944,5.408717,22.051487,-29.798653,-20.47538,-16.317038,7.0727863,2.0726757
-1601.7844,301.00757,28.092533,-13.2490015,6.9013214,87.41547,-1.7096043,19.238422,9.832044,-3.740789,-17.502651,12.099693,6.802003
-1558.8953,278.28503,-25.36709,-6.6206665,28.452288,87.461334,-11.094933,9.751531,55.36573,19.145332,-20.977419,5.9539833,-7.755533
-1509.7673,237.04504,-129.60852,-27.215134,32.995724,75.920685,-16.291351,15.33251,38.388565,47.213257,6.7962694,-4.3071785,-4.413807
-1429.7957,221.28413,-188.83307,-69.99437,9.996536,44.928333,-47.36463,1.0253925,16.465996,42.408012,17.695383,5.247635,21.794792
-1443.8907,177.20073,-201.23318,-24.703407,14.85458,23.44289,-42.060066,11.421324,18.507132,30.341354,-17.924643,-8.478227,9.827543
-1395.3435,189.27672,-214.84007,-25.950642,3.545331,13.983304,-40.671577,-34.031586,16.499496,62.899586,-16.489353,-15.699108,10.807171
-1359.5305,146.22954,-273.51996,-25.544159,-2.456234,-12.811999,-32.471474,-4.204977,20.101448,50.4976,-10.134794,-11.6174965,-14.660812
-1299.4248,141.4484,-270.71936,-15.1615095,15.519095,-5.6899204,-39.093224,-5.3620872,33.25705,52.483265,-3.0560997,13.779377,-8.630629
-1317.2837,164.43024,-267.3164,-78.4315,-50.94833,-42.65148,-54.85035,19.581778,38.88486,53.679672,6.334264,-5.4368916,-12.02399
-1284.3099,182.91196,-256.75937,-120.450195,-66.86944,-17.900415,-78.3434,9.927542,40.193012,47.061836,-4.0688095,-15.796869,-10.468548
-1218.9579,296.58142,-78.19247,-94.489525,-36.13271,10.157408,-28.283543,8.8929615,22.04635,59.20192,12.910633,-17.701431,22.525667
-934.25085,375.88226,-114.757965,-101.4093,-109.102585,-9.452036,-12.845245,33.36191,-23.069881,4.0625296,38.200733,-5.3955297,38.957607
-815.9742,328.6199,-113.7101,-100.031624,-122.951065,-16.680984,-17.813839,30.443111,-36.890274,-1.1392074,55.560215,-10.316643,20.71991
-769.7175,321.20215,-124.74138,-75.13252,-134.56322,-24.574757,-12.718061,18.57169,-54.809998,4.332933,46.959282,-1.4720163,27.733515
-780.93475,360.55048,-156.93443,-48.11645,-128.35239,-25.46145,-12.915312,11.246252,-65.816696,3.2972226,46.915375,3.8704362,29.700287
-796.0288,373.7405,-154.04242,-41.367256,-113.04234,-28.458044,-17.450695,-3.9210358,-67.36299,-6.670539,51.756435,5.7488127,36.33229
-798.82886,358.6563,-149.1712,-14.162393,-104.058655,-9.490398,-42.304924,-8.635494,-67.96228,-18.94139,64.15313,8.319817,23.56514
-778.07764,328.748,-131.83018,-17.033434,-90.84085,14.9504795,-62.264824,-34.14298,-57.930565,3.8585997,28.914162,24.866924,19.950949
-775.23865,302.77234,-125.644196,1.6902313,-67.33469,8.291775,-79.30366,-34.649487,-70.47609,7.479332,24.113953,28.781982,11.845787
-811.5425,288.01486,-127.1566,35.979244,-64.747055,27.641632,-91.89719,-39.430157,-64.81336,6.380595,17.957214,26.714966,8.542295
-898.35913,281.1013,-104.66809,43.740234,-37.08485,34.852085,-89.14534,-53.962357,-39.152603,-18.762623,11.619373,32.621677,8.21374
-1014.927,279.78656,-78.24596,51.782345,7.0784397,27.853714,-84.85488,-67.63856,-22.80688,-53.953304,11.990337,57.75002,-3.0637808
-1328.3142,308.59872,-52.15351,63.821617,72.25357,15.847424,-72.83588,-36.909203,-30.915758,-60.202618,-6.2216244,70.7316,-8.555273
-1639.2891,290.60144,11.254493,79.15188,119.239044,27.010576,-45.68526,11.627844,-7.6707897,-51.960167,27.717344,29.397026,-21.878578
-1665.1033,304.22858,2.0037608,82.384224,124.31398,18.865498,-49.26939,17.80789,-8.861049,-46.731323,25.958303,30.216019,-32.85422
-1683.1992,279.05057,12.971231,106.95068,124.064095,20.30453,-42.45883,12.164327,-3.769968,-41.46402,22.12566,20.677628,-38.6845
-1700.0795,277.93393,8.58348,109.02161,143.59372,15.462223,-45.8733,13.427922,-7.8830805,-40.40131,15.8146515,18.298893,-36.303364
-1726.109,282.7135,14.091188,101.05037,135.25389,17.42041,-34.248867,10.825247,2.055519,-39.36664,10.179916,19.05042,-53.62491
-1720.3639,264.21915,40.2426,117.95999,115.44321,17.083715,-37.669155,11.406553,16.629189,-48.25827,6.1509967,23.377205,-49.19793
-1737.1149,258.6256,32.83751,112.71323,139.16849,27.74118,-47.53507,18.672829,21.207458,-38.97062,0.3358706,11.279615,-46.999725
-1512.4313,193.33261,-19.998644,130.25252,184.89758,22.052065,-75.185104,-23.193558,21.615812,-14.3401375,-19.932425,15.807484,-40.860382
-1575.3274,259.5688,-17.914717,131.77094,154.21664,37.92219,-83.18633,-36.822685,16.688232,5.9532876,-0.6736584,-0.40669584,-48.369568
-1581.2083,258.22266,-25.795364,148.86621,159.01776,36.214157,-77.43649,-40.95585,21.616285,9.36619,-5.076706,-5.5300674,-50.504242
-1556.1848,243.15698,-30.23921,165.5531,165.17679,49.999744,-84.187904,-52.03173,25.02533,2.2031715,-2.9266865,-4.6243544,-51.541092
-1514.342,242.41353,-29.53107,158.88042,158.33362,51.597996,-86.97555,-59.124817,16.025597,11.471661,3.880229,3.7230585,-54.72036
-1447.7396,238.27634,-50.9747,151.35991,147.20993,65.71897,-79.60576,-58.270264,7.3042164,12.325719,-3.869202,-6.267997,-48.252075
-1408.1926,226.7497,-54.47779,148.36281,147.9326,76.82504,-82.306595,-57.97456,15.864162,8.085674,-1.5473032,-8.174559,-48.534832
-1369.9725,225.67542,-64.07386,136.98831,140.72717,71.763275,-74.75441,-48.702454,5.0226994,17.562714,-1.2529948,-9.478377,-48.96502
-1378.3046,243.1955,-67.18976,92.947014,140.63446,76.90587,-78.39992,-43.969826,15.923822,28.81543,-5.4182734,-9.367896,-33.749763
-1472.162,218.8151,-34.23136,102.71105,109.08196,93.146286,-68.03142,-28.719234,55.577538,33.100853,-10.518175,-4.2933846,-25.482315
-1566.5446,204.58447,7.0055285,97.19156,89.375854,85.47104,-69.24042,-27.508564,55.899086,12.092525,-16.502235,28.251236,-31.326052
-1616.1448,199.65729,-29.313541,40.55139,73.52693,92.076035,-46.671013,-13.721991,68.83719,52.232742,5.703562,15.186018,-23.993443
-1599.269,199.89745,-72.37472,3.8232212,37.453274,79.38045,-35.095947,-38.295795,40.825737,61.56613,30.942158,52.37298,-35.216415
-1573.3845,195.66539,-82.69597,-7.095022,13.813457,46.650513,-47.416565,-34.512726,38.875107,62.14782,24.148998,25.654411,-13.953965
-1578.0369,205.8176,-110.20453,-22.437511,9.048752,78.37273,-5.5716085,-32.02055,30.437569,48.17933,17.334515,26.428284,-15.784416
-1533.2438,200.69353,-109.75552,-3.0806217,-14.104881,44.13215,-24.8386,-15.220577,35.95393,42.64671,21.178526,16.460278,-6.2572966
-1530.8933,205.21893,-75.77359,-7.1434407,-18.489677,48.914738,-12.242651,4.5624022,26.090387,48.495228,20.67192,17.33154,21.759676
-1436.8464,203.30124,-58.59177,8.215799,-9.021512,35.05694,-17.340786,31.18859,45.19371,44.94588,15.252526,10.800785,16.38472
-1326.409,272.36258,10.477243,5.3583183,-59.257973,23.747217,-27.24173,9.884855,39.41925,52.652832,18.172966,-0.110651016,22.097988
-1189.2327,292.37952,-39.094994,-32.641365,-36.45082,41.04042,-4.991639,19.171684,4.7005606,8.988676,25.142363,5.5398927,24.564167
-995.6096,303.924,-122.48793,-11.196945,-52.073814,-8.053499,-23.078886,25.681137,-13.889775,1.1723552,33.02542,11.401361,36.226902
-898.00433,282.7239,-102.05383,-15.649605,-79.32959,-9.625236,-31.348175,40.167,-32.684143,-28.986694,34.310112,13.199447,33.969612
-812.4272,280.5633,-99.05264,-26.101597,-94.925606,-1.0709944,-52.874615,55.749496,-36.34888,-52.71115,46.4937,5.714493,37.43391
-746.72217,288.48193,-104.09341,-41.85434,-101.185074,-19.414188,-55.171135,59.577774,-46.2805,-57.190098,55.736908,9.875286,42.21056
-660.3963,285.67896,-110.812225,-65.044586,-100.01985,-17.93731,-62.963898,53.31646,-42.922924,-56.014664,60.03758,6.929184,41.17429
-584.5377,271.85043,-105.363556,-90.13295,-76.845566,-42.358116,-61.699303,63.363068,-55.983803,-46.449852,57.718616,10.058001,36.91697
-500.41403,242.7208,-101.25758,-95.736374,-65.785965,-61.652924,-46.37708,59.2733,-60.168568,-29.966906,41.13233,12.777246,36.636623
-449.11603,221.42163,-100.9599,-91.33914,-70.44281,-70.745285,-35.027992,46.463852,-39.802536,-24.312656,30.675926,18.344387,31.031988
-494.4438,244.28812,-116.4458,-102.24448,-60.120205,-65.59645,-34.883514,62.235928,-42.404655,-17.435091,40.256927,11.123163,29.273872
-557.77716,268.84647,-109.81036,-107.43714,-61.17785,-58.508305,-31.091766,70.532104,-33.857735,-0.86084414,33.962383,5.5918574,35.651756
-748.7838,288.15253,-59.93536,-140.32748,-90.68022,-32.218456,-4.0260315,72.902664,-14.282987,16.35446,16.90856,15.741819,27.239784
-953.4331,294.94232,-9.428234,-117.22932,-100.9498,-20.109024,9.842661,68.10881,-16.580708,45.637997,15.806885,16.688251,18.253605
-1175.509,306.85876,3.3043668,-119.02678,-59.914955,-1.6109371,1.397129,51.643127,16.604784,57.15116,15.01741,5.8085766,-1.748373
-1280.7136,250.5677,-19.290236,-97.65162,-30.442263,1.5057011,31.279644,63.30029,28.559086,49.92788,19.199736,2.2039242,-13.887227
-1328.4055,238.25763,-70.05292,-94.24376,-11.412218,-9.175225,1.4931831,42.84242,32.295677,58.226105,21.29924,22.988487,4.9612484
-1383.2585,237.06526,-141.04155,-92.204094,-24.084482,-6.6166177,-10.470282,33.588943,20.894045,59.601917,36.217632,23.217594,-7.395605
-1407.5691,188.72638,-147.27432,-64.09331,-33.69618,6.1716795,-19.432507,8.748978,12.606888,29.007372,7.3187733,7.507658,7.5482316
-1374.6206,147.56694,-213.46057,-46.883408,-15.981411,1.4922543,-15.151662,14.197884,-17.593082,34.375385,6.047134,5.181072,9.932394
-1383.5188,133.65448,-192.16525,-34.383667,-25.084444,2.3105962,-27.278852,31.812012,19.690628,73.53259,11.734667,4.1704674,12.909478
-1416.544,107.727036,-186.7262,-15.180719,-3.2260559,1.5393298,-18.933653,15.082156,2.2890568,38.158363,-11.353018,-2.157875,18.199635
-1426.3333,96.3853,-182.06644,-8.601466,-14.56394,-10.756321,-27.460468,3.766292,-17.339628,48.694523,-18.385439,10.470963,24.212412
-1417.8231,104.5392,-195.61066,-19.29936,-4.936429,-6.5283213,-40.394554,27.94443,15.483732,54.78589,-31.941301,-11.028931,6.122271
-1450.7919,110.97818,-205.28738,-17.96574,13.433513,-16.384197,-58.60456,31.706034,20.391474,53.930588,-24.36736,-2.9625988,28.288355
-1408.612,158.48108,-191.17534,-38.451756,8.251795,-4.0179696,-35.16937,33.08189,25.313904,53.49621,-22.728601,7.7855835,19.997421
-1466.7924,154.1271,-186.52968,-1.9069295,17.348133,1.5600443,-40.307728,39.378563,53.071754,54.831146,-9.924373,5.290182,12.242731
-1523.3208,165.8473,-167.04984,-21.104942,31.887499,3.8938746,-38.931175,34.423626,30.141747,52.99895,-14.123742,1.9959602,10.326149
-1595.3425,172.31396,-179.68616,-46.091553,6.729739,-3.4551737,-21.57662,24.858047,23.51178,54.174355,-11.572574,3.057991,18.856644
-1588.9094,203.23631,-160.09344,-64.339096,-9.430044,-27.030546,-52.20188,25.186062,36.51813,40.66236,-9.975413,9.702162,19.933681
-1616.987,211.25955,-130.21136,-26.170816,45.163395,24.391663,-20.289053,24.73907,43.642643,49.351982,-27.725412,2.1984386,5.9183006
-1679.1023,190.11934,-136.07898,-47.269566,9.5634575,-12.080269,-25.40202,25.27741,4.336131,27.250572,-4.597842,8.8708725,23.057507
-1745.2576,230.53003,-79.724945,-62.210457,-0.35544443,-7.1452136,-46.236237,14.577045,39.974693,44.652977,-2.2348053,3.3018513,4.8535023
-1812.685,221.29709,1.6199088,-12.120547,60.446957,42.36792,-2.802826,22.54075,10.233682,4.0549655,-11.893952,-16.203207,-5.7448034
-1763.5405,274.39734,11.061985,46.794624,116.63579,62.921688,-18.310087,14.744956,-13.706076,-15.6391115,1.4771823,-14.29161,-9.109877
-1698.1927,257.42804,1.8666596,65.895874,133.37466,76.518745,-20.276302,1.2951317,-12.489609,-43.206596,-4.233987,3.5115948,-14.987196
-1466.3362,264.0755,-75.52644,57.520866,97.390976,51.551155,-43.256733,3.1251726,1.1044044,-24.243313,-22.473013,14.067619,-9.557367
-1154.6887,252.43777,-100.24082,52.597054,53.909973,66.24384,-86.97102,-36.675182,21.916452,-47.923542,-12.649007,50.044643,-16.772646
-1028.7617,206.73956,-104.94507,79.85533,22.044369,70.45328,-85.27486,-8.313433,23.138573,-41.031666,-0.38644814,35.97714,-11.484309
-953.6447,202.31854,-124.27845,79.43887,0.8907037,90.5993,-94.18947,-17.586445,19.01197,-22.75211,5.4715805,27.006092,-6.59151
-918.3744,191.11441,-127.70164,81.41421,-4.86572,85.74646,-93.13063,-22.445257,24.733995,-16.92942,0.5845613,21.51992,-9.475222
-892.19653,191.15018,-144.40042,80.428604,-6.865946,92.0987,-100.114235,-18.251564,22.0084,-15.084015,-0.6121125,20.784538,1.4693365
-883.14404,192.94275,-143.44385,87.44237,-23.54724,95.21788,-88.046616,-24.86748,32.676846,-19.844313,-1.7575033,14.477549,15.766239
-919.9053,218.74857,-157.03351,74.49693,-19.333792,93.22001,-76.11352,-27.359814,30.235632,-22.330322,-11.844672,22.177814,16.308863
-939.82513,220.32718,-153.27922,65.70237,-10.966732,89.853294,-68.60173,-25.100332,21.923344,-27.060358,-11.6264105,28.544493,20.61724
-942.8004,214.47772,-150.3301,65.47545,-9.403877,86.76414,-65.017525,-21.461937,14.04921,-21.071274,-12.937588,25.079704,22.073586
-945.15106,201.79694,-135.53787,61.877174,-10.027281,89.40268,-65.510574,-18.204702,10.566282,-18.162613,-17.809315,31.802692,17.371756
-943.64886,179.32043,-101.98848,47.371624,12.625376,76.689384,-53.975815,-25.389837,21.740192,-31.224083,-17.263494,32.91535,15.467258
-919.5435,165.24544,-80.45084,42.59356,15.075191,60.911148,-58.262794,-25.508322,26.875414,-32.71772,-11.082528,21.842833,6.8714046
-941.2237,170.9842,-71.22252,59.457355,9.039358,52.66494,-54.657993,-10.087927,8.968798,-30.50748,-11.145116,24.462452,13.437176
-996.2568,177.00107,-42.26191,47.49535,15.5101595,50.13964,-37.2975,-25.691034,19.901306,-31.66173,-21.118292,14.224752,6.6290426
-1099.4218,193.29907,-14.609957,41.366814,32.19893,61.66765,-23.83956,-28.006207,19.840508,-33.053143,-26.741877,4.0381823,-1.2710314
-1315.846,247.5344,-15.150923,61.965687,61.703968,50.070564,-8.192662,-5.639909,-5.624706,-51.464516,-14.478053,9.818617,-5.9541297
-1512.061,254.94632,-1.4520504,86.83966,87.47819,43.513504,-24.43469,10.348033,12.866062,-42.587242,-0.13781682,13.538084,-25.412445
-1618.1079,238.20139,-14.506277,110.20161,131.3979,66.737236,-13.715876,13.406078,-1.2515068,-58.821423,-4.646139,4.691372,-28.723183
-1633.4841,240.10475,-12.074794,111.42691,111.76433,63.686108,-9.4811125,22.567858,5.5572615,-56.610233,3.7427602,11.867733,-35.874672
-1651.1584,249.38147,-12.288007,127.80759,102.4016,43.58364,-1.6969805,25.191216,1.0361023,-50.387768,8.579658,19.371357,-44.164658
-1664.3594,232.3153,-11.69543,161.03136,109.485374,36.520435,4.9044447,1.7562855,0.19652748,-48.612343,2.364377,19.70533,-31.956774
-1716.8557,228.91484,22.274033,166.32718,104.41298,21.99307,0.11350107,20.418865,14.875943,-39.5216,-4.180073,13.677643,-41.384098
-1643.3312,236.39801,-24.436346,144.66803,128.02696,76.618454,-23.897247,-20.886827,2.9700518,-21.767212,-8.316317,-6.8114157,-33.136738
-1487.4073,189.80457,-56.179596,188.6219,139.36899,82.86944,-43.986176,-59.53925,28.616451,-34.310184,-4.974194,0.2501793,-30.833778
-1457.1671,192.57968,-66.392685,213.34346,125.151054,59.6164,-44.635136,-40.799488,43.900887,-34.248795,-5.243795,-3.1388617,-44.540497
-1455.2858,172.8075,-68.859375,248.54234,122.82432,39.452164,-26.479263,-26.608967,40.09647,-34.843544,-20.538929,-11.727295,-31.607265
-1444.0211,176.85542,-68.76734,249.87323,138.85365,9.499835,-27.531971,-23.615791,38.992157,-24.81559,-4.0074043,-13.843369,-38.39337
-1392.8699,168.08636,-90.25886,256.2693,143.34123,7.740431,-23.57593,-29.03917,42.118362,-38.709507,-7.164238,-12.570523,-40.534615
-1368.948,182.90298,-109.29036,266.8993,147.08417,7.694277,-31.597458,-36.304443,25.95554,-26.926592,4.8848734,-18.696226,-47.981655
-1324.0558,188.59505,-121.1252,260.60974,152.59186,10.845304,-48.71162,-27.13472,11.204765,-32.56801,2.8223438,-4.3526783,-51.299522
-1299.4111,193.62091,-126.73993,251.73932,152.36761,7.309617,-46.656815,-31.37968,7.95788,-34.894295,7.45573,4.063486,-55.09202
-1333.6053,216.12924,-122.88263,231.73026,164.64299,13.083837,-61.941986,-14.257832,-7.2950134,-37.46965,19.176489,-3.0228329,-53.298443
-1351.1545,221.79092,-123.729675,220.4573,178.07529,16.213837,-53.07238,-27.27406,-8.523373,-39.521988,18.23244,6.3784466,-52.77729
-1528.6907,230.07787,-67.930275,169.36823,175.59134,39.049404,-40.382004,11.444513,10.00647,-48.791702,6.8537545,26.32059,-64.166885
-1737.7184,242.37727,6.058675,171.59955,148.28337,26.695038,2.7410583,42.946266,16.266315,-45.295452,1.5603263,22.336697,-47.46137
-1752.965,265.70264,26.094868,152.80124,129.42477,14.538028,-2.9040008,46.77735,24.841301,-29.087955,-2.3003304,18.621449,-50.980125
-1761.5605,268.30856,36.43395,149.69662,125.96157,24.308655,11.02737,37.425743,-0.20662308,-38.475235,10.747784,20.947235,-46.86614
-1710.3784,256.92584,10.423212,147.83939,125.109665,38.123787,10.0408945,51.3816,0.533453,-59.166862,-2.0989106,17.870178,-46.51523
-1715.5032,263.30783,-10.765824,137.13379,169.3111,47.55446,7.5564394,36.77974,-16.09198,-79.46172,3.8258064,26.562454,-31.160992
-1222.2114,304.42084,-139.77863,70.513054,75.10234,82.63078,-27.62442,-28.437307,-24.91484,-45.368694,-16.91127,40.168575,16.13153
-1098.6492,339.5998,-145.98071,53.67753,65.2483,58.28834,-62.39948,-33.407234,-43.26763,-72.19126,25.989672,59.485435,-4.123001
-949.4106,307.24597,-161.23344,71.463806,-0.525105,64.00315,-69.62519,-28.176765,-45.37858,-73.46997,66.84719,50.066433,9.075014
-918.9407,316.2601,-143.55933,27.644592,-23.122879,83.26343,-88.74431,-26.094067,-34.693977,-38.19009,47.32109,38.39548,16.47555
-849.8783,279.21033,-128.63412,29.210155,-39.53936,65.70447,-85.03596,-11.1207285,-31.693756,-17.177082,31.768673,52.149532,1.557373
-832.6653,277.04022,-131.99837,33.571247,-35.974567,48.087234,-106.7652,4.194741,-15.156343,1.1264591,19.456392,44.93434,-7.336167
-820.68,283.89764,-136.65439,48.425285,-62.013313,38.734978,-85.85661,-13.184725,13.341821,-10.270178,20.58866,38.49362,10.246013
-790.8573,269.36615,-126.36493,42.118736,-71.53874,43.73515,-103.2183,6.313797,9.708568,-4.1918507,9.229161,34.18952,16.01413
-771.2538,273.34003,-126.34117,33.24627,-60.660954,31.055122,-103.54106,11.8445015,-1.2527252,7.6880608,-6.8911552,49.337147,4.99567
-756.1175,274.96606,-128.53271,45.105927,-73.89056,32.332497,-107.94498,7.702148,0.2652135,-7.025179,4.1958747,41.60997,15.288427
-738.50916,268.62466,-134.67548,57.178932,-76.36525,44.8209,-112.42035,3.8499198,-11.439206,-7.102125,7.188836,50.655197,8.168063
-737.6704,258.9123,-123.40621,44.006733,-57.040768,36.63721,-103.89733,-2.8879695,-25.904247,-7.884445,0.6911786,62.973915,2.625247
-770.3656,263.3582,-133.26596,67.25455,-47.647263,44.985332,-108.134186,-7.1127243,-26.919205,-21.922691,8.065326,60.927345,8.102271
-802.8811,268.76233,-137.89929,86.53705,-41.99292,38.79644,-101.18678,-12.372354,-24.87849,-37.757515,10.178885,62.08075,9.40002
-868.2642,282.3614,-128.68867,76.31453,-4.5074787,18.395748,-82.113075,-16.776882,-23.554176,-51.30435,15.966364,54.130028,18.250301
-929.87225,280.25848,-124.11995,94.54813,-0.7061672,26.222721,-84.782,-0.5775833,-21.319397,-71.903114,20.80053,48.93943,7.3870273
-1030.3655,280.65717,-95.918884,87.83855,47.818146,6.3727446,-85.18405,12.17625,-30.432098,-47.950348,-16.106623,58.56806,-9.930924
-1248.051,323.3223,-73.581726,56.69928,91.46196,6.360903,-81.27211,30.314804,-15.39514,-64.794,-24.145771,48.088432,-7.759768
-1501.6809,338.6651,-59.84166,55.03353,120.6126,22.171532,-0.8799634,62.694077,-19.849186,-106.76629,-29.720377,57.176186,-7.3388987
-1533.9727,326.93353,-71.5305,82.34023,156.50671,27.860405,-13.387252,57.68572,-17.856327,-103.45523,-20.622084,56.6449,-4.948801
-1466.4661,331.57654,-85.97334,100.65624,155.12367,6.5829296,-34.124805,53.340965,-2.840298,-98.5293,-20.200644,58.45117,-7.8888245
-1430.3809,327.8841,-104.58441,104.75104,161.58636,19.173172,-52.592155,51.157776,12.327432,-107.71086,-21.066814,56.55096,-16.109879
-1437.0219,332.61487,-113.11929,105.17491,177.90442,13.141731,-64.87936,40.203934,13.630184,-102.22951,-13.765958,60.798862,-19.329613
-1413.6475,338.60175,-128.4186,89.24765,190.46268,25.824436,-71.48113,35.518032,9.334059,-87.44539,-15.509177,46.23534,-22.85824
-1410.4274,335.7028,-121.19098,96.06001,185.9224,24.234957,-76.78436,22.380287,12.336313,-65.929855,-18.783133,40.238663,-24.745275
-1401.6113,335.8291,-131.30191,89.08391,201.42355,23.865103,-80.088455,20.031523,6.478938,-63.930138,-14.951551,37.205376,-19.497955
-1406.252,339.04184,-123.10263,77.72981,199.60239,27.29657,-85.03075,25.194733,6.0751276,-63.306355,-16.618635,24.083767,-16.02573
-1413.3146,343.17026,-128.57362,78.0791,202.29703,28.017921,-77.7652,28.605913,-1.5024705,-66.85658,-17.286438,28.086552,-13.792454
-1390.376,334.39105,-118.188446,74.03382,191.33743,32.59234,-88.454025,31.789616,0.25376272,-56.86479,-18.5837,19.28919,-11.42235
-1390.2551,340.51453,-127.59755,79.378815,193.0961,32.80394,-81.866745,22.278454,2.2886243,-56.771683,-22.564047,28.218307,-16.305489
-1386.4204,346.14777,-131.90837,71.420975,201.75844,35.578133,-87.610405,14.278345,4.1598644,-54.16085,-17.090694,21.322195,-15.794617
-1399.3297,343.3416,-118.450745,78.724915,198.90277,12.943201,-63.676598,17.8386,-7.45103,-49.606407,-28.154709,29.748438,-11.906888
-1421.9855,357.04974,-105.73372,74.92256,190.00595,6.213193,-64.78868,21.499496,-9.442421,-52.15119,-23.186533,28.579031,-13.777004
-1404.7627,340.0017,-94.638794,77.38543,189.21817,-4.1398716,-62.992268,29.748325,-10.569296,-58.86408,-22.230526,29.058147,-4.282633
-1439.917,346.2181,-77.99323,82.90633,169.08997,10.845242,-61.19619,33.708805,-22.7831,-60.62501,-27.168211,35.26444,3.487854
-1460.0433,359.62195,-62.421543,64.07924,155.59317,21.413828,-61.502724,36.665688,-15.595755,-65.17746,-12.472791,18.255192,1.030107
-1502.188,365.00427,-31.865196,61.511444,122.802765,19.767687,-23.546127,33.045307,-24.92876,-66.78261,-22.033352,30.472286,-0.6758795
-1543.895,359.47345,-9.4982,48.837814,87.81903,12.291114,21.295723,61.845814,-28.005672,-73.20498,-31.160025,29.444763,-0.8906431
-1683.1019,289.84686,17.412891,111.016525,134.29129,14.352867,5.119285,53.761253,-16.647518,-34.926804,-17.40751,-10.829649,-29.255268
-1707.0198,296.26096,16.265005,103.49875,128.14206,13.94742,24.957241,65.7354,-23.925964,-53.785706,-30.185799,-19.957064,-27.760548
-1649.4551,293.0844,5.7990417,84.1662,111.874,21.491892,3.3408291,54.158974,7.2635307,-27.474686,-23.006329,-35.67871,-43.98799
-1618.7698,299.37506,-7.6425924,79.164154,109.749756,9.683623,-0.6266904,57.595078,16.694221,-7.7113857,-27.759357,-43.10932,-52.840874
-1561.645,305.36487,-12.307961,93.18994,85.79186,-14.261325,-24.242516,60.287186,26.229904,-3.5374908,-14.589807,-39.218136,-66.26262
-1554.0833,310.4312,-12.427975,97.78473,79.14026,-10.678293,-24.327835,53.71673,31.941591,-13.6714115,0.35154653,-34.709045,-72.68817
-1335.4424,315.91235,38.629864,106.12504,1.4927804,-33.31758,-105.18605,-4.958763,16.994404,-30.961407,31.415052,-27.896076,-49.027607
-1213.5847,304.14368,77.32939,113.23117,-50.003227,-68.747635,-92.71143,-23.183577,20.353498,-26.654837,39.256466,-11.816271,-56.33864
-1155.0232,306.53748,79.56439,129.94133,-92.263016,-62.18432,-109.71195,-30.037876,17.301147,-42.302986,59.14266,-22.59143,-53.97583
-1122.2625,289.8559,84.59747,138.02487,-83.7263,-82.961685,-113.228096,-32.006313,7.301544,-35.69467,75.112045,-23.733223,-65.234436
-1076.9946,256.4886,103.68042,109.535934,-55.343376,-107.25192,-109.640465,-25.785383,-6.5041428,-32.915512,71.8435,-16.56456,-67.32457
-1079.7922,256.9018,101.430176,104.89295,-49.208286,-116.699646,-115.19963,-14.353544,-8.705954,-36.689163,70.88345,-14.886904,-60.67012
-1114.3684,278.12183,76.87469,115.68924,-59.01451,-94.10437,-144.99811,-2.4366798,-10.4559555,-46.840717,98.09973,-30.685802,-61.305603
-1127.4805,296.6095,50.52372,102.69911,-42.506596,-99.71687,-130.56476,4.908493,-27.857122,-38.013428,102.03266,-39.16951,-47.458046
-1154.9951,281.10333,86.11459,49.01556,6.64925,-130.6234,-101.191055,10.05727,-25.546047,-26.818985,99.61235,-45.050346,-52.849674
-1250.054,300.1767,93.40196,21.217236,-14.458557,-78.42682,-100.198074,33.330494,-26.970585,-6.3870296,79.17674,-49.055992,-25.374996
-1232.2739,288.03918,56.390045,-21.195042,-17.337692,-49.74622,-37.98889,44.333576,-13.640738,-13.915871,56.73072,-22.536629,-21.078154
-1482.7957,297.01288,135.03908,19.395523,4.7023296,-52.58232,-46.437897,53.26017,17.807425,8.432621,23.743103,-17.14666,-14.865492
-1618.3235,277.6305,142.85754,10.785725,5.348116,-28.907833,-12.847814,69.06995,24.145668,29.712337,9.420058,-25.733982,-14.672298
-1663.1989,291.35278,107.11171,1.0615978,-8.982874,-18.296135,-13.712194,47.92296,20.928118,51.91716,21.633835,-18.78756,-2.485218
-1631.1101,277.19666,22.66483,-16.498514,-12.98707,-31.880846,-37.59475,36.790337,19.102638,49.751427,32.600273,2.7474957,13.452423
-1669.678,238.03041,-39.24134,-15.600634,-25.552084,-42.036625,-27.622322,18.582985,11.548117,36.367233,23.679993,9.281351,29.399683
-1650.665,229.52213,-65.45839,-0.78073406,-33.923405,-41.98925,-30.202282,4.357834,9.048106,1.7645388,-4.824804,15.983632,38.70531
-1638.8042,203.72034,-90.408966,16.612415,-29.353312,-35.036076,-16.210236,13.423975,6.7392464,3.1889677,9.834264,20.751686,36.266308
-1668.3895,177.56662,-90.92354,1.7657042,-38.5888,-5.403636,-0.36161423,-16.281841,-19.734219,-14.992635,-1.361087,4.3999567,35.32673
-1678.9657,187.87222,-78.88008,7.185004,-19.575714,-31.859928,-49.23526,-29.242043,-14.600836,-8.271433,-17.291218,11.393,45.97194
-1691.0139,206.03944,-87.63504,-4.201007,-1.3221476,-16.066822,-41.940254,-17.581432,-7.445137,10.362682,-13.839045,4.3084326,33.10927
-1666.9683,239.48558,-7.9577436,6.7959447,3.8468046,10.855593,-11.971741,-8.338377,-8.901476,17.706188,2.3550904,7.51821,42.42089
-1813.9,253.4625,-2.5558116,-14.5595875,-4.7075076,-19.991276,-7.859499,-7.736673,-35.88128,2.7855139,-3.276972,27.893017,63.974426
-1942.7394,225.45316,101.81616,38.03576,63.17047,56.328545,-10.057974,4.106451,-2.3289404,-7.4635806,21.754335,8.291594,-12.036085
-1808.1522,255.6317,57.125977,74.77467,123.60065,72.24796,-13.521673,0.47301102,-5.300376,-35.5475,16.299353,17.138542,-31.74223
-1725.9333,263.442,19.36171,117.112526,112.94531,63.12873,-23.00811,-0.3056879,9.592407,-46.84525,10.854417,16.581024,-46.575417
-1740.1367,249.86703,24.413311,126.85138,122.73386,54.46766,-11.75889,1.1543922,3.3205795,-38.602077,13.622737,17.964687,-54.246056
-1715.1251,250.80676,24.642912,128.03699,107.71971,60.466286,-10.228334,-17.394695,-14.337328,-42.35748,12.298712,28.00301,-38.774124
-1618.9286,248.05826,-40.9794,118.52787,133.11841,73.791824,-25.911959,-43.492935,12.538376,-19.056232,10.400391,19.653797,-58.859474
-1353.9834,242.16942,-127.74504,167.49054,128.6002,41.129967,-40.383347,-80.15259,-4.6074657,13.454828,9.952549,-2.7749786,-51.59088
-1278.2532,217.36319,-142.5754,227.56116,120.413635,24.404243,-56.28196,-85.39061,11.36651,28.726933,5.53026,-6.451252,-49.985374
-1248.1091,198.05122,-140.75755,227.0121,140.47438,13.817591,-49.0116,-84.35649,3.5953617,45.047394,1.6818635,-10.005432,-50.15164
-1209.0693,188.09871,-131.07133,216.92863,139.34033,10.829088,-71.70439,-73.00132,-6.456684,48.28035,-4.2557063,-5.5681114,-49.647587
-1162.8127,186.09293,-130.97,208.44864,150.19382,4.2702985,-84.2416,-85.31512,-2.4330292,44.67592,0.80840284,-6.5188046,-38.833878
-1133.784,210.30907,-143.00735,191.6802,143.62796,19.056976,-93.33663,-86.70592,-12.938709,40.077892,5.656325,-5.8783264,-41.903927
-1143.6448,251.84036,-137.47101,173.24254,138.45879,25.44256,-97.28746,-100.19089,-17.265768,30.975056,16.799623,0.13195133,-44.793137
-1132.5781,267.42404,-126.31901,163.24881,128.01491,30.816166,-82.831085,-122.87823,-28.905796,34.037556,21.843342,3.9662485,-40.009357
-1144.552,295.6358,-96.49225,100.03052,132.68033,36.610073,-63.576233,-133.84308,-36.06333,11.338393,40.195118,5.6341124,-33.75801
-1198.0938,324.7904,-65.82487,68.35359,124.83955,40.206406,-40.42508,-131.65468,-57.7825,8.569717,36.202156,14.486057,-25.267761
-1354.6438,357.5147,-2.3588696,24.322697,114.306015,32.640785,-20.696741,-92.06363,-49.95398,-24.61847,2.6582966,31.937424,5.4502277
-1484.8071,337.31506,27.19242,67.22978,48.56014,40.815464,-20.283337,-19.691753,-19.80536,-46.348003,-14.714124,26.944569,-5.9489994
-1618.4309,294.63635,21.208122,107.92723,80.95558,21.98951,-0.4544897,23.498695,4.7899456,-53.575428,-13.07567,8.608578,-36.214073
-1667.0986,272.6938,33.856647,124.66803,86.84962,17.980387,17.473999,35.806007,-11.004219,-53.035217,-22.2965,-1.9691658,-31.206417
-1691.127,278.05087,36.873375,120.45601,80.25016,23.773598,7.988231,24.455246,14.879889,-37.72418,-22.789509,-7.737503,-48.813095
-1659.5208,285.4594,34.11867,111.39662,91.80893,11.029361,-5.909527,34.61756,14.785925,-28.785534,-26.282825,-17.178326,-35.612488
-1420.9069,389.97827,19.336155,49.035656,-14.228432,-33.817345,3.1606588,7.889616,-22.646515,-21.472012,-26.360271,-18.3918,1.0146723
-1244.0474,420.09918,-7.4424224,41.286995,-24.568888,-43.735878,-44.910866,-17.051003,-15.093348,-23.450245,-14.373993,-0.508029,24.27484
-1117.9169,423.18732,-36.501564,26.158718,-47.702736,-47.470566,-48.164642,-27.130684,-7.9538574,-32.132706,-3.4156277,18.828709,32.02462
-1022.92145,397.60992,-77.85265,35.21501,-82.75334,-12.086314,-46.182278,-17.413353,-20.144442,-31.438202,4.2922,27.113167,39.73783
-998.60016,388.1502,-91.62607,18.11629,-72.47914,-10.403011,-41.91308,-3.5875285,-24.411816,-25.792898,9.864711,32.3965,39.398663
-958.97626,389.2519,-119.31236,4.7253265,-72.48953,-3.8809853,-29.454613,-3.319145,-15.312732,-32.36496,8.283474,48.640564,32.501854
-939.06104,378.80142,-130.93054,5.392806,-81.658226,7.685707,-38.928318,4.119916,-10.580645,-38.571728,9.814936,53.44376,30.614576
-921.5427,374.5688,-136.70676,-10.087596,-67.39572,20.107718,-71.83708,17.176167,-9.312464,-18.68924,-1.4167356,43.904434,33.60849
-941.59033,370.31625,-142.07132,-4.511198,-62.377083,20.63034,-63.58215,14.101067,-3.5668964,-27.744644,1.3780469,45.85675,29.50791
-932.7848,357.7813,-156.85864,25.173676,-82.04839,18.157032,-54.049732,4.1589355,-12.503363,-5.8106785,-6.6281533,41.496567,34.102524
-893.3065,347.0075,-172.39616,13.155093,-71.45577,36.640717,-61.67411,-3.9689002,-10.962526,4.9614525,-4.1052985,30.950817,32.9599
-848.26074,326.40836,-178.5315,3.7294393,-68.10537,47.58963,-71.54161,6.845893,-11.1263275,7.9289017,2.311151,25.312489,31.827705
-820.37714,310.24142,-176.91222,8.352927,-78.978195,41.48651,-60.13083,10.247824,-9.1757345,16.011156,5.1020613,15.249983,30.143238
-877.35754,355.12918,-167.26697,-51.960735,-34.232548,55.845165,-71.089935,27.167442,-4.0944824,15.162574,13.987784,6.553609,21.768734
-991.062,324.70734,-120.62239,-68.94011,-83.85048,75.43809,-47.593185,11.84985,38.12561,47.14852,13.4616785,10.731108,21.50501
-970.3174,254.15106,-161.63069,-42.746483,-19.900051,122.059296,-74.10276,23.713192,17.17511,45.17933,5.5014153,1.0744705,48.035477
-1256.661,279.44214,-94.12032,-44.100677,-3.3753004,70.28764,-76.14566,19.168667,36.854393,86.19437,8.127737,20.626907,26.842012
-1248.7253,252.27168,-162.151,-82.22296,-13.721325,23.903383,-75.09403,16.94476,40.11654,104.64441,-3.1926703,6.827957,20.410027
-1308.9746,220.91931,-159.77405,-37.60878,22.646269,20.213192,-82.08032,10.884121,13.816369,91.91539,13.488279,13.225719,14.485589
-1359.79,176.68828,-139.39804,0.19069695,34.638367,27.93913,-43.34235,20.095419,30.614422,80.10463,6.271988,26.002872,28.913288
-1367.7751,165.60803,-149.02612,18.414902,23.017103,-2.1042452,-31.15314,16.626091,-5.237999,73.67983,5.3259106,44.833527,33.042088
-1402.518,156.52853,-162.14815,16.883263,56.66391,21.933313,-42.319347,4.513995,16.943336,88.3967,2.6398757,26.688595,31.304222
-1408.241,190.56537,-132.43286,21.714443,80.47324,34.307247,-34.78056,15.358739,14.9484005,94.45378,36.36813,46.503376,36.906395
-1463.4888,199.26144,-128.81758,19.027035,69.28745,36.937317,-40.46707,2.445054,8.921877,78.425865,9.826282,33.505943,31.544863
-1492.3573,244.87607,-67.41391,38.130146,62.822784,45.83097,-30.051355,-3.5374832,15.281235,78.59796,21.670704,17.884144,10.890186
-1544.3735,199.83017,-14.333391,23.607967,23.180338,74.27352,-33.962513,-10.769468,21.080257,84.29668,19.30556,12.437901,-5.9475904
-1613.5361,151.92563,11.079955,60.327694,56.798645,97.35671,11.021185,8.004043,-16.925453,36.71776,24.829119,9.07473,-26.067272
-1451.4016,249.86697,-2.2719412,132.2203,106.40198,80.97427,-19.364086,-29.823212,-20.034472,2.8598568,11.559539,0.6676681,-14.444231
-1212.2479,261.45157,-123.22902,190.65363,118.90126,47.075294,-37.06378,-77.95328,-15.185825,-30.37188,7.9911065,45.24711,-25.875858
-1126.8491,192.78445,-146.6954,223.61308,123.06274,58.837776,-62.100906,-65.66721,-21.62345,-27.59349,-9.797879,39.521904,-46.767784
-1105.6824,157.71585,-159.34006,248.95169,112.49418,60.21044,-55.1814,-54.9207,-7.0423946,-21.478596,-21.331629,21.393108,-52.562134
-1125.026,157.03717,-173.93286,268.37653,110.49661,46.305992,-61.082817,-45.66093,0.7075081,-14.429817,-19.419584,18.95668,-54.855526
-1115.2477,151.65546,-203.4996,261.76788,116.55501,42.341217,-58.049774,-38.672726,5.399189,-1.222969,-29.526642,20.569536,-58.303555
-1123.1675,132.53595,-199.23306,276.94785,126.99867,43.19805,-79.72179,-42.130154,14.330578,22.778082,-22.718416,4.9068184,-63.489773
-1152.2483,149.74632,-201.85303,261.0426,134.32016,23.987144,-54.718464,-34.29973,19.276653,17.639967,-28.634615,2.6883454,-75.808136
-1191.5431,153.13199,-186.08957,269.4157,129.39297,20.174631,-50.975666,-35.317966,26.217144,13.386607,-27.447424,7.5136614,-73.172
-1194.9143,157.11763,-173.72932,263.72543,135.85478,7.4330244,-83.17328,-27.629814,21.757679,24.664034,-12.173612,3.5553665,-74.355484
-1199.2894,147.1825,-179.08269,263.89343,132.24625,24.698486,-72.72945,-10.1725025,15.683609,9.829972,-15.231632,-4.5127745,-67.9971
-1199.5303,160.04575,-183.05075,262.08093,131.38953,11.343046,-72.13994,-20.881298,23.135832,2.5844054,-6.150904,-3.9557958,-59.16726
-1198.5261,142.15225,-180.16156,269.86566,140.4826,20.549137,-91.203,-17.013792,26.343048,1.9954735,4.484745,-0.9380182,-68.062256
-1144.7815,133.09314,-176.17056,250.63043,120.802185,22.292078,-81.675934,-0.41077518,26.012054,-1.8932532,-6.1193433,-1.8760365,-68.53981
-1115.3356,127.33255,-181.17601,260.9601,120.036415,36.66506,-103.01997,-5.3093176,19.860016,7.4978366,-1.2265363,-8.538631,-69.51396
-1100.0964,124.94268,-183.02957,254.67972,143.14664,28.323132,-100.92938,-1.2320299,15.243698,6.737479,-2.7396922,-6.247488,-85.21025
-1081.6978,126.936966,-182.10753,244.58359,146.3794,33.24201,-108.17249,7.5945196,-1.6357727,16.341152,-8.614925,-7.3853045,-89.191696
-1069.189,118.41205,-175.0979,244.14261,140.88524,36.995728,-103.27084,0.15459251,12.290295,16.472593,-12.528055,-9.16453,-101.90199
-1083.3569,119.78523,-181.96762,258.2328,147.11313,39.404343,-115.40249,-3.035328,11.7139435,12.452217,3.0143998,-11.823742,-98.14278
-1056.3794,109.7728,-172.82184,243.98888,138.30948,43.495964,-115.81918,-1.8290701,11.65657,4.106289,1.9643627,-5.7872267,-86.52702
-1082.4298,109.284164,-175.13469,245.83272,142.6796,49.05552,-120.40773,13.37155,0.6853409,11.958111,-6.0407143,-7.3153305,-89.564476
-1100.8232,117.47483,-185.27258,252.43654,141.92917,46.6232,-111.34772,-12.519538,15.308453,-2.03396,-0.9529827,-1.7019541,-85.43071
-1109.3981,132.00572,-189.69965,253.93472,131.40234,38.237877,-106.69252,-3.2500925,31.490839,-12.117528,-5.3901577,-4.351552,-84.115654
-1135.7604,150.8411,-198.4594,261.7776,133.73102,30.432716,-101.25294,-9.133976,22.9398,-13.899029,3.3323765,-7.3866887,-76.11586
-1165.312,162.55023,-187.12262,255.83475,142.58322,17.179714,-93.235916,-17.19921,34.982742,-12.141677,-3.3377602,-15.294953,-86.25826
-1217.2477,181.52562,-186.15091,262.6908,145.3165,9.389885,-91.267624,-14.870006,25.575214,-18.27433,7.6590896,-17.6212,-76.24971
-1254.0968,190.35817,-161.83144,244.72731,147.39415,0.36483526,-73.91986,-16.028273,22.565697,-9.453887,0.8454776,-26.650913,-70.62217
-1323.2538,211.23984,-160.85995,239.52586,168.2232,-6.626736,-62.40079,-4.9208364,-3.333601,5.7589016,-8.461165,-39.68766,-60.426773
-1346.8352,214.41708,-138.31287,224.55487,171.78584,-4.8603954,-68.75775,4.1537147,-5.238161,-8.256057,-4.685842,-27.855618,-54.210976
-1374.6678,226.29132,-122.12958,221.51904,171.09286,-12.693699,-76.69357,18.81487,-11.096752,-10.038804,0.44873446,-27.444016,-47.358032
-1398.1404,230.87677,-128.11267,240.43529,181.34534,-22.210175,-52.784237,-1.6351519,-13.853051,-12.59422,-9.222851,-22.42482,-40.04385
-1305.3047,205.04562,-140.7847,232.87315,175.25555,5.7570305,-61.547604,-11.617859,-13.983532,-5.1383486,-5.589935,-13.3208685,-45.93047
-1275.0403,190.76447,-141.578,245.04065,177.88876,16.979342,-72.96682,-21.304382,-14.822121,6.7778816,1.354657,-17.321606,-46.524612
-1208.3063,179.86205,-151.44147,226.01215,183.15091,36.652737,-74.806114,-38.791756,-13.247538,2.3386588,-2.6176767,-6.738539,-50.942505
-1157.7576,212.00095,-180.85934,164.12434,168.93213,61.562927,-85.60489,-33.184017,-5.2352753,5.7018576,-6.292967,-5.463233,-42.37728
-1242.812,225.95952,-126.935486,155.6113,150.78696,53.386616,-94.341805,-36.57045,29.544174,11.156958,-6.7615943,-7.028267,-32.892586
-1312.1038,219.58328,-51.97885,137.92899,103.794945,68.71971,-93.83833,-42.775585,53.132362,10.221716,-17.363447,12.561457,-29.2609
-1351.7977,193.14363,-36.383797,115.01938,87.61089,100.94108,-73.27307,-23.493723,44.73115,33.192554,-7.153509,14.6845665,-25.77541
-1443.3987,186.01929,-10.780512,92.990944,73.797,117.13915,-42.328045,-14.612022,63.800095,48.822063,-4.706624,30.72147,-14.981619
-1489.8772,202.50626,-38.708305,42.412506,50.130318,124.235634,-28.774725,-11.159049,64.793915,93.80858,23.123135,12.690369,-8.472618
-1467.9226,247.5828,-76.72991,16.285072,45.550575,96.68671,-37.62358,-16.747356,40.423843,87.72527,36.23022,23.000084,9.225973
-1454.7905,232.36292,-124.54314,17.365288,44.108955,35.00881,-66.81948,-3.9606223,42.480064,88.317276,24.684595,14.223858,18.463081
-1471.9698,225.71301,-167.77371,-25.635506,43.074455,24.231678,-63.217663,-16.939,15.425277,69.93213,1.3668661,2.7510452,6.540984
-1476.9541,218.72348,-175.14845,-51.809647,32.21452,13.998946,-72.400375,14.512769,30.442654,56.742615,-24.463709,-2.2026386,17.52644
-1476.6973,226.57788,-161.63248,-53.137867,22.455116,5.908135,-53.584312,27.773487,52.911255,61.016945,-13.289319,6.6190243,26.037613
-1481.3363,229.64212,-182.83826,-78.15336,7.56336,12.228758,-57.753815,2.4271307,33.680836,49.103592,-42.34405,4.807251,33.800022
-1462.1313,217.36783,-167.00928,-93.2541,-19.633734,-0.13868165,-52.493477,9.21896,46.343025,73.77463,-13.323564,10.714413,17.671333
-1324.6622,297.52206,-123.44473,-87.642365,-49.29335,20.023613,3.2350984,44.66602,17.543768,61.064346,-11.412495,9.240248,25.082129
-927.8984,351.20737,-184.64844,-89.51695,-79.08182,-35.70669,14.897671,38.13181,11.032619,27.521917,-4.0330744,37.02929,45.64493
-779.734,331.0877,-222.40071,-121.3363,-58.249947,-55.83361,-16.468414,47.25328,6.5004253,8.407705,28.257826,45.589134,60.117714
-699.2345,310.2741,-224.12794,-101.81369,-72.27023,-67.26236,-18.369022,40.388214,-0.7162285,21.989408,15.488056,55.574318,66.69055
-630.85095,290.0293,-219.24933,-98.62456,-65.629105,-60.40799,-24.609055,44.754642,-12.983978,7.0208817,13.787481,55.21584,68.24795
-576.3341,269.66534,-193.70529,-108.91524,-79.60886,-67.4116,-19.772306,32.104317,-7.5220146,-7.1777782,23.555487,67.31189,57.94186
-754.2909,373.74896,-229.01099,-88.21454,-66.69748,-77.514694,-20.997578,28.395922,-22.714958,-6.6611423,36.009605,65.72049,47.38247
-799.6195,399.0125,-223.41579,-69.00807,-92.29047,-75.17148,-0.6259556,18.291,-22.83655,-12.365137,33.688004,71.43467,45.972717
-845.2102,421.20618,-197.96248,-79.48694,-108.111725,-74.073166,39.410244,4.790228,-44.40815,-4.8399467,40.45601,80.81674,35.675385
-895.2566,416.80435,-172.42155,-64.691124,-127.06717,-60.00489,59.178688,-16.715683,-50.560905,0.37231827,34.873337,82.22774,30.833443
-990.5967,410.90533,-147.49142,-48.15264,-136.74854,-20.938564,61.37223,-39.03772,-45.665154,3.2058868,22.951159,75.129684,41.785637
-1103.5818,403.70282,-117.74065,-34.49179,-121.57432,-6.770235,42.44626,-35.735695,-50.72017,3.6964836,15.288721,73.66188,53.771362
-1192.1932,382.0692,-92.0499,-11.826626,-117.310005,17.577133,31.648684,-51.93598,-49.191525,-1.9496078,5.8810935,74.96655,65.201996
-1257.1667,362.80768,-73.81838,16.366245,-88.43852,21.298475,12.3354435,-56.34394,-36.08456,0.78790855,2.722506,57.112144,70.73717
-1348.234,360.7468,-48.46748,12.894171,-45.190197,18.162851,-7.1089296,-43.450836,-28.141872,-8.708261,14.682888,37.24912,60.058643
-1411.0273,348.2207,-50.939743,39.740147,-7.200653,15.818029,-10.151012,-20.921753,-34.7203,-24.534985,1.0997189,35.666393,44.3328
-1742.8777,312.32816,10.526674,27.39935,47.304745,24.171043,4.8310547,-23.354576,-17.897669,3.5294094,-0.66565335,36.030235,43.37628
-1883.7954,304.18298,89.609825,31.80487,81.68352,50.630665,4.962294,-0.14184141,-1.2069777,11.899291,3.5580835,6.6946955,-0.72986925
-1860.7766,304.89084,61.660053,43.54122,123.889336,68.49626,1.768014,5.252124,-5.6610327,-11.090768,-8.284163,3.9096327,-1.3957427
-1821.1013,276.2521,54.798157,71.50255,144.31831,63.92758,5.9375243,-4.314892,-1.3691998,0.47573185,-19.407598,-11.854833,-17.261747
-1803.3959,305.80167,22.019775,66.936554,148.21497,64.60176,8.034882,3.0553887,-14.62689,-9.245745,-7.401705,-13.078842,-14.105417
-1779.4512,288.0594,2.843207,72.49043,170.60675,70.20781,9.47176,6.160155,-24.100182,-15.988113,-6.579343,-16.084732,-15.258206
-1768.3872,306.09375,10.9716,52.92627,152.23442,63.84847,5.585189,18.462444,-22.3485,-4.055043,-1.3444693,-12.235148,-9.181315
-1773.0698,289.08426,0.37633562,69.791916,155.99545,70.581345,12.187962,15.724176,-24.7255,-5.2167373,-2.4143333,-7.869285,-10.901049
-1760.4656,289.69952,13.640679,49.90499,142.0497,68.681435,14.098854,22.18449,-17.48722,4.8476734,-0.47928444,-13.363945,-13.256168
-1774.2512,290.7058,6.145504,50.756897,157.66664,83.27867,8.843243,17.507252,-11.73284,-7.4416275,-6.1059384,-9.148958,-12.257696
-1746.4225,278.04388,1.1497273,61.693882,153.81631,87.19762,16.641169,6.105296,-19.14848,-15.998869,-6.9983683,-5.4363613,-0.30911922
-1776.4148,284.54633,-5.161131,56.74608,149.48523,84.84395,22.274916,7.862637,-10.041748,-12.949841,-16.65858,0.30778694,3.2225425
-1758.8806,286.42285,9.197087,43.868492,124.37605,76.13997,29.514708,12.631214,-4.8312583,-0.41578078,-16.605864,2.898371,0.59318304
-1772.1108,284.63416,2.28168,49.318947,114.26698,77.99112,48.136642,17.79889,1.79316,5.5658264,-20.539104,-4.5207233,2.8727412
-1723.527,287.96277,-15.395557,36.120266,121.42998,87.33366,33.740936,9.211203,-2.980381,12.157959,-19.944857,-6.8522983,2.9971895
-1830.557,253.50797,27.590195,23.766712,102.30808,121.50034,55.846,-14.530466,-1.5922287,37.66245,-8.182406,-7.6809454,-5.7273417
-1756.268,256.6997,-55.029465,-10.234913,61.558407,51.68035,-26.42506,-3.7536469,33.62481,43.989235,-24.948582,-10.488661,17.314417
-1771.1191,208.94498,-112.12674,-76.77818,38.801075,6.3035927,-53.066177,7.063651,48.71687,58.192677,-16.427671,-6.3141975,21.71796
-1791.8225,194.39212,-121.33979,-56.295395,50.89356,9.988264,-58.79698,7.6124535,45.083347,39.607788,-21.583632,-5.863249,16.715145
-1734.979,221.22263,-123.4624,-81.74731,38.630737,16.086811,-45.267487,18.435993,64.35943,64.56693,-16.089043,-26.970354,7.557516
-1769.662,238.73907,-95.4503,-78.85389,28.584831,30.543093,-28.731297,14.913137,34.701138,47.872913,-8.3754015,-13.177334,4.1016703
-1708.2731,248.00476,-101.96109,-100.884384,-13.355755,-2.7566118,-26.265514,25.251226,16.412697,28.539349,-10.10087,2.4070616,16.980335
-1401.7063,335.04276,-52.73004,-114.95413,-67.66998,21.147472,4.0136766,66.55427,18.143965,48.289627,-13.630051,14.39254,25.23731
-1117.8369,378.1412,-125.71985,-106.78727,-85.679306,-23.362621,3.0454588,57.86634,-30.130547,39.581238,7.825635,17.38678,21.265587
-983.62604,386.22226,-148.50757,-105.300476,-85.71065,-31.971699,-22.03653,69.548874,-24.317621,5.064108,34.74256,4.4268093,39.606873
-887.0835,388.70795,-166.12518,-89.35255,-100.22592,-23.613424,-46.520027,70.50815,-27.157738,-5.966418,35.99255,12.521898,45.296196
-772.09924,377.10464,-190.26619,-72.98341,-107.092125,-33.554832,-29.7987,46.43213,-32.57682,-0.8720083,18.861334,25.50293,45.649406
-730.5146,384.49796,-200.97467,-51.647408,-110.969635,-33.128735,-42.08581,37.933456,-44.773067,-0.017420769,27.349537,19.848324,45.90201
-726.5752,377.4481,-178.10724,-29.910707,-134.2471,-23.447748,-47.329414,26.078072,-41.88578,5.540037,22.897982,30.548254,47.55066
-756.2215,380.16467,-184.89114,-1.6349411,-145.41666,-4.5234756,-28.092018,-9.023976,-44.95173,14.350169,29.16668,18.098564,40.607285
-793.59656,358.69946,-148.68922,-3.843916,-121.19852,-3.7733269,-23.366077,-23.302338,-68.454956,31.363766,10.377545,23.773907,32.752872
-858.97253,345.479,-119.11032,3.8239422,-105.855446,21.44269,-45.514824,-45.9028,-65.688614,24.360596,8.970629,22.83329,23.497953
-944.5946,330.049,-85.16675,28.216938,-66.04538,-0.66186714,-60.4374,-46.25507,-75.70854,28.382294,9.489496,16.39611,8.471008
-1078.5122,354.25958,-74.67914,51.688488,-40.95537,3.08677,-70.12689,-76.10132,-60.479553,13.154453,13.463223,27.2938,14.108942
-1218.6035,372.74246,-65.71727,45.010822,20.59839,14.544329,-77.91086,-94.14226,-39.12091,8.400373,15.112132,29.22857,4.016823
-1381.0339,338.56366,-34.67814,46.920166,79.75452,36.298233,-65.98848,-58.89963,-28.653454,-19.775795,2.3182411,59.897545,-16.624458
-1756.2389,303.28195,35.767815,84.4814,136.35759,36.41864,-2.0028942,9.909224,-19.141914,-22.618591,-0.2917491,1.7646627,-26.489403
-1785.815,298.65643,45.88345,86.66798,135.85123,41.025948,7.8963685,30.687536,-9.097702,-27.130638,11.199241,4.816163,-30.174927
-1795.3484,273.46368,42.185516,110.568214,156.02557,43.175007,-4.897313,56.78866,-14.000228,-38.665947,28.837887,-5.894472,-33.116158
-1770.7158,284.60956,47.2079,105.926926,147.36252,30.94817,-6.218728,61.79673,-0.76534843,-43.350746,11.315521,4.713766,-35.00029
-1794.0986,281.87222,55.268684,117.649475,148.64755,36.61832,-9.69865,60.981136,7.6877403,-41.017933,9.600548,4.077572,-48.929737
-1809.8,291.0788,61.677547,119.80102,139.91296,11.775166,-9.589163,61.430405,20.816109,-38.70134,2.4456453,17.685457,-48.71424
-1539.9241,219.45499,-31.241344,153.77501,139.70023,32.08538,-16.289,-27.859684,12.749802,27.920975,-17.76691,-1.8457918,-50.388786
-1614.487,239.8387,-27.511507,157.28058,129.51202,30.712841,-30.516066,-21.374165,14.218194,21.553305,-17.956354,-11.235956,-29.008446
-1659.5903,217.32002,-26.876148,179.84613,145.14525,18.576733,-29.569147,-32.965805,8.315134,34.633743,-9.147039,-15.908703,-24.318735
-1644.5267,208.87033,-25.680544,181.32745,124.325165,31.818314,-31.696146,-21.3139,34.322342,12.11837,-18.8028,-3.9926777,-36.174347
-1583.4187,191.40494,-42.504818,194.27414,113.06282,34.779144,-36.359276,-28.541208,35.522247,15.090224,1.4934307,-17.676579,-34.010643
-1540.7825,200.39243,-72.326515,206.4078,117.95291,26.421324,-30.101847,-50.507244,6.2361336,28.276733,2.0410242,-13.403961,-24.307491
-1463.5381,175.27509,-69.83758,203.74437,120.17609,31.860306,-48.00358,-55.357666,3.2546253,19.779366,2.717781,-9.158517,-20.843473
-1424.9736,193.57986,-63.15025,187.117,113.64624,19.7994,-52.012077,-52.459892,-5.467251,26.40646,8.687677,-3.3390388,-33.768974
-1397.5603,182.75813,-31.579782,158.14723,96.55294,31.377747,-63.559235,-56.020424,-1.6948395,31.29686,21.676456,-0.35309887,-41.86343
-1394.5187,122.68737,19.562626,101.688644,65.86212,57.64178,-29.541653,-32.070206,23.998432,63.101295,16.426619,-4.107239,-36.90343
-1483.3002,154.92522,-7.821451,115.91686,69.33977,61.828156,-29.72037,-41.88867,8.064434,68.899704,21.49886,9.255068,-36.321873
-1614.7993,192.92795,-16.064753,48.134804,42.359158,55.054787,-33.35448,-8.004389,42.551033,70.06101,20.57489,20.829416,-24.974333
-1707.8027,198.69383,-46.097504,23.785706,48.832985,53.214424,-39.75894,-20.178585,47.732716,66.56181,12.468237,-7.9566154,-7.5440254
-1736.404,219.31927,-80.59579,-13.427027,47.189934,40.718933,-28.510647,-36.709816,23.64926,85.99015,22.965181,0.34566498,19.284277
-1759.4716,235.8139,-75.83634,-34.944824,33.744488,42.46116,10.661514,-4.031247,47.13509,85.95913,29.225836,12.875771,9.984997
-1763.4227,222.35776,-116.73903,-37.659645,39.737976,5.824972,-15.469841,-19.383585,11.331076,63.82997,17.56218,7.7158146,13.606737
-1716.9207,231.02509,-125.27436,-71.000084,-24.352915,-36.530857,-29.423698,-21.480768,16.68657,51.153587,2.2464795,-2.0346088,17.986237
-1685.0579,257.92786,-134.69937,-67.71762,16.289284,-6.22567,-19.708355,-15.6536045,33.63388,57.140396,-3.3769476,3.130724,19.899704
-1687.6744,206.62576,-126.3004,-91.6697,-60.522438,-6.7563944,-10.519215,-18.531582,5.2598944,61.779602,-11.124523,-2.0478268,31.054096
-1730.2438,168.81564,-80.27916,-25.348946,-39.83329,53.07424,39.726055,-9.958237,13.815197,71.33107,-3.3328297,-2.8594017,39.804058
-1622.1495,315.62592,3.6004374,-34.638412,-23.228235,21.501902,-1.692308,12.569056,8.653263,67.329315,8.657236,8.828232,46.338028
-1497.8068,326.1089,-31.282736,-30.949163,-28.023777,-7.5573473,20.74718,38.862694,-27.408037,34.12108,-1.0337206,-0.61045456,56.909157
-1416.2612,352.17395,-44.735783,-12.665824,-47.947365,-14.792313,-5.3757524,18.702497,-25.989151,7.784607,10.847673,8.075068,66.10503
-1347.3423,356.05383,-55.849213,-24.795343,-56.667732,-39.15453,-9.738287,3.6104674,-25.573635,24.266413,15.309159,17.31262,67.0081
-1283.7341,354.77426,-73.46715,-25.103458,-67.09128,-31.863956,-20.09321,6.9274316,-31.7715,19.966915,16.52117,25.370762,72.1677
-1278.7886,367.24216,-75.12072,-27.706333,-79.22786,-21.513924,-29.441555,20.749403,-22.170862,1.2070007,31.285131,34.714108,67.83542
-1249.007,348.24207,-68.79616,-15.524521,-84.406906,-22.146667,-31.262262,19.989433,-16.386364,-11.94953,35.91819,42.784798,54.207386
-1211.9375,341.4637,-81.45679,-21.3814,-76.98516,-29.655262,-29.978022,30.781273,-28.597412,-5.944454,28.984797,51.41467,46.133743
-1198.9846,328.48984,-74.49193,-16.867182,-79.22551,-33.886623,-34.038578,22.33382,-24.008171,6.82638,13.057347,55.610497,36.134277
-1228.6776,346.69916,-92.97227,-14.049775,-69.99945,-28.523556,-45.669132,43.428314,-38.92711,-11.423351,39.641933,39.02196,35.416344
-1262.0085,342.52948,-78.32515,-29.345846,-58.289436,-24.765226,-29.19603,33.16118,-36.316925,-5.9611874,32.827816,44.07602,40.398064
-1281.3849,339.82864,-75.24497,-16.6497,-52.73468,-36.247837,-28.186178,36.11866,-26.93154,-1.700037,41.332973,29.059439,29.20447
-1310.2979,342.33868,-67.37816,9.568136,-71.66736,-38.447662,-25.723001,43.296124,-20.133215,-4.053588,38.995827,18.340347,28.16612
-1288.0184,343.7278,-65.92069,-14.885086,-53.9694,-39.048084,-24.557629,52.137337,-25.187248,3.7659068,17.674726,18.15136,25.213673
-1305.554,370.303,-73.5786,-34.465042,-42.72532,-42.93261,-12.631859,43.43057,-23.91727,1.5539036,17.318386,20.852417,28.249443
-1273.0547,380.71713,-95.81528,-40.295395,-64.603775,-37.35112,-22.844019,41.847202,-18.763988,8.805265,11.047639,15.708458,31.418522
-1280.1768,380.82306,-75.39632,-56.026943,-68.21746,-38.88803,-25.197609,38.824306,-14.250225,6.1829176,11.754358,17.52145,32.436726
-1247.551,388.19473,-83.057655,-55.86276,-70.84749,-35.547985,-25.997864,25.257019,-4.6799,21.306438,-4.216584,18.2598,31.015785
-1200.4885,393.99658,-90.24449,-50.290436,-92.92312,-24.53412,-16.786343,17.683985,1.1530952,17.928555,-4.782539,11.645499,37.483963
-1178.4386,377.47528,-90.62959,-46.54761,-89.6158,-24.574116,-29.811674,6.4522295,10.65711,17.80143,-13.915037,19.404003,39.692024
-1227.3065,393.1213,-81.986206,-64.49044,-85.031265,-29.696743,-14.697472,-4.2568245,16.751984,23.581524,-34.807663,39.541874,38.323475
-1253.9766,400.1499,-87.71536,-75.08339,-65.32149,-20.506018,-28.125914,7.584655,7.271451,8.193255,-7.8292227,17.588947,36.273804
-1289.9235,379.33847,-58.809074,-63.720833,-68.34916,-26.965427,-27.291082,13.824347,6.3073654,14.591243,-14.055897,26.016056,41.842667
-1367.5522,382.4142,-41.363937,-55.735653,-40.15088,-19.586311,-26.025215,9.084,4.8454523,21.828465,-8.199854,24.010448,31.559471
-1427.7559,382.3448,-33.05593,-50.505264,-29.749298,-21.102468,-11.48156,-6.4695754,16.666306,16.326225,-24.224535,29.53122,33.10435
-1422.4324,367.53766,-22.91512,-60.60504,-20.456316,-25.926243,-34.734642,17.346598,4.55651,17.050766,-18.50646,34.985977,28.998837
-1403.1284,356.85233,-25.689125,-45.220585,-36.366615,-18.752966,-39.20224,16.050915,11.653933,5.2896614,-2.805704,34.65578,20.681696
-1409.6823,349.524,-0.34212708,-54.91771,-38.476406,-26.79658,-42.65306,23.48426,1.5020018,24.585224,-13.047251,42.4472,18.86253
-1392.9971,351.76096,-18.456768,-44.818295,-35.633503,-38.400253,-31.849072,24.303654,4.134203,32.465744,-25.23988,45.78646,25.6279
-1385.5978,347.37308,-1.4657564,-52.930687,-41.04042,-27.404606,-41.45011,38.818943,-1.2229967,24.74141,-13.855271,38.67001,25.567913
-1317.5696,354.35056,-22.909649,-50.82724,-62.680634,-13.904277,-31.289186,21.518547,15.1039295,14.856739,-21.779655,32.937603,32.271317
-1281.7944,356.5623,-36.65281,-52.679955,-71.45906,-1.6898565,-32.03566,24.79928,7.3029423,24.03231,-21.02191,23.505745,45.969795
-1297.189,366.35352,-52.387337,-57.265907,-71.622055,-13.658129,-8.245507,17.342253,-5.0036983,31.841553,-39.4795,27.903984,40.589653
-1325.922,363.46896,-40.15767,-58.18552,-82.490166,-6.7253695,-7.6919174,9.231203,4.7903967,11.839712,-25.63698,31.1891,36.03398
-1323.3188,343.64688,-38.223564,-36.172195,-84.65467,-22.012432,-7.1211023,20.485783,1.1256294,12.23231,-23.886875,26.818928,37.670074
-1312.6935,358.5064,-38.567833,-53.512222,-73.010635,-14.834852,-6.1019545,13.7516165,11.46603,20.065502,-45.612045,47.41788,44.433113
-1269.957,357.19708,-22.854244,-65.88393,-93.820984,-14.910655,-1.2607117,12.109549,9.567743,26.598988,-41.77053,39.531002,45.519157
-1216.4379,351.28586,-40.489815,-53.34262,-107.26036,-16.25345,-19.7987,18.791931,15.713672,14.142303,-47.083042,43.070843,44.67104
-1292.9869,394.17834,-35.24592,-69.46562,-89.8806,-34.683323,-10.222717,21.525272,9.68977,16.213556,-38.785458,44.97654,40.55256
-1220.5059,368.88007,-24.155977,-87.31571,-96.20555,-28.68509,-9.700981,18.140232,3.1152744,38.62445,-63.054844,56.188774,38.26023
-1249.7279,377.31903,-45.876156,-58.68337,-109.05346,-39.42032,13.950776,-12.128371,0.7329254,47.387333,-69.66944,56.490894,42.739906
-1244.593,369.12152,-52.227425,-63.547142,-99.60527,-44.951904,2.2130413,18.70628,6.815466,23.257679,-55.988613,41.332317,53.93177
-1286.2041,368.19232,-51.692413,-70.64335,-96.58404,-24.229961,-0.6314516,25.712107,7.877054,6.6189137,-58.57045,37.818283,47.415367
-1279.3456,364.82062,-64.97804,-52.142643,-104.094864,-17.819603,29.824165,6.140916,14.308998,7.006531,-62.017513,41.540596,46.64937
-1252.312,339.3666,-45.669884,-55.77038,-103.21087,-3.145565,7.6438437,25.613468,6.730033,0.08868027,-55.351894,38.563137,33.441998
-1254.29,349.33838,-38.10234,-70.88257,-97.29657,-13.095003,23.852688,23.353077,1.2265244,13.260927,-74.17131,47.09294,44.920296
-1283.0286,374.0843,-51.93789,-72.63738,-76.198906,-32.547073,11.020388,35.01644,0.34210968,7.240797,-61.69582,38.34613,42.90669
-1316.862,386.3921,-32.732246,-86.30948,-74.55702,-31.966267,-12.843153,44.551834,6.0754557,-3.53228,-44.87416,36.488922,38.03197
-1301.9767,379.51303,-47.0079,-74.45377,-78.642105,-24.422697,-16.909857,31.48825,5.7436714,7.374035,-39.264984,34.184025,47.85581
-1305.1033,366.8026,-40.193317,-63.22253,-89.62354,-22.784115,-14.46368,34.821003,5.5911617,15.032088,-37.352104,27.297401,51.833443
-1423.2146,388.69727,-22.554726,-64.34075,-63.779835,-33.624634,-20.505447,42.37561,5.627178,10.236662,-22.8267,24.106756,49.072163
-1508.8385,380.3084,4.1290298,-72.78194,-34.750374,-15.075233,-35.875755,39.053482,13.267479,17.809113,-19.444693,16.430374,41.512367
-1548.334,376.80762,-10.461188,-63.600807,-39.34827,-9.836485,-10.031267,26.90658,28.717262,8.515664,-47.563255,27.371742,42.45677
-1539.8086,369.71667,-20.582932,-54.684883,-38.412537,-5.917697,-3.1896677,22.751602,31.090488,1.3019137,-39.91391,16.973478,39.41042
-1525.183,334.1627,1.1063967,-38.92694,-59.98741,14.030872,-19.150023,20.303951,20.626713,15.509413,-49.0947,24.695345,41.433277
-1478.545,344.13354,-28.228188,-37.034184,-68.26874,-8.861825,2.1668205,20.392576,25.35123,11.095467,-54.795532,30.134773,42.337017
-1455.1396,329.12448,-18.5349,-16.823185,-68.46387,-21.578318,7.223299,13.996258,41.641525,14.783049,-62.017662,38.232033,45.471115
-1450.8506,349.78632,-30.1535,-33.25241,-77.59584,-17.595043,19.809118,12.579102,32.679367,13.230057,-68.72192,38.708412,43.621597
-1462.9065,353.69086,-10.119598,-42.380596,-62.945885,-18.466831,-1.6691914,26.336927,17.709576,14.243093,-51.255466,25.480503,45.610336
-1493.155,357.89642,-5.861752,-20.01334,-79.75298,-9.848642,12.371826,-13.779594,28.680939,22.775225,-58.426605,25.127592,40.47583
-1527.0686,366.52393,5.7511625,-32.396942,-61.933784,-8.101863,-20.908253,3.2301998,34.28096,4.7844353,-41.29708,32.5953,39.08647
-1541.9622,343.19928,8.7793045,-26.286312,-61.395622,-13.6292515,-11.215147,-1.6679413,27.314457,23.190525,-39.822178,23.44727,38.564762
-1600.4653,339.73834,-5.3420353,-33.111015,-35.514256,-19.394459,-13.158903,11.586453,48.227226,16.658428,-44.463966,39.45612,39.16877
-1673.9354,339.35797,38.742905,-65.10708,-39.535114,-0.7786207,-17.490398,26.233181,47.420692,6.0986633,-23.529125,29.051933,44.664757
-1689.2303,325.33063,28.145325,-33.445885,-32.916004,-1.7792728,3.3992577,20.49741,40.67331,15.074498,-39.324543,31.44587,41.356506
-1697.667,325.56158,9.385204,-30.551514,-5.598675,6.261265,-8.134702,8.171389,41.849518,7.2195783,-40.29695,19.580486,40.202873
-1697.5251,318.75125,13.684971,-36.88495,-12.669813,21.583239,-7.4629745,6.998193,38.103714,5.0372906,-46.02219,15.122963,45.89987
-1674.8745,309.0816,11.236269,-10.217509,-22.83704,5.9945,5.73207,2.2516208,24.94245,9.691257,-44.571312,30.038738,50.481895
-1676.8928,310.15158,15.015497,-31.408669,-21.451632,7.9943924,3.5838923,7.939975,28.871582,7.464672,-36.661655,29.92263,36.802185
-1666.4197,298.10587,10.410734,-18.74487,-39.118492,13.440983,4.903056,-4.9623337,30.85744,2.0690565,-38.45081,31.992302,47.444904
-1698.7588,298.0968,21.119175,-30.492441,-12.475569,28.180626,-9.875431,-0.30239296,36.843796,20.34462,-33.90497,23.314,45.495216
-1711.0702,278.43164,15.767924,-24.693602,-42.14458,22.809181,21.343502,8.497271,44.598347,21.660965,-18.257946,30.412437,48.791172
-1956.8792,260.18573,2.1144307,-23.171286,-5.9629602,35.445515,37.797863,9.980423,41.90625,37.212273,-27.881271,22.264906,46.505524
