-1768.1311,191.84872,107.579544,80.47575,47.490746,40.272354,31.672884,11.641571,-9.538391,33.469097,5.639473,4.4531527,8.276817
-1779.8595,148.4339,121.9862,54.775444,35.338768,42.32935,59.60994,25.979565,-2.0835633,28.520592,9.211433,11.641109,16.02104
-1768.5245,131.58646,130.96097,51.605656,21.90895,51.840656,71.509476,36.745388,2.849762,12.618077,-15.222497,-19.170433,0.9737877
-1732.8203,127.06787,133.42358,78.83807,24.481146,47.866837,69.67589,42.171856,9.738096,15.180347,-16.67858,-17.109234,9.467066
-1555.7756,46.910248,62.543816,165.20343,-38.082787,7.6847115,131.67818,26.607176,-10.780643,5.18629,-12.901181,4.175065,-6.099077
-1309.6389,-51.37305,-38.981026,275.55667,-72.45978,-23.370459,130.90472,15.475763,8.855003,-7.0192676,-8.232751,14.589689,-13.590759
-1197.6642,132.50945,-64.92898,3.541497,-38.470215,-2.751418,79.2954,48.387,-19.72729,42.57086,23.379246,3.3456707,1.1053867
-904.0884,83.94055,-12.434603,83.95168,-19.751724,-15.452404,61.49035,40.50126,-36.910477,6.3927164,-1.7797649,-23.089756,18.192953
-892.3881,214.46396,59.64859,100.12088,24.945272,-55.764404,-82.60922,5.249528,31.53697,3.467759,-24.072828,-10.867511,21.164728
-903.80896,359.86557,49.11879,43.536716,56.381947,-109.75644,-160.61047,58.824085,26.7845,-14.755854,-13.928016,-23.054731,15.31524
-797.43896,370.30167,24.04412,41.50402,68.81491,-125.75467,-170.89655,24.76461,32.712013,5.0602684,-40.848625,-10.180254,38.482445
-678.3799,334.83374,5.882762,58.51838,40.74233,-114.28724,-133.51201,-26.208797,25.619473,14.184757,-37.79791,-1.8687978,48.167706
-635.31213,337.17392,-7.834963,47.781006,23.621304,-98.10334,-135.32034,-20.963196,10.743089,13.672163,-33.987595,5.365919,41.263893
-687.0008,353.52814,2.334525,43.48887,25.478502,-97.94533,-157.59253,-9.22554,31.053333,2.017202,-32.29348,16.030155,31.983978
-818.7784,393.663,34.4797,17.136707,62.34911,-130.22726,-213.17682,48.010246,66.957,-10.648859,-58.26053,34.32715,11.031368
-788.2401,384.64413,40.3093,21.140837,52.26146,-150.17807,-205.16933,57.974224,75.56142,-20.574234,-69.191925,43.562263,-0.24381256
-738.4258,365.41602,32.92495,38.737244,21.705887,-139.18695,-208.2498,45.46296,80.97214,-23.126297,-66.14339,50.170982,-13.1174965
-738.94006,376.4186,28.114706,20.948362,28.337412,-140.87451,-222.84146,52.748447,74.72506,-25.502954,-55.698227,36.743736,-14.616957
-669.4197,335.93616,24.129948,30.60973,14.957009,-167.1699,-196.18863,39.638527,53.479515,-11.381931,-50.57994,11.261959,6.165613
-624.71265,305.99545,15.697266,44.040955,-13.693829,-158.51613,-208.60796,42.8434,55.159996,-22.672546,-53.118206,15.250562,8.599993
-677.19434,326.5406,26.180647,25.78103,-37.899628,-159.00876,-183.21063,37.728252,31.150347,-16.859257,-50.380096,23.212208,15.230101
-602.9385,285.02875,4.7358217,25.610958,-49.80203,-156.00476,-166.51776,12.286783,22.826612,-6.4138947,-52.198994,37.808014,14.139292
-595.9327,292.36765,-22.600475,22.88464,-43.778126,-156.4295,-157.47725,3.6967168,22.938038,-10.505052,-43.93731,33.176315,24.962135
-600.8455,292.39493,-16.299925,23.73123,-45.2203,-146.95186,-156.63457,12.493124,18.747683,-0.4854164,-44.754036,37.75529,22.770533
-603.19147,283.1211,-2.8447976,16.31201,-45.192482,-148.4018,-168.22986,12.453016,26.403912,-4.2299232,-46.060925,33.34617,15.48985
-531.1841,270.01785,-29.033848,32.11275,-63.260902,-146.64838,-127.484634,-13.401303,10.358574,0.7271614,-19.569815,17.915035,13.992847
-529.6084,278.74432,-25.544693,26.833395,-61.27298,-148.21158,-114.13104,-15.165423,-1.479085,12.576246,-16.85678,18.837458,6.5849943
-491.16272,270.52466,-33.967613,25.833225,-64.55077,-131.50935,-124.22224,-5.749815,-13.596497,10.726756,-15.118589,30.033527,-8.289629
-481.55994,264.55518,-28.589228,21.142452,-59.594543,-135.49954,-125.30202,-3.5134478,-9.774018,3.2171926,-18.029715,34.654797,-9.414935
-513.8162,271.35333,-20.906185,21.60862,-65.65357,-139.07274,-128.29103,-3.2238216,-1.2624938,-11.222515,-10.505763,30.637363,-3.2902467
-561.0,271.88953,-12.826385,36.727608,-59.706833,-153.90923,-150.11264,11.6451645,4.8572454,-0.47159767,-33.3733,32.799522,-4.733508
-721.68964,318.99585,1.8980494,33.920498,-31.546253,-187.03073,-193.56763,50.55473,34.604202,-10.464485,-62.76194,24.99366,-3.1082134
-789.5459,343.3429,-3.230626,14.9286,-4.421342,-185.4648,-213.94244,71.20086,27.54868,-12.602397,-53.073944,15.364896,-4.9075127
-860.267,348.01147,10.702568,9.233543,12.9685135,-207.09406,-213.52124,83.65135,29.113129,-2.02145,-64.67087,20.869585,-25.334705
-829.7825,330.00586,5.1328583,8.154689,2.2080193,-177.32477,-220.54678,83.21291,49.21518,-13.343384,-57.57795,17.356731,-15.572037
-877.0432,342.35522,18.77889,1.7203922,8.5885105,-183.77382,-232.07642,86.09494,67.45661,-5.286516,-56.206562,5.814086,-34.344597
-884.47186,360.8714,17.414482,-3.775855,5.737732,-186.51501,-225.55704,86.807526,58.64437,8.581306,-56.672646,8.783709,-40.80842
-888.7021,355.2866,23.515162,-10.8806505,5.600136,-190.99939,-205.53546,88.918274,69.13622,20.165531,-62.029663,-5.4815426,-29.732803
-878.0564,353.23672,15.297478,-23.294628,5.3063126,-176.18481,-196.61905,103.21234,59.178917,31.178005,-81.75976,3.7417755,-28.3731
-866.9407,344.02774,11.221174,-11.569595,-6.2265415,-159.78412,-196.59306,103.18221,58.55414,9.363786,-63.511784,-9.4558115,1.3304405
-887.7249,340.60947,19.772047,-6.2437134,5.1028786,-145.47473,-191.30893,94.042465,48.681328,18.2677,-69.2077,-0.47960472,2.2454472
-892.1427,338.8263,22.546236,-7.1201525,4.017041,-119.55532,-185.65973,94.63234,41.625538,17.030476,-72.90282,-8.404342,13.639355
-899.322,331.45435,-3.625722,48.904953,-22.879328,-104.10416,-117.95772,51.414787,39.026047,18.049347,-95.92921,-9.8984585,37.171852
-920.09644,313.1054,-8.907219,39.261253,9.195669,-101.77209,-99.528946,70.282326,21.5808,-7.979726,-98.17438,-16.202385,34.09887
-1011.0654,322.08557,1.4351578,40.77362,22.198833,-87.70398,-77.76422,79.88738,15.583104,-45.567043,-78.4721,-29.623653,8.488801
-1139.3785,294.62372,16.01653,84.27839,39.53959,-74.12058,-63.40203,61.334564,1.0658808,-54.293022,-59.95886,-32.008537,-6.1050634
-1392.1346,255.14697,38.428806,90.26434,70.06987,-56.81383,-27.310055,82.29148,-13.6753025,-60.317265,-43.969147,-30.10925,7.949669
-1649.0048,225.03558,155.15445,74.1113,38.018223,-13.8429985,-6.4866657,47.238632,-6.6741543,-19.43094,-25.704414,-21.550413,5.500595
-1715.8113,212.39813,171.13275,71.049126,24.435003,-8.4546585,-9.989655,12.182505,-15.922277,-3.8676224,-23.980625,-21.348516,28.174719
-1737.3223,200.27084,161.81349,53.135986,11.7645645,9.679436,8.877557,8.404251,-24.422688,10.039605,-7.232737,-19.450428,9.602443
-1556.6836,149.58311,-12.256222,77.5168,58.04995,-7.004396,45.28208,25.625212,-50.680473,-4.6098056,21.067938,-3.0618234,-9.066401
-1229.4592,98.54439,-116.09348,112.23596,33.18487,22.353878,70.10036,26.134052,-53.68979,-4.796156,20.003717,-11.003658,-7.5587063
-1289.0496,155.3759,-98.50336,130.97972,99.706116,47.50479,23.959835,-34.514843,-70.19232,-7.3366756,0.49427867,19.96256,-13.581097
-1181.7423,182.4771,-126.98259,126.75848,129.52817,62.879868,0.12941551,-66.519325,-57.13504,-8.572289,1.7952696,29.659523,-28.744354
-1080.2958,174.86987,-154.04861,139.01468,156.49765,77.41562,-11.877766,-87.91903,-73.87489,-2.3062706,-8.12708,36.604412,-50.952698
-1033.8977,175.2779,-160.47682,135.23735,174.77348,86.170784,-41.856094,-103.74558,-74.372345,3.0070152,-6.5653243,37.69829,-50.2642
-986.23517,129.78804,-139.52109,126.62439,157.53802,117.10191,-52.438736,-94.474625,-64.506836,7.4941473,-20.648129,28.256218,-60.4086
-991.0714,136.94998,-142.1202,117.43091,172.45699,117.272644,-78.872055,-93.18214,-62.371834,19.968948,-0.971178,16.03077,-51.42302
-985.28516,131.32837,-135.03093,107.9611,166.883,135.86217,-78.8006,-82.86702,-56.61391,35.368874,-18.067886,8.201397,-45.178265
-1011.3095,147.63765,-145.3978,120.11871,169.42593,115.34204,-63.648643,-96.39328,-43.929676,38.219498,-15.638844,10.565401,-60.44813
-1007.11694,126.44542,-127.15648,129.2892,167.62515,118.04352,-84.176445,-74.38563,-56.893272,42.794464,-1.2398504,-5.931835,-36.85676
-1051.1362,141.52753,-133.19835,135.85503,177.5849,94.28504,-62.373604,-64.383354,-45.12101,31.894753,-19.25859,5.3578615,-59.044632
-1098.8723,148.41542,-120.77377,146.46097,193.85538,74.57474,-71.82589,-64.11937,-54.2866,33.763435,-13.346736,7.6637726,-57.629425
-1084.6785,167.95346,-125.67791,129.15985,171.82971,79.04019,-79.17211,-35.341503,-32.23769,26.932652,-9.357611,-13.845188,-54.937252
-1108.7769,159.70761,-121.95694,131.53137,195.25275,87.23924,-84.49365,-53.453667,-36.964127,23.171467,-12.713363,9.315872,-68.14201
-1107.5122,154.6337,-109.62421,118.920006,207.5292,93.03677,-98.636795,-48.45961,-52.89383,35.519768,-12.936213,1.447031,-54.996643
-1113.2101,161.1171,-105.830956,114.11382,207.9166,93.71897,-100.222916,-55.61841,-49.343857,30.668568,-10.670643,9.553864,-61.4321
-1084.8193,150.8807,-110.41731,107.28497,203.88208,94.9945,-87.19466,-48.21222,-51.308228,24.40645,-10.895772,7.560587,-66.13336
-1095.2212,171.39774,-119.52561,119.29318,189.45177,101.2658,-91.45201,-64.01187,-34.904427,1.800663,-0.65726966,10.91844,-65.111145
-1077.6035,163.82175,-129.5243,126.11428,190.31407,107.555916,-96.181076,-52.332176,-44.15986,-0.7145468,12.327947,2.667748,-70.61082
-1059.1561,151.0625,-127.244125,136.22997,184.00194,120.085396,-105.22066,-70.418076,-26.95539,-9.046545,10.762714,17.282602,-87.66739
-1051.5453,139.97989,-126.41211,127.565094,183.57974,143.25723,-117.5553,-49.71942,-51.158424,-2.6908693,13.315028,-1.5809441,-64.36138
-1023.8186,141.56018,-122.82032,133.60588,160.7668,147.7089,-126.121994,-59.739216,-24.25898,-1.6917205,17.163961,3.6502829,-81.56968
-1019.88434,150.06105,-119.61326,111.204285,173.71432,145.9031,-114.2888,-64.50586,-42.74205,8.560688,13.31632,7.6222196,-64.81908
-1006.0462,147.46924,-137.14935,138.60742,155.18735,144.68454,-92.909294,-77.81732,-26.441658,-0.30629182,11.739134,4.08529,-85.07927
-1000.5751,151.32985,-125.34956,120.809395,143.70901,153.47617,-102.0824,-57.900578,-45.080482,11.4770565,10.558812,-6.3657513,-58.855255
-946.18945,167.60071,-126.15506,90.62508,127.14853,147.57745,-87.907074,-39.44315,-47.775436,10.940968,-9.746203,-15.442646,-56.18966
-1001.81134,148.71997,-113.53822,104.12736,161.02637,160.31705,-109.27507,-64.34277,-38.83544,2.3252745,6.9488926,19.825115,-85.02041
-1039.9537,164.15762,-118.26734,102.27634,186.2869,147.75723,-106.163864,-64.42766,-68.720535,6.8423777,13.124103,16.338123,-70.18233
-966.2982,177.88248,-119.762115,78.510544,130.92154,139.14467,-77.050125,-67.46879,-37.919407,-4.2926445,-3.3810248,25.86611,-90.3598
-1002.74,158.34102,-119.35864,99.01207,162.37674,145.15442,-80.51695,-93.20761,-43.514343,-6.7223053,2.482779,44.744297,-114.56143
-974.32916,137.61725,-114.80617,102.03538,161.56174,159.14366,-85.00779,-97.987946,-44.922737,-15.879478,-9.541677,65.60025,-133.57635
-980.5595,167.72043,-117.59152,84.85124,167.82991,134.8609,-67.29647,-106.089195,-49.577972,-11.821461,2.745801,41.404682,-111.59573
-977.037,170.50461,-118.85028,96.20893,187.62695,119.95328,-63.51261,-92.9493,-66.22303,-16.291574,-6.799313,33.38311,-102.45008
-952.2378,184.97208,-112.94672,101.89308,174.63483,107.589294,-59.945942,-84.84234,-81.15868,-18.358868,-12.986066,29.546497,-86.21836
-874.0074,160.60815,-105.414,129.24701,120.954346,100.44559,-22.848314,-96.37964,-71.27933,-16.567993,-39.563198,23.381092,-81.95543
-855.8187,158.8937,-72.380035,123.15717,105.843254,87.302986,-26.686892,-75.09593,-96.26643,-2.6114779,-58.325768,27.94019,-71.377335
-899.0316,188.52037,-70.482895,119.67912,103.487526,63.528046,0.7830132,-59.50961,-77.99589,-49.28737,-56.831833,18.852531,-55.13729
-940.20654,186.34637,-49.14707,170.12776,52.56968,16.50955,0.5245371,-15.806086,-63.09471,-35.329216,-88.43723,-3.155281,-36.309875
-995.8078,203.5513,-57.78318,194.12448,-8.688928,-14.167789,55.759842,-0.0795455,-33.35652,-43.819687,-100.778404,-32.470985,-21.529205
-1166.7635,225.39246,-38.954918,164.00699,12.444316,-15.524124,38.992714,11.054679,-5.149478,-20.40712,-89.54283,-62.80066,-9.773607
-1402.3612,197.8088,25.061865,130.6979,-7.93207,-28.37822,58.242542,37.830643,-14.630562,4.779114,-54.576168,-37.68901,1.7774825
-1594.7941,167.98935,50.586273,93.59032,16.09425,-14.470904,68.25461,45.228153,-39.257996,1.1298523,-15.521114,-27.149782,-6.081583
-1673.083,142.24968,91.464096,104.12311,24.90415,-13.029998,33.91799,34.83718,-18.212523,15.25036,-2.7443223,-34.693756,-6.177727
-1633.2146,116.063805,94.68854,144.21579,20.300022,-38.336018,18.392,43.73053,-39.2069,10.239981,8.601844,-21.657074,7.812152
-1647.847,107.23528,74.22363,142.18713,37.954887,-6.4331026,8.155294,57.586647,-31.965658,3.3401608,6.7063665,-18.797947,-5.3282566
-1371.7272,83.46152,-40.26221,176.21526,26.583588,-37.724503,45.39273,42.719482,-48.497387,27.603003,-2.0779462,-27.841192,-0.15654373
-1239.153,145.18103,-8.954737,162.44678,4.604434,-50.755665,15.655116,22.47515,-50.914642,24.897676,-14.456037,-37.195244,2.7091389
-1360.4988,248.82086,39.599854,132.34613,40.891846,-55.727863,-46.10716,0.40031862,-11.656872,1.2574363,-16.127588,-16.23912,-2.530191
-1403.2844,262.76105,78.38085,143.91681,54.453667,-76.456604,-63.09112,25.632244,-27.52336,-37.333893,-4.126724,1.8091698,-11.330851
-1447.8016,304.02515,104.11505,151.68732,17.519941,-81.91057,-60.527454,26.278248,-7.4455585,-56.559044,6.500257,7.87134,-31.896765
-1456.552,320.07764,133.35135,148.25198,15.222952,-73.68227,-76.813705,10.924223,5.885212,-45.872726,9.383936,10.605501,-39.993763
-1405.4081,335.15228,137.56279,151.6428,7.8264914,-80.58223,-92.13205,27.888098,-9.353714,-47.853638,26.887434,6.830038,-50.031487
-1374.1008,344.69846,149.74203,157.4524,-8.300191,-75.0554,-111.351074,13.930932,11.580641,-38.50155,18.960384,8.677551,-62.37491
-1320.0051,349.11633,134.52061,151.55118,-15.828287,-69.464355,-108.1819,6.678046,15.917149,-37.40309,6.792065,12.194899,-51.416225
-1298.3517,337.12207,139.65833,166.48906,-21.4915,-71.48348,-111.094955,7.062838,19.318586,-45.046227,8.049761,12.304636,-56.61995
-1284.7242,333.1056,143.32866,161.08064,-13.899287,-71.52299,-117.51305,12.810755,21.493849,-50.79951,4.307714,3.033451,-54.47151
-1285.4719,322.62122,164.87305,155.84998,-12.062858,-46.42621,-141.4708,25.475235,3.299242,-38.630264,1.7912437,-9.481661,-46.02613
-1271.2393,313.02045,172.49736,149.09802,-14.210114,-36.59304,-125.587494,15.575081,-8.739075,-51.82504,1.3461474,-0.59934235,-50.43594
-1241.6089,294.37128,169.745,170.90982,-32.84618,-19.190628,-146.2294,35.316902,-13.734491,-60.748966,-0.81290954,-18.245174,-29.015764
-1313.0576,317.37384,181.27992,170.9397,-9.968799,-48.210815,-126.71041,18.452244,-6.601431,-56.832165,-10.713006,-13.4955635,-42.615944
-1321.7119,335.94366,176.2533,155.45798,-4.602825,-56.54904,-108.72652,9.302868,1.123146,-72.48846,-19.44454,9.358284,-60.430477
-1321.8038,321.84753,190.50784,149.44672,-5.543885,-37.56498,-118.30672,-10.535014,3.8970432,-62.84227,-24.190397,6.332184,-57.763245
-1311.5348,330.28433,165.48141,155.49365,-2.727212,-45.373543,-105.48976,-9.533503,-0.27649117,-75.603424,-17.464079,5.223942,-64.255585
-1333.7024,339.614,163.49496,160.00455,-4.922938,-53.431076,-93.22324,-14.413277,6.8790874,-76.97577,-19.954533,-5.5209007,-60.282776
-1342.5615,340.88116,165.27487,149.5268,-19.1647,-47.497734,-76.322784,-19.799343,-4.8901863,-76.66609,-22.33497,9.432644,-63.23602
-1335.9629,329.28918,167.90845,156.801,-20.241245,-49.702087,-93.42438,-14.632757,-5.0476894,-70.78783,-24.68051,6.9667053,-62.315407
-1328.2098,323.61053,173.56639,144.92915,-2.5282404,-47.68847,-98.42611,-32.286736,-5.5128574,-51.404625,-28.877832,-0.64369774,-55.907257
-1345.2898,330.40863,175.88278,149.1807,-7.076266,-52.98423,-110.64975,-14.852333,-11.925501,-62.23309,-15.045249,-1.0056953,-56.959785
-1327.2034,337.76404,163.21387,141.02628,-8.616134,-40.118824,-105.581055,-29.406818,-7.2699795,-58.755753,-26.684675,13.434509,-57.379074
-1340.2339,331.36993,186.25195,151.60013,-14.585996,-68.432755,-97.8545,-12.2887535,-8.927515,-69.386986,-18.22125,9.989845,-56.32303
-1312.2616,316.3214,198.02832,136.83401,-8.748816,-60.23432,-105.126854,-16.990034,-2.0923786,-70.38182,-28.685177,20.687511,-63.315765
-1325.7365,335.8186,189.04218,132.3279,-2.6120443,-60.214935,-116.61041,-3.6940858,-2.1970634,-69.867256,-30.202103,6.107338,-57.873856
-1301.4824,329.83234,189.74599,120.34503,10.009613,-71.36743,-98.548325,-19.969337,-13.214917,-53.89703,-25.288498,-0.18068314,-44.747166
-1298.7396,332.52606,174.53397,147.69576,15.302249,-90.90965,-98.04547,-24.866013,-7.182905,-59.253616,-12.138319,6.6345196,-55.166954
-1314.7017,354.95746,160.65747,134.19308,10.921841,-75.7876,-103.10643,-24.853565,10.738127,-66.717735,-24.82455,13.501678,-67.371025
-1259.9501,322.27094,177.61935,130.15868,-12.683989,-70.391205,-95.48699,-33.48674,19.61823,-67.411865,-26.78137,19.226658,-64.256935
-1282.3552,327.43756,173.38507,144.72316,-17.740414,-83.88769,-102.30145,-26.869759,20.775272,-66.04533,-8.681037,5.2330093,-74.6176
-1273.3878,331.11243,172.39984,119.2483,-24.58163,-70.58156,-93.55388,-28.319435,10.224319,-66.73427,-0.9358327,14.48251,-60.49846
-1289.8239,341.2139,128.20953,134.4884,-18.415806,-72.1017,-88.02748,-46.631626,1.4553509,-36.98867,14.858252,3.3333511,-60.341156
-1353.6589,327.8139,139.64505,108.97151,-16.999863,-79.87548,-59.890312,-25.359337,-6.0002146,-10.090349,-21.896923,6.565437,-27.356602
-1512.9702,330.341,151.60358,75.067085,-6.4095616,-48.890816,-67.00171,-3.7697706,-0.23453331,-13.127329,1.3722312,3.8992696,-34.794937
-1731.9315,288.5411,164.98663,57.20126,33.262978,19.237173,-30.460209,0.9759283,0.013743877,4.235489,-2.1991956,-10.196336,-15.376944
-1776.5376,250.81747,154.87143,42.83576,53.18317,51.514107,-10.172662,12.338195,-2.5149574,-3.7524414,-9.214117,-13.934206,-5.91179
-1817.6036,239.60767,143.60849,38.41897,43.268494,46.287872,-2.3581164,27.41497,6.7059045,-2.1807246,-1.3122505,-10.912241,-19.037785
-1839.8442,235.50545,163.94199,49.327347,38.9268,42.05358,-9.795918,19.01802,-6.29233,-3.4671693,7.7679925,-11.240171,-0.64461684
-1850.4482,227.79834,171.58185,50.892445,37.823406,52.328835,1.131783,12.1766815,-6.427136,-12.089238,-12.805138,-5.1513605,4.717365
-1786.0232,221.1511,155.70526,43.277725,36.141975,54.359337,14.2944355,16.46735,-9.185432,-5.49335,-4.402136,-14.337796,-8.717451
-1560.8174,293.24188,127.213,36.756943,11.422426,-12.699094,-17.509499,22.73012,-20.228287,-28.696993,-8.4760275,-12.628305,-16.232574
-976.9029,352.7085,49.42169,62.771458,-5.0111513,-119.88934,-122.84326,46.726105,-7.827218,-73.28695,-17.892422,-11.166494,-25.50174
-643.904,305.0415,8.804199,33.431164,-57.214344,-114.58368,-92.845955,16.332775,-39.84992,-39.613415,-31.056894,0.66571426,1.9469528
-541.11597,298.0763,-21.936777,3.0699062,-64.8127,-118.846756,-107.4684,50.1649,-18.609411,-26.812206,-31.714201,-11.505764,-6.7107296
-527.59143,316.09955,-43.910442,-13.529634,-43.460773,-124.481384,-116.90597,57.343044,1.6921406,-33.896996,-11.629989,-18.286385,-22.735662
-526.6079,295.2519,-21.36399,-17.656841,-37.88348,-130.93553,-127.55273,78.285385,-14.882487,-30.461866,-17.943775,-11.767702,-17.396454
-469.8946,264.80338,-28.79316,10.595617,-62.94048,-127.20377,-128.37317,59.223366,0.017213583,-18.460468,-24.283123,-18.127666,-6.916747
-444.99585,245.85799,-28.02131,22.767857,-71.87372,-141.27557,-106.916405,37.789215,22.81407,-3.8194528,-22.237003,-17.656975,-17.604834
-516.004,265.1092,-26.579296,50.903435,-83.40145,-161.20709,-123.70563,52.97005,41.762257,-16.528236,-19.4626,-17.63401,-28.720097
-668.4076,322.63086,-17.746237,18.295822,-18.229038,-174.57767,-175.0997,109.519714,-5.213732,-7.7259254,-23.070559,-21.64478,-32.27485
-736.6821,324.80887,18.54326,16.775331,-5.7280445,-179.5177,-203.65445,132.90297,-11.282156,-14.7390995,-3.9915316,-28.576899,-50.757935
-825.344,331.70544,50.62579,29.670486,-2.8749695,-193.22476,-195.08325,124.78975,0.9146271,-24.305496,-8.044445,-19.663582,-54.848686
-924.07825,328.90622,55.422577,85.34378,2.893547,-180.43213,-183.32938,113.63497,-32.302387,-15.708496,-10.956022,-22.47467,-40.35351
-1007.76263,296.22852,111.003006,83.24835,10.935625,-147.1777,-185.3736,103.07055,-67.820114,-6.677466,-12.395452,-11.529728,-25.949413
-1056.0027,277.0256,126.36864,83.41836,0.0627203,-119.04892,-176.59084,110.61649,-68.50379,-2.409399,-14.59252,-12.664618,-13.9094715
-1182.0537,300.28293,106.53318,77.45096,14.567567,-97.431885,-169.19415,100.89305,-40.010162,-7.162258,-1.5561507,-17.607471,-26.466972
-1272.5925,268.2246,110.54693,94.20103,-6.9003143,-50.436413,-161.0847,89.68015,-33.003914,7.5568733,-12.746232,-22.936823,-0.7272968
-1422.6267,256.5885,93.85516,120.98028,2.9995012,-59.32617,-93.01843,49.435234,-19.575527,-0.78573895,-1.4150336,-29.054749,-2.7832193
-1660.5771,219.37025,112.27647,102.56423,10.72455,-15.007219,7.2842083,39.530445,-16.522507,9.877123,14.283501,-34.642303,-10.400589
-1785.4429,221.05156,129.14975,73.10271,33.834156,14.888205,-4.1937294,21.580233,-7.439381,7.193696,-16.781197,-30.11406,-12.834475
-1510.4076,205.80722,-30.466095,86.917885,-6.424979,-12.985196,47.771694,-3.4751196,-9.356401,34.230774,-33.50024,-20.061928,35.0903
-1608.5789,166.43001,-29.562042,70.87886,-9.513705,-15.706677,52.47065,1.7807817,0.89219475,51.53856,-21.194872,-4.3247013,50.554512
-1733.5432,119.35158,-0.79286957,42.00349,-17.761623,-23.828495,24.743217,-10.2534075,-19.868168,43.68445,-6.5429077,-3.8805923,54.59316
-1272.5851,220.30463,-125.79932,114.01469,-29.126291,-36.622437,65.60245,-21.455845,-2.3287468,46.538677,-38.238033,-8.392841,44.19388
-1811.322,139.83519,24.4607,70.70917,-3.955481,-4.6907387,33.38069,0.44531012,-10.295273,42.93792,-5.9738975,-0.6288147,61.01329
-1425.5905,222.4642,-42.048622,93.53078,-2.2237465,-27.854752,58.280262,2.041336,0.9984646,50.680893,-34.129288,-5.913357,44.695786
-1746.3127,224.54993,130.4535,72.05797,22.342913,18.320711,39.88819,16.148546,-10.594393,29.303257,-28.347767,-23.966354,33.930244
-1794.0818,208.40002,148.04526,71.046036,60.585945,74.18858,36.471382,55.729454,17.759039,-5.3088694,-20.422441,-6.445348,-1.3423977
-1806.752,222.63773,178.52939,81.754166,60.51069,52.506092,1.9725494,46.95494,7.16129,-18.45873,-13.307708,3.900639,4.7078943
-1806.6318,223.81114,168.50052,72.213715,65.59331,66.93488,14.032785,32.92647,-1.3749661,-3.9289799,-9.348353,-14.150248,-6.0518184
-1770.3611,233.31787,165.90869,48.406685,37.226135,72.21933,21.22459,46.789124,8.176674,-4.806095,-15.390827,-22.417301,-13.716824
-1790.9572,233.35693,180.1113,62.376743,34.093346,47.6211,11.552294,57.088192,21.543627,-9.514517,-13.701243,-15.94347,-3.3533955
-1786.4081,218.67047,161.10533,73.25484,49.173412,63.56667,20.616558,36.738777,-1.3169475,-2.4590206,-6.9668617,-20.252499,-5.9586263
-1529.9448,224.15019,-29.951735,44.08506,127.44804,63.566895,-7.1029186,45.08877,5.150852,-22.237045,-10.680716,-3.1639824,7.374691
-1083.5548,225.60004,-149.1508,87.63979,49.090225,12.718902,-13.399527,43.82923,-21.622494,-35.976482,1.8263274,-9.231841,9.442461
-1170.5095,292.34344,-38.300148,120.54426,5.341354,-33.217655,-28.402328,41.219,12.167715,-29.970589,-6.6330967,-11.000638,-1.2467737
-1283.8275,308.23993,39.83942,121.97154,37.949257,-57.22028,-74.57384,25.09801,9.742979,-34.959465,17.282412,23.058662,-20.338396
-1274.8673,308.43207,60.797882,152.31865,24.54058,-70.2059,-101.715454,24.565622,28.417425,-24.976942,12.507508,9.972872,-25.10187
-1322.01,303.3899,98.55664,164.12187,30.41983,-61.826633,-136.49854,36.190376,3.6103878,-21.602509,36.30368,-1.6710081,-29.414919
-1296.0526,288.31494,115.34769,162.8262,26.222818,-54.99303,-116.22499,38.709686,-10.945506,-22.774918,23.390108,-4.8293953,-26.424095
-1319.2339,316.3568,94.365616,173.63272,38.4086,-74.61955,-103.023834,25.917366,-1.1781063,-25.942596,7.03487,-11.621573,-37.64779
-1295.3823,311.3199,94.88337,175.18015,41.15284,-69.23665,-106.97624,24.610567,-1.341402,-32.48012,-3.1762848,-10.097538,-34.11869
-1292.6643,308.1446,101.58852,187.99423,42.059425,-75.77181,-109.98305,31.378078,-16.122805,-32.274033,5.418581,-21.870178,-32.90943
-1311.0973,338.18658,87.25383,185.79681,55.90185,-95.88035,-95.572845,25.239765,-7.1473274,-50.633224,5.4531384,-3.8860416,-56.973423
-1309.2625,324.96664,103.17802,188.91241,59.438217,-105.85891,-103.03789,51.221386,-24.048096,-52.74097,6.0362177,-14.903561,-36.14192
-1292.7485,325.68607,88.15707,200.97662,48.73864,-104.987915,-82.75885,30.345825,-16.437786,-53.84871,-2.104405,1.0086231,-44.635124
-1273.1987,323.14047,88.13771,187.67545,50.415882,-87.331276,-86.89917,17.488081,-19.02142,-42.89127,3.4510593,-5.243988,-36.76784
-1275.8608,325.20392,98.89178,191.82721,29.049545,-99.857956,-83.84142,29.882612,-27.262417,-42.144234,-2.680553,5.77244,-32.467373
-1243.8656,324.7389,97.633514,184.00417,-14.296518,-81.37451,-61.99203,9.466373,-17.271048,-58.229187,-9.689535,26.332563,-37.23668
-1251.7485,323.35345,100.20763,181.58827,-10.550343,-80.4718,-73.80575,3.4870627,-29.098251,-45.916954,8.871718,13.014366,-38.889694
-1277.7017,321.94543,120.51121,173.47083,-8.366675,-77.667465,-87.121765,-2.8559327,-27.042076,-28.275826,-0.023842303,12.872417,-30.166283
-1270.948,316.59473,113.962296,188.20767,-18.286804,-84.16733,-76.575264,-11.154012,-11.328966,-43.5616,10.507298,20.494848,-55.93653
-1273.6377,303.6956,105.854416,194.34091,-8.42648,-84.267006,-71.76846,15.508296,-43.696327,-28.407883,11.39759,-4.428832,-30.869087
-1271.1727,319.3963,91.0327,175.20267,-5.843794,-78.4267,-56.13913,5.970646,-36.062454,-29.248055,15.299027,-4.979389,-39.228714
-1271.5189,319.6678,89.69656,193.97147,-15.2061,-97.04489,-57.839523,31.855068,-42.74211,-34.957565,20.747484,-8.254494,-43.463936
-1284.1511,322.14844,96.606636,181.6185,3.7872238,-106.54467,-65.865395,31.595049,-34.44216,-26.308077,22.691626,-8.302073,-51.86142
-1321.707,327.25916,113.4619,187.38556,-1.8573256,-118.69168,-69.729,38.294823,-29.02087,-30.499226,33.545616,-0.6460991,-59.731197
-1313.821,315.79236,110.000465,193.07036,7.547408,-119.384056,-60.19387,33.869965,-32.091396,-31.330952,30.264269,9.4909315,-59.95042
-1317.7595,301.26306,107.86235,215.55612,-7.8060217,-102.63815,-53.37278,25.432796,-27.348438,-37.72191,27.733484,3.0839787,-55.557323
-1356.9072,299.04785,119.001144,216.60883,7.152336,-117.42561,-52.32759,40.85981,-27.288858,-38.04509,21.270975,-1.3370495,-48.607628
-1377.9038,313.8825,112.66069,201.01126,18.867596,-99.58118,-54.91863,23.57864,-20.329094,-34.271477,18.229776,3.7391148,-34.593403
-1376.883,313.04626,111.19321,199.56348,12.94408,-98.42041,-60.99838,27.379927,-18.11474,-34.357216,23.882793,0.7747402,-41.494987
-1395.0215,317.72354,114.806244,197.87918,5.2906356,-86.87526,-63.114258,20.97327,-10.301628,-29.915974,24.253994,8.2584505,-49.96264
-1337.5521,313.39166,105.050476,185.60959,-2.7132957,-88.107895,-56.434372,31.387262,-8.502954,-17.02124,14.979451,0.4884243,-39.545986
-1343.1926,317.49445,114.04117,181.14758,-1.7091951,-96.83355,-68.805145,21.9812,22.383842,-13.171869,11.36163,-0.79167366,-48.96778
-1320.6252,329.88202,97.59605,154.88739,-19.297455,-83.87858,-63.22054,35.81057,31.448526,-10.257267,2.2171974,-19.07637,-55.26278
-1292.9646,327.79657,75.537506,147.56332,-15.6112385,-84.07011,-59.42314,47.29196,33.60134,-6.319502,10.324263,-27.52384,-57.528748
-1313.9055,321.84845,53.356018,149.25299,4.5387564,-98.71051,-55.85272,79.62196,34.30343,-31.390327,5.630391,-23.633293,-59.19323
-1514.8013,294.03836,72.22023,124.31693,63.814316,-67.82916,-52.591522,86.72907,32.3413,-34.462696,-1.0388955,4.0066824,-32.71588
-1757.1324,232.87956,160.61404,98.587364,58.15477,46.48417,3.1579325,31.330938,12.544764,14.0598135,-3.9408314,-14.993873,-14.815702
-1431.7937,254.54434,-17.167469,119.34749,36.20043,-1.5382795,59.865593,11.303352,3.6717005,33.548668,-40.36342,-23.05428,27.021648
-1564.0896,215.08661,32.09623,121.62341,50.55849,14.621905,64.01248,21.855404,5.754759,36.065117,-42.422646,-27.78039,27.18384
-1835.7073,217.55939,172.96234,79.38762,50.30552,56.021362,34.294464,37.069115,4.9579296,9.267364,-2.2142208,-23.362774,-11.467669
-1801.903,221.17355,152.65872,63.147842,36.14793,64.466446,30.973879,48.33883,4.422795,-6.5664935,-9.25823,-13.118069,-4.139977
-1518.8086,272.73572,27.241547,59.62666,54.94391,4.82955,21.570427,33.556038,-4.7134123,16.89711,-17.04367,-19.797493,22.247444
-1539.8765,211.41003,2.0525074,94.22706,110.24967,3.584847,7.229988,65.05805,-4.334189,-13.227379,-5.985419,-1.2649894,4.0624385
-1032.0173,214.44263,-128.77408,12.43096,99.01758,-40.484802,-23.503708,83.6145,-17.167845,-30.32557,6.022564,-0.108338356,-19.024523
-977.8107,299.09512,42.695934,105.99952,-13.936578,-86.74765,-129.65538,64.59561,-9.626802,-5.6555557,-17.554808,-17.91168,-11.889603
-869.0212,323.44287,54.164913,104.386,-14.003954,-143.21533,-189.07274,81.51804,-20.527676,-1.9149647,3.2422538,-32.5681,-38.97179
-713.29193,319.12952,26.553326,89.78328,-23.054466,-133.87808,-185.22472,64.56616,-9.903725,7.543211,-12.590187,-25.142614,-20.819946
-630.0545,299.50085,15.212634,64.37494,-43.519943,-116.061134,-190.95844,60.41339,-21.014866,20.46529,-7.204686,-8.021812,-31.915615
-579.2382,278.04517,-5.2367344,55.130447,-50.66848,-129.75618,-161.25797,34.857464,3.9802628,11.529123,6.851363,-1.2449784,-27.958035
-560.54425,274.10602,-23.785755,43.932808,-56.12351,-130.19205,-149.05077,39.651917,-0.1745615,18.312044,11.553018,-5.852718,-10.970569
-549.1432,270.17398,-34.962063,30.327148,-63.114555,-122.57218,-142.33817,32.768692,-6.6047025,22.392525,5.5329924,-1.7681141,-16.368763
-522.6985,264.86246,-55.1947,33.855576,-52.232643,-128.366,-142.36212,41.315586,-6.238172,27.317667,5.1983047,-15.798582,-5.5957456
-512.0618,258.60324,-57.359215,29.039474,-50.568928,-134.41315,-137.33699,47.11431,-8.103632,37.33717,-0.1497083,-21.477749,-2.3954759
-534.56055,273.5102,-63.338448,32.2553,-57.002327,-127.00966,-138.55533,58.139076,-13.342544,47.66809,-5.2406917,-19.979507,-2.4965696
-572.44995,267.24615,-49.2284,58.656082,-61.98445,-144.69696,-131.61208,54.85196,2.239114,43.031654,-7.3942456,-29.807053,3.8615406
-551.0559,258.7478,-48.61101,54.337723,-56.166443,-148.08356,-131.23917,66.47571,0.21458864,44.44736,-11.616704,-25.675564,-10.308947
-590.2972,258.23,-37.27377,85.599106,-69.91011,-156.68553,-121.25657,78.69094,9.811513,43.64969,-34.499863,-16.039925,-8.355042
-626.4099,241.87294,-30.167612,93.82036,-64.992325,-143.93535,-154.09947,115.26008,12.0808525,43.260693,-45.74235,-10.427212,-10.831043
-671.95593,249.9169,-47.145782,102.6225,-45.39516,-156.33263,-134.0252,123.97863,13.02125,31.147593,-59.37527,5.4669437,-29.180693
-752.07916,246.02725,-47.818672,114.876686,-22.056982,-126.54706,-127.694115,120.923416,4.844921,28.374542,-55.61856,-10.199833,-16.727524
-833.78,243.10783,-40.210655,116.736176,-12.98513,-93.36644,-118.23341,123.549416,12.166235,8.185983,-45.916725,-20.352165,-22.7624
-912.3928,240.78447,-38.36284,133.01215,-14.485788,-60.511475,-107.69112,114.168274,10.853842,-9.446548,-34.972622,-17.51317,-38.09883
-1074.8351,282.52713,-49.661125,109.357666,44.855835,-49.54747,-85.552055,112.74655,2.7948875,-28.811855,-20.99206,-25.579044,-32.96462
-1270.3564,292.22913,-36.170544,60.247284,95.86165,-10.173306,-44.603783,87.30383,32.914963,-29.507498,-22.198547,-27.1458,-37.882874
-1308.004,268.65216,-42.04982,67.85281,108.35445,11.683434,-33.57238,84.32007,30.283909,-45.790543,-18.586477,-36.83374,-45.870785
-1331.2559,271.12152,-40.083717,77.64266,118.378265,0.9989567,-32.054035,78.95369,26.780361,-46.062115,-29.542974,-26.541798,-40.37811
-1331.6138,282.19565,-41.65331,69.607574,107.45404,7.3807764,-22.91971,71.00252,29.159353,-39.779236,-31.63132,-22.727583,-37.84675
-1356.2185,275.68103,-26.924482,83.38747,103.69679,6.578986,-37.184353,67.42937,43.762,-45.00421,-26.246197,-20.154114,-40.637985
-1352.3467,271.24677,-51.242317,93.84402,115.82899,-4.053207,-18.969837,57.967354,41.33718,-32.900787,-45.420395,-18.146095,-35.80165
-1333.1039,270.75882,-59.24335,105.70788,106.51752,-2.2669573,-25.366718,60.602898,50.36313,-35.21218,-43.779907,-18.053108,-34.127144
-1344.3718,283.85013,-61.191174,88.98683,116.2033,-12.965782,-28.100098,66.80674,42.809612,-33.998726,-35.40158,-13.084959,-34.391453
-1329.9719,265.50153,-51.73099,92.63548,112.36671,-11.347757,-26.115444,66.637955,49.85972,-29.989498,-41.058918,-21.120613,-39.57357
-1309.4016,263.50586,-56.088173,96.20982,96.31613,-0.5017853,-35.21157,57.62838,52.661163,-39.5412,-36.58204,-11.496711,-35.805298
-1333.4031,278.72296,-64.40468,95.08122,111.739105,-16.748503,-31.823652,63.580643,53.43718,-21.641033,-50.424892,-17.105022,-35.20259
-1345.479,282.75775,-64.50272,89.11752,105.18501,-18.811333,-26.739887,56.114536,49.49833,-14.915266,-55.01051,-16.032797,-32.0254
-1329.3083,269.58752,-54.0625,85.795235,108.49387,-7.030933,-36.750465,60.424423,54.480198,-33.29711,-33.238026,-23.336899,-32.948933
-1314.3824,274.79968,-67.0441,97.47671,95.628815,-16.663248,-33.116764,59.6485,57.946293,-24.637835,-38.766884,-9.94425,-44.8309
-1342.383,285.79816,-65.579445,96.687,105.71681,-19.363367,-37.569195,65.55402,51.105553,-16.975092,-33.732388,-12.812864,-48.772423
-1307.9292,259.58664,-57.43102,94.19297,94.56726,-9.891136,-35.47684,64.73387,53.101772,-28.5997,-26.794252,-17.596832,-49.32983
-1347.2205,285.0332,-62.83394,98.23895,96.6288,-19.292416,-26.997425,58.39535,50.321888,-20.883722,-24.84442,-19.213503,-49.77557
-1353.6791,277.85498,-41.618904,82.36053,106.71397,-28.25686,-35.583893,59.783234,49.144154,-15.414244,-25.219858,-19.141996,-50.60705
-1352.6136,269.67215,-34.006218,77.06476,104.72604,-12.817807,-35.592613,58.994263,50.952274,-25.431,-22.655281,-17.871002,-57.291134
-1366.5796,273.03873,-47.82409,88.11395,105.593834,-19.450851,-29.66389,65.675064,45.761314,-16.0482,-35.525578,-18.353426,-58.062187
-1362.2302,284.04822,-51.55694,78.76187,104.4046,-19.111225,-23.385902,67.2026,33.1545,-19.690456,-28.28936,-16.538456,-49.742565
-1331.0458,279.40442,-50.15978,88.4784,91.32498,-24.504366,-31.158691,57.44543,40.03198,-23.20253,-32.170746,-10.7490835,-41.32726
-1330.77,275.79694,-52.38733,86.48918,101.00653,-29.178555,-26.263672,62.16666,36.061707,-26.679756,-32.957676,-10.853372,-43.490158
-1339.7988,281.8036,-63.122864,86.96365,98.8078,-24.791248,-14.513508,58.85798,45.478027,-26.265982,-42.385536,-14.692179,-40.355453
-1349.1713,283.88263,-60.76797,84.901764,109.68565,-24.126461,-26.664333,52.132,53.246628,-20.780483,-43.937458,-15.777435,-40.230064
-1326.0803,274.3274,-62.706253,89.584076,110.79464,-23.022373,-34.402145,49.032867,58.646217,-10.201265,-50.08228,-14.755297,-43.943207
-1342.7172,283.41364,-64.42325,79.17846,122.942345,-15.082729,-42.9333,62.96347,52.005737,-17.720905,-41.583965,-17.480755,-39.576797
-1330.7502,279.31232,-66.510925,82.06259,127.82597,-24.746046,-34.70486,55.28118,48.669395,-12.180311,-50.799194,-6.9949512,-42.045105
-1324.1824,276.14374,-73.55567,92.53284,119.89472,-27.762346,-34.45971,55.779182,49.470207,-9.952883,-45.25759,-15.559521,-32.16455
-1341.3503,280.82532,-60.689568,82.03197,126.71739,-29.952694,-39.707565,61.023167,48.16674,-15.037577,-39.657207,-14.315819,-39.93505
-1345.6646,271.26163,-59.76284,84.41089,129.05896,-21.955822,-40.831482,61.699097,48.722614,-30.720755,-27.859194,-14.622217,-43.59885
-1352.9631,282.4589,-63.6121,82.45227,128.29483,-27.912174,-47.859016,68.734314,39.60315,-29.674932,-29.502228,-13.232592,-41.28202
-1339.5681,278.00644,-62.276443,81.364265,118.067535,-27.81153,-31.393574,70.86989,45.635483,-39.79417,-34.413822,-3.9309807,-52.80336
-1349.6462,293.18015,-66.86191,68.52668,131.97409,-31.359318,-43.990425,75.90207,38.89373,-30.010857,-32.70253,-5.267022,-49.33326
-1319.4271,283.41092,-70.50245,77.33521,120.19477,-33.57235,-44.726334,72.365234,40.99494,-34.729324,-31.36907,-1.6210651,-45.457794
-1335.0702,287.153,-72.63569,82.33684,123.62833,-28.474613,-43.723167,69.07188,45.68195,-39.952328,-34.101448,-5.534458,-40.15919
-1323.1223,303.09918,-70.12871,73.80885,103.12735,-35.70632,-40.656197,68.745544,34.73736,-30.72813,-25.776218,2.510333,-38.708473
-1284.9436,296.20074,-87.94429,63.85589,90.59784,-7.4148684,-4.8309116,47.464165,15.715725,-39.512794,-31.9735,11.697266,-25.192394
-1304.5056,299.53302,-86.93567,64.05501,76.67078,12.927046,15.783545,44.571075,5.234557,-39.06752,-29.348503,3.0682106,-32.68201
-1341.6757,299.34213,-59.488464,41.50933,72.554886,34.72679,23.259892,46.626465,-2.7353973,-34.922802,-33.20692,-12.410895,-28.18983
-1356.249,297.3766,-59.367313,39.284527,69.18353,42.267548,48.31746,26.409492,-2.0091934,-17.962986,-39.055923,-18.059814,-30.659489
-1372.1343,293.19867,-56.051567,44.01175,53.954338,60.157196,44.934624,2.8808613,-8.1550255,-15.773499,-25.538168,4.9098277,-6.9740143
-1407.9377,256.10358,-50.336166,64.94636,59.59069,62.25939,45.08134,10.726896,3.0610838,-4.4678173,-31.682611,-12.820433,-13.159282
-1456.242,256.2411,-72.00227,33.66532,79.21098,77.947754,45.590134,22.799438,4.5778685,-5.576772,-31.254948,-17.008898,-11.395118
-1453.808,238.67337,-72.3759,39.545616,73.80092,55.722733,38.149208,16.62619,3.7440076,-10.711753,-19.004961,-4.5436754,-2.7872343
-1462.0973,247.35497,-78.553955,22.5608,67.25747,75.482285,58.273705,24.562078,-19.18296,-5.9750075,-18.492218,-2.2633557,13.201172
-1439.5249,259.69434,-69.04022,26.1164,69.84237,57.60444,47.090332,22.1972,-33.33796,-8.170678,-7.748631,-9.839957,1.106245
-1310.0627,232.06519,-119.51928,86.27074,98.935,9.674545,50.656647,47.618988,-80.80086,-18.879248,23.089716,-20.09609,-18.542343
-851.5513,275.97815,-147.04108,91.41673,20.25912,-51.73518,5.5189495,33.73018,-111.74557,-14.583272,21.433678,-29.487164,-33.6251
-851.3067,342.66782,2.1459904,56.602684,44.000122,-157.25447,-82.315445,12.150774,-33.637714,14.078295,-34.823715,-21.749006,-42.93928
-765.3356,347.52994,8.878199,34.157944,49.855183,-180.45796,-135.893,33.69004,-8.049445,18.480047,-33.889626,-23.281023,-38.59054
-691.7466,336.62634,-15.758844,47.641823,32.436787,-194.79367,-154.0918,29.33201,-1.328433,11.323004,-35.821896,-24.215334,-14.044066
-642.7277,318.5796,-33.92137,47.933372,-14.207987,-179.11841,-145.51137,-3.5626945,22.31502,15.792452,-44.158016,-5.2864037,6.210026
-568.9349,267.27783,-21.730251,30.869804,-27.320715,-179.47792,-125.06323,-7.9716945,21.986855,23.68524,-39.277977,-6.7494144,10.539958
-549.8119,274.24786,-44.39694,33.117805,-50.920273,-169.83044,-118.622345,11.293688,16.591898,20.654158,-30.406208,-9.304197,4.762655
-575.7815,286.81073,-48.936283,34.19108,-60.507236,-174.59204,-117.02906,23.101562,29.786812,23.19629,-61.239063,0.45588684,8.880947
-554.91846,274.7467,-40.311436,22.373362,-79.70738,-156.62726,-117.156364,31.54195,62.10673,22.30663,-79.02649,-4.3241014,1.8018761
-539.0,277.54633,-54.92606,-15.249487,-73.99141,-141.07245,-104.34833,52.98169,50.706017,1.0677247,-87.919075,10.145229,18.47801
-569.6349,297.14557,-87.22742,-9.620211,-90.41852,-109.71875,-95.37996,77.17123,26.612942,-10.789134,-106.80842,32.47466,37.30708
-557.4896,273.84958,-98.665146,-17.525711,-71.26594,-81.2005,-90.843666,64.40329,27.67453,-28.097471,-101.46465,37.887955,37.304726
-609.00415,275.93787,-119.74951,0.16715717,-53.381607,-62.868572,-74.75995,38.019882,27.100048,-43.4277,-77.28412,31.658,35.798588
-686.3856,272.8091,-124.76079,19.10146,-16.042402,-47.416588,-67.668144,1.1851397,29.057755,-49.96328,-52.686672,38.2705,16.564781
-789.22815,292.92468,-134.87057,13.465935,39.87419,-34.901295,-72.63254,5.4710207,13.667278,-67.739,-30.045631,50.361446,9.908676
-971.8625,320.38416,-146.73297,7.6945477,84.24154,-8.069607,-69.6169,19.15227,3.9495738,-79.5856,-16.834063,49.763077,4.9245653
-1183.0848,287.8332,-126.41148,57.134296,133.61359,-25.048191,-43.273956,77.23425,-5.432495,-61.176117,-20.526472,33.160263,-6.653199
-1238.9558,280.60202,-120.539375,67.49836,142.89368,-23.073963,-50.081715,79.832565,7.4027786,-66.38682,-26.454815,35.126976,-26.206482
-1270.2322,271.83563,-102.99227,82.22652,142.2534,-20.64412,-75.83678,94.754135,-9.880704,-69.64151,-0.64781594,24.133476,-16.423409
-1266.521,270.61353,-113.73596,80.15238,158.08052,-26.50878,-53.794025,64.697235,0.07508087,-45.635822,-10.316956,24.17303,-28.961788
-1257.451,265.45428,-114.986534,74.78747,163.81815,8.929806,-85.52299,72.5303,-4.8469906,-70.607796,14.323811,16.395716,-36.13069
-1267.2573,283.6521,-130.8248,63.175446,175.64261,-1.8552035,-66.802246,62.28043,-14.80986,-56.28375,3.2526085,15.840054,-27.2389
-1157.615,298.11978,-151.58434,26.501244,162.01558,26.094475,-59.828438,33.38015,-24.723028,-54.353317,14.604623,41.853012,-28.778738
-1086.61,299.15637,-175.83456,41.885662,148.76024,72.340546,-70.5251,-59.145638,-5.167341,-36.054497,14.2579155,55.60549,-40.136032
-1060.7589,269.3794,-150.53818,39.541763,140.44058,91.60292,-67.84506,-85.18361,-13.042295,-15.236301,20.978432,42.83836,-43.99888
-1020.8243,242.14575,-144.45789,31.883778,143.20425,99.08107,-75.00114,-74.665436,-30.174824,1.523798,22.272388,39.967384,-56.958424
-1001.39575,226.86676,-124.2744,13.404452,146.36124,86.97714,-52.73984,-84.02432,-30.259571,-1.1362991,14.161102,50.15024,-67.8801
-1012.16125,236.17598,-125.008026,24.776718,119.352875,89.135445,-50.962875,-65.53993,-46.9441,-11.391878,11.697817,58.012848,-56.035927
-996.92206,231.50136,-104.15096,20.697552,102.17543,77.91254,-43.68647,-49.70311,-51.26729,-25.80916,6.788477,68.77582,-50.585655
-994.7857,221.71161,-83.79759,12.839144,97.72257,62.488377,-19.347862,-30.471752,-57.424477,-36.305824,-20.645584,81.99029,-40.073555
-978.98975,215.46355,-60.02956,-5.8676167,85.78742,55.11195,-8.420385,-33.601715,-32.32783,-64.16025,-21.781673,75.10382,-18.049797
-1009.9881,244.50488,-68.2041,12.021949,67.04663,50.5669,-39.778442,0.78876495,-34.59632,-63.091515,-20.740295,69.0133,-17.51913
-1062.5706,287.2842,-94.263245,55.530266,31.28006,38.007217,-36.5213,2.7882528,-9.244453,-93.86316,-7.8596883,60.625885,-6.2363625
-1111.2136,313.46677,-76.15964,56.88859,17.53416,11.391376,-53.304928,51.777214,-4.4183908,-115.7169,-1.2588006,58.89897,-16.565756
-1215.0312,292.5662,-45.14618,113.3743,45.620274,-44.165783,-72.23526,62.03808,12.055407,-79.41107,-10.781412,11.152107,-24.968359
-1458.7002,273.7282,-3.9932902,100.79051,85.15407,-38.959206,-46.898422,102.851456,26.395382,-67.054794,-17.275314,-6.093521,-48.374256
-1658.6466,278.4984,90.05586,42.048492,64.9547,35.657692,-21.663984,36.053513,33.78443,-5.317648,-27.63189,-18.547388,-31.00132
-1734.6648,255.16295,117.82803,39.443428,45.75757,33.62018,-21.071867,36.14539,23.431343,-1.4520245,-13.0482235,-21.34966,-23.684364
-1776.9465,232.9837,123.828125,39.96772,46.737137,47.085186,-19.297943,33.53569,3.7841864,-2.1205645,-14.393165,-28.194984,-20.22644
-1787.7562,229.811,128.05907,47.85687,29.47894,48.813972,-3.2481804,42.296635,-16.924606,1.7058887,-15.13596,-41.61731,-16.737476
-1419.9901,226.05748,-24.338934,80.740295,25.104622,-48.955154,7.0223827,82.07008,-42.081985,2.7268953,-1.9295465,-25.42157,-0.8528576
-956.9017,201.53394,-19.010433,129.9634,-53.801483,-55.76248,-77.31287,74.542694,-58.713097,-16.861683,-26.895111,-31.939087,0.32701302
-995.8985,333.594,50.815292,112.35661,-22.028728,-152.51913,-124.70024,76.625854,-2.9564724,-2.77288,-41.548176,-13.776739,-50.261093
-926.9578,359.46014,34.77552,103.818085,-11.460138,-176.06145,-146.30685,66.5242,-0.39222717,11.04794,-34.950012,-15.406543,-47.92205
-849.7914,341.61673,62.2273,71.6272,-15.220127,-186.01807,-146.40884,58.26374,-3.9503613,20.18745,-34.81364,-11.743439,-42.238586
-848.08704,347.24292,55.351173,77.20959,-14.865879,-207.05807,-140.08665,39.43087,4.673254,30.230976,-38.27867,-2.4112463,-44.669342
-839.67566,337.23065,53.91757,96.59195,-31.518375,-208.42636,-151.94812,44.363853,21.577545,28.292667,-42.624687,18.6553,-47.67949
-784.85657,309.1492,57.47958,101.38605,-46.597008,-206.92404,-135.81622,36.809772,33.52984,31.925741,-49.356045,29.25905,-46.420204
-816.6105,338.83984,49.466446,77.79143,-33.218796,-222.67352,-133.37813,50.722233,35.15722,24.30957,-43.613956,21.061111,-44.42791
-774.3364,317.87823,64.097626,51.119057,-50.421738,-205.04541,-124.978935,52.20559,39.87265,26.235619,-51.570995,34.837463,-51.710182
-797.509,346.62537,51.212856,31.149616,-43.882217,-203.06747,-114.10841,71.733574,36.17475,16.831108,-52.10147,31.21788,-41.90532
-873.5353,380.89465,12.365537,49.807297,-40.42604,-195.70972,-97.816284,62.25719,18.847504,0.51473045,-40.20968,20.926788,-35.395935
-965.88324,391.33322,36.277893,28.821026,-54.62983,-152.37279,-128.5908,90.05628,16.144876,-7.6139,-39.923862,1.1521451,-36.712006
-1002.116,353.69495,64.64673,17.327328,-45.658554,-124.265625,-125.15935,108.08296,-19.951803,2.0309143,-59.815792,-17.368849,-21.08999
-1095.9233,350.65366,57.59041,40.73662,-21.174126,-114.55842,-129.09125,118.9245,-43.23964,-4.298764,-55.67223,-35.262157,-9.684629
-1223.7467,354.16077,34.844948,59.016636,22.23,-99.7793,-120.66857,80.29416,-24.618185,-11.571545,-38.698715,-44.169228,-21.329386
-1392.53,331.4644,56.82302,75.41326,21.655281,-69.76579,-71.27617,60.250008,-4.492963,-22.17126,-42.75568,-24.924702,-14.647334
-1594.5851,286.93826,91.906296,63.04808,22.369236,-44.867207,-29.401367,70.471214,4.6925297,-40.518597,-27.738096,-16.681438,-31.249392
-1775.6895,241.82086,133.83575,68.96318,54.17525,-22.475716,-44.85453,43.68287,0.8964491,-29.554068,-6.56675,-0.7353363,-18.383472
-1806.7426,239.71738,129.09244,43.20054,55.05416,17.343472,-10.818275,13.948553,-16.354832,-23.8375,2.8826454,13.819639,5.773718
-1721.4639,234.10844,80.39092,62.855667,73.45091,12.400624,-14.256316,29.910149,-23.094568,-57.413673,-22.386194,10.904661,4.4218864
-1597.9471,247.64363,25.116436,87.60303,77.64163,-7.0478997,-27.460419,16.944706,-24.275898,-49.867374,-14.712603,17.026821,0.68841934
-1346.355,252.6018,-5.861845,74.72723,-8.902777,-46.217297,-21.619139,31.420742,-33.066998,-21.60489,-2.9445126,19.618338,-3.5110502
-1347.3451,296.4537,-37.088142,77.04385,35.48371,-51.283066,-34.52,32.74002,-3.8253214,-47.801533,-22.909327,29.355312,3.11532
-1213.9127,313.42834,-66.187004,60.18456,23.79344,-36.909035,-22.451859,42.440346,-9.193459,-58.640095,-38.671707,22.72707,13.411581
-837.46735,310.2079,-113.91151,52.586575,-50.78759,-62.93435,-50.332993,15.323694,-20.40715,-74.945854,-39.121906,60.046013,32.87641
-688.56616,285.40115,-119.82254,40.784996,-61.9884,-67.78279,-76.16948,45.560852,-11.880684,-36.57802,-55.74849,48.123398,41.88446
-597.04834,252.33182,-119.216675,32.432335,-79.23472,-55.783142,-88.35496,58.85341,3.0645103,-25.67413,-51.07222,37.085087,46.14561
-548.45703,254.16891,-141.7124,31.171944,-83.716606,-28.821379,-98.37679,54.43688,13.042168,-11.42758,-60.05136,40.17118,38.849922
-520.5812,252.93219,-149.89566,35.154625,-72.48783,-44.616688,-89.089806,39.92073,23.413177,-6.9768133,-59.69953,22.679806,47.07685
-525.50336,268.82346,-137.57527,21.168943,-62.233795,-42.09797,-93.679306,43.07535,29.912346,-21.325535,-52.254173,28.253807,38.792732
-522.8883,272.64764,-135.1026,28.803974,-68.50455,-32.84882,-94.86689,28.357813,34.631943,-29.933613,-51.14592,30.066242,35.926666
-532.0942,271.86136,-128.48247,21.50592,-53.99087,-40.758995,-77.29611,-4.634678,46.300262,-46.19157,-45.227135,34.798367,24.724726
-546.3563,264.3389,-115.332825,7.5431223,-26.0482,-58.358795,-59.115738,-16.695387,25.614439,-22.315853,-59.491646,39.222393,24.71084
-599.57684,268.66043,-107.61624,7.5546074,-21.57004,-39.963806,-60.511333,-17.366714,15.270541,-23.526768,-68.01619,51.95209,10.388436
-654.58057,267.09808,-97.92099,9.945945,-21.051678,-16.262642,-64.62889,-18.516977,10.427039,-28.833538,-66.21783,40.023815,24.458523
-785.6459,279.58417,-64.4263,5.158761,6.9978676,-8.341906,-67.00956,-8.554694,-7.99629,-32.371796,-47.22302,23.878674,37.08435
-936.663,288.02698,-15.154548,-2.464663,41.960217,-5.1743546,-64.91403,-5.588444,-30.891235,-21.030756,-43.15311,44.883514,7.1204176
-1190.0361,302.0678,21.376259,-6.130362,76.35275,-1.235115,-42.932667,-7.3552985,-1.0510151,-39.020798,-38.11771,46.735214,-5.566703
-1347.4036,291.57056,-32.786438,81.57108,119.10974,36.145344,-52.874817,-3.627964,7.313753,-17.041164,-27.82991,18.992287,-6.235317
-1393.6865,288.9663,-20.594557,77.06653,129.38719,40.3414,-54.15997,-12.30181,24.031822,-6.622039,-33.65947,14.214866,-19.15044
-1405.1322,296.6795,-48.1901,95.356995,144.61331,41.856663,-45.947685,-13.111614,15.1098175,-1.118906,-20.522842,4.924084,-26.257862
-1398.1047,272.99973,-53.643497,104.10886,145.97987,44.760483,-20.372326,-6.4742928,5.9573917,-7.200222,-37.990585,2.9012547,-26.158484
-1408.2008,277.32568,-40.191,117.51088,128.16257,29.141544,-26.465967,-8.301635,4.6963506,-13.578803,-30.71458,10.1770735,-17.190563
-1428.2397,290.26233,-21.794645,106.65489,117.37513,26.815079,-30.865673,-3.038167,5.473302,-13.888492,-33.05395,10.218614,-12.808646
-1422.948,264.88593,-22.490196,116.42287,118.52547,35.72117,-21.149532,-4.768544,4.291933,-10.012703,-33.531933,-6.7508297,-23.06264
-1337.0874,293.6339,-50.903732,58.214157,121.55944,71.64105,-47.161217,-10.329724,-0.1824398,-23.05297,-22.503008,-0.80533123,-15.6392
-1132.7389,230.00317,-91.49458,91.42975,153.85301,59.289577,-97.70087,-52.386467,20.822517,-10.443859,-1.4761903,13.298786,-51.348083
-1103.825,212.12213,-128.30206,141.07558,130.2688,85.90544,-131.32237,-29.748177,36.57225,-22.548447,7.1168613,3.4868631,-55.395546
-1091.4014,223.85515,-140.23294,137.9973,144.70883,66.77397,-127.28729,-33.700363,43.677116,-24.9122,5.0932126,17.129803,-61.442467
-1071.3455,216.16977,-151.24878,128.02744,155.64536,71.592995,-119.2397,-40.266663,42.798992,-19.733429,-5.872121,29.947159,-77.96129
-1045.7927,217.27274,-153.43549,121.67407,158.15027,69.395645,-122.033875,-35.407753,15.406883,-3.895132,-2.2582881,25.230646,-63.618874
-1048.5392,220.74844,-142.22177,111.327446,159.15991,82.887764,-121.419876,-61.39358,27.747839,-15.207014,0.75423706,44.076614,-73.51531
-1011.8714,201.84203,-140.5881,100.738815,170.13959,79.17159,-118.40594,-52.759018,15.057037,-5.9351444,-4.88745,42.672577,-75.8132
-986.3622,204.68759,-154.68016,91.93789,178.52762,68.381775,-105.19231,-59.49764,9.038359,2.2318459,-14.618871,45.62616,-72.28269
-941.1424,185.16373,-153.7064,88.28446,178.56328,82.8551,-106.56656,-60.554855,-4.957468,4.0817165,-9.5625305,45.044617,-66.97462
-943.6011,198.93286,-147.83122,61.890495,190.7011,68.7187,-86.69804,-86.32813,2.778637,-2.2725735,5.651242,55.754265,-78.049484
-953.2352,211.01385,-163.65366,81.13464,156.29172,98.27419,-111.34033,-70.17507,0.6377754,-3.871254,0.45979986,63.006004,-82.714874
-981.91327,240.51785,-173.23969,67.585144,166.33862,89.932556,-107.722565,-60.55204,-7.1730347,-14.251663,5.842365,64.99663,-72.339676
-1070.4216,265.0052,-156.1329,48.946182,188.93253,72.6818,-119.25484,-42.266197,-6.6195526,-18.291843,-2.1901364,85.53708,-71.792854
-1306.2809,264.3386,-91.900406,75.2377,150.2103,45.006973,-51.574078,-8.701181,26.026196,-28.85117,-10.249403,39.970478,-46.517582
-1362.8643,277.05005,-86.89523,94.685936,150.1401,39.180767,-54.397804,12.75284,24.30196,-27.648544,-29.257975,19.84832,-44.95084
-1392.3379,303.20343,-55.284634,70.5258,144.39886,23.377733,-67.63888,24.670254,15.229143,-43.56246,-5.6412544,20.557093,-32.965454
-1376.0725,296.0119,-71.513214,83.16548,134.3363,29.007366,-47.568275,23.556475,15.63297,-50.87422,-26.08554,21.273674,-24.551926
-1370.7827,300.89185,-75.94511,63.63196,135.44034,44.200127,-35.512787,22.327307,-0.7477994,-63.18625,-23.736856,32.686157,-10.390251
-1347.9006,297.55054,-95.686646,56.877594,139.53621,45.09749,-14.528164,22.55135,-20.453388,-75.89508,-29.157478,48.178738,6.026782
-1290.6907,301.4322,-111.59651,30.62664,149.85251,71.058075,-33.919273,41.69692,-30.09282,-74.31566,-20.586945,39.943565,16.330414
-948.1841,342.62573,-125.39232,-42.794807,80.629265,89.04755,-79.771194,26.671595,-50.1603,-84.8131,-24.64704,51.592888,56.86824
-808.3876,297.43982,-99.75623,-44.500755,57.163155,96.030945,-78.267075,27.067688,-49.179382,-72.96153,-32.794823,80.30759,35.689697
-757.4474,275.47223,-89.976074,-38.548332,39.48625,95.44,-61.650963,25.277575,-45.88524,-73.30971,-30.21396,96.31081,24.841036
-749.2042,280.8435,-82.08233,-55.052944,49.535587,93.702614,-77.65729,53.30735,-66.291336,-51.363953,-54.172104,120.606476,19.48949
-774.85864,296.75092,-87.79903,-32.877697,31.947239,87.905045,-58.317627,28.19637,-44.688583,-60.548107,-54.913643,123.313,23.050138
-733.5754,273.13898,-99.52931,2.7490559,5.0661945,107.090805,-79.95334,31.735714,-34.89003,-66.8945,-34.23415,90.386444,46.26294
-756.22034,287.69824,-104.67226,11.797346,4.923563,94.22093,-75.83326,30.433178,-28.845856,-69.10179,-37.49288,100.101974,44.651917
-775.85596,280.0482,-79.23884,-2.1663399,8.600821,97.638,-84.90175,40.698376,-28.154526,-71.548904,-29.12981,94.24461,39.753
-748.01685,256.0168,-86.19588,19.958706,-7.8134403,91.020836,-75.22284,40.921104,-31.644121,-66.57835,-31.728521,97.11179,26.273176
-779.94183,266.13873,-86.820755,23.376265,-11.996548,93.10142,-71.176254,43.001537,-29.539064,-80.090485,-26.403624,95.27542,36.649506
-865.104,307.0348,-86.336075,-2.6251144,12.195152,94.52964,-70.6924,41.962265,-19.613556,-95.00746,-22.694744,95.5956,40.275795
-900.963,298.79285,-76.33383,-24.939611,41.054356,96.574455,-88.5886,45.28723,-30.334618,-85.43197,-26.796968,84.841515,46.439583
-987.7996,311.39658,-69.47344,-33.736805,65.118996,96.09737,-84.115234,32.567207,-29.628075,-79.95978,-26.410048,78.97162,29.86459
-1239.0681,316.29077,-43.064194,-8.009697,103.45999,73.8026,-49.932373,16.77868,-29.961153,-41.02535,-21.068956,43.69543,4.182886
-1384.7,311.13586,-45.49975,46.1405,97.9615,34.15385,-14.77234,23.01616,-8.911198,-34.284363,-19.755346,3.4550219,-0.92216015
-1394.4612,330.88135,-51.18149,12.172005,105.34682,70.12933,-28.088778,-5.546269,1.5196059,-18.294695,-37.09214,-18.653128,-2.932474
-1374.6423,336.14954,-55.488884,-4.238798,86.278046,93.47065,-2.9110622,-28.232124,10.077238,-10.099552,-58.77333,-16.325773,7.2315044
-1368.725,356.96463,-57.212223,-28.601883,90.61216,96.333954,-12.240654,-10.89706,0.6096233,-18.195484,-55.176987,-37.26803,3.5826063
-1340.6289,366.71082,-69.34855,-42.742493,107.18017,109.50496,-21.596033,-14.460671,-1.3918595,-12.916231,-64.65643,-57.227875,10.463671
-1329.0033,361.44446,-74.83505,-35.714638,117.3086,109.143074,-20.73929,-15.964227,-12.900427,-16.574356,-59.552372,-58.700134,1.8816519
-1279.5212,376.8271,-70.14325,-40.05407,92.446655,103.4886,-35.04323,-31.921364,9.119595,-8.838926,-54.86124,-43.46399,1.0948405
-1313.319,389.2142,-61.297485,-28.082626,103.93593,97.677315,-42.06591,-31.176744,-4.6863427,-20.347855,-64.804855,-57.982727,9.890495
-1284.2566,378.18692,-61.864586,-23.649342,97.86302,94.44011,-34.655132,-22.569092,-0.5237093,-34.71994,-67.90005,-42.60221,9.626491
-1285.4375,387.93674,-72.81209,-27.652977,104.40181,94.73236,-42.928593,-27.25316,-15.381741,-24.142365,-48.854576,-54.596718,9.76322
-1308.7903,398.21188,-72.4956,-38.76664,109.74252,97.885635,-43.062355,-28.736465,3.3049464,-36.059208,-52.70029,-45.105083,3.3077617
-1282.4951,385.5108,-67.3056,-43.548286,108.61293,86.464584,-53.685455,-2.265854,-10.914031,-34.33479,-45.431328,-49.926174,11.775472
-1299.355,413.17273,-70.97998,-54.390285,106.61081,83.57029,-47.323105,2.2818298,-2.0165005,-42.549835,-46.67645,-43.68683,0.32891905
-1290.5078,397.49048,-68.5824,-51.25849,107.00889,72.10394,-38.358818,9.182066,-0.020724773,-50.843304,-51.32899,-41.88222,3.6963859
-1299.721,406.68195,-64.57874,-46.74801,98.51848,68.98329,-50.882378,14.81461,-1.8558064,-39.192764,-47.311848,-47.926804,10.698149
-1320.9768,397.46014,-51.817966,-44.39541,93.60505,69.170006,-36.431458,6.228359,5.85771,-42.939682,-56.48669,-44.047333,5.7709103
-1303.0461,386.0102,-45.374687,-22.458979,63.235138,77.482735,-32.915718,-4.0874825,5.3277545,-40.202988,-54.971165,-42.13333,13.35029
-1340.1868,385.1588,-21.84756,-22.475637,66.34447,63.87259,-36.02127,0.17370224,9.475546,-43.36934,-48.632374,-38.05333,6.397146
-1317.5873,375.09473,-27.594685,0.4429555,60.02185,42.527744,-28.045433,7.8386173,4.938655,-40.09637,-47.196354,-31.692959,15.056916
-1406.982,380.75922,9.280514,2.7054949,56.78936,47.10927,-29.358765,-3.5936625,9.52808,-34.099846,-45.880543,-9.575918,2.35639
-1453.5958,359.75085,46.69924,12.577455,31.565697,33.28374,-16.173557,-0.93277216,7.5657306,-19.748936,-46.536034,-21.856205,-4.108011
-1578.1599,325.04797,84.1286,31.976515,28.686398,36.420853,6.0569096,9.155573,8.282681,-3.456831,-36.08748,-25.775633,-15.022435
-1597.298,296.6903,88.61665,73.25079,45.60304,27.650513,-3.868864,-7.4539566,5.1098557,10.837664,-26.765894,-41.046837,-19.909435
-1574.355,307.68872,66.69733,52.94427,63.102585,40.52442,-22.482765,-6.684428,2.9139252,27.825214,-22.877325,-60.763294,-32.20956
-1537.3693,307.1713,25.949293,71.12266,96.50652,22.065819,-31.97225,8.216789,30.273075,6.0767727,-35.648903,-35.526512,-39.037815
-1511.3408,306.79218,9.058022,61.17933,118.708206,21.22482,-32.748543,31.238575,24.166777,-9.053585,-20.624264,-25.738758,-48.594467
-1467.1147,299.79315,-4.8092365,81.56961,114.67126,12.6031885,-37.333706,14.016702,34.106407,-6.24543,-15.907905,-25.378868,-53.440453
-1450.1743,295.34445,-14.796649,94.77315,114.03514,22.140366,-33.873814,15.413073,30.822361,-6.7674494,-14.968101,-37.57297,-50.462994
-1411.9529,294.53143,-20.175419,96.05256,111.70076,16.962124,-40.01545,6.49265,31.49705,6.074868,-22.992418,-34.92744,-48.835045
-1293.1621,297.59393,8.246076,132.78265,53.652843,3.2492585,-87.46628,-28.457993,29.127449,-23.078949,-0.44639987,-18.525505,-35.34279
-1153.227,288.6195,-12.784548,166.3241,1.4016116,-23.936152,-115.68193,-29.229208,20.4901,-20.925613,4.187864,5.326492,-21.338482
-1115.2623,297.65283,-35.676353,184.85513,3.1776776,-52.59475,-113.25189,-31.709425,24.211258,-29.957352,4.5434046,19.3232,-14.15213
-1094.6221,290.4393,-35.592735,193.44626,0.35555983,-63.234497,-136.52089,-34.87724,33.866776,-38.87007,-0.42311794,28.529768,-13.396387
-1057.8679,295.28992,-58.77718,206.77022,-5.6197963,-84.44679,-115.89581,-45.758408,37.596004,-37.855747,-9.7677,36.122997,-1.7944031
-1058.5087,304.40466,-65.1402,201.87743,5.707165,-100.863785,-126.96725,-34.956375,30.165792,-28.977812,-15.925771,40.870148,7.4570217
-1013.1776,294.96228,-78.79393,221.26004,-15.023635,-116.42646,-117.480804,-39.391838,36.498875,-31.119572,-13.86308,41.44302,-0.9986534
-1031.6918,313.94238,-74.69443,202.08968,-15.861071,-116.69531,-118.57187,-44.3569,39.79373,-23.285524,-20.636667,39.98536,2.0346584
-1033.7615,322.07104,-63.805428,194.4074,-26.698162,-120.859764,-115.48456,-40.5653,38.005096,-15.463002,-15.51884,39.18414,-5.252079
-992.58356,305.61548,-69.49236,207.79666,-46.071198,-109.64543,-117.39003,-41.462364,44.05592,-17.125206,-7.461074,29.36166,-7.335182
-1010.60675,312.36,-63.69805,200.88882,-46.766434,-113.464134,-99.9565,-47.627625,31.976187,-2.9037514,-9.499242,22.280596,-12.308748
-991.65924,286.82202,-58.140457,197.22217,-51.979244,-102.435005,-93.495056,-54.486847,47.078316,9.746288,-27.78919,20.988049,-8.295805
-1016.1841,277.4585,-58.674114,192.61908,-53.90468,-96.00606,-81.438126,-34.889267,30.30703,22.411335,-21.505234,7.381572,-24.894371
-1091.0591,284.16986,-55.558083,189.15125,-29.2215,-96.34677,-66.72585,-34.211292,32.03163,27.229988,-18.510841,-6.6507673,-30.534716
-1199.2693,301.23712,-56.404594,174.37433,15.761343,-91.54108,-69.7766,-21.022095,35.846344,12.124357,-12.15152,-19.08296,-44.53897
-1401.5955,278.20917,-22.899437,136.14859,57.539158,-63.278362,-74.954056,3.5944586,49.611687,-0.9547558,-21.219885,-4.8185945,-39.831444
-1710.8479,251.51793,113.90958,79.76781,48.964645,34.92493,-19.755705,-20.152874,23.441,17.357498,-28.487514,-19.053558,-17.010649
-1818.5244,232.93428,132.85112,62.743706,41.44821,32.210663,-14.7024,12.421792,-0.13083935,2.0260124,-14.557988,-38.623882,-17.893364
-1806.3595,233.22447,136.03568,52.46867,57.163063,21.032022,-18.520775,-0.49972343,-8.506574,-0.77805114,-1.5491017,-8.581693,3.052907
-1714.549,228.61543,75.313446,91.84387,62.493687,27.988539,-2.3632708,-32.41004,-33.56819,-13.803342,-19.907017,15.773856,10.35832
-1611.9017,235.67499,51.33235,87.09613,78.76864,28.819887,-21.974806,-25.053722,-16.593763,-23.903687,-12.453283,13.031829,-7.296574
-1587.0447,247.47192,27.952055,90.32797,99.47992,41.514107,-28.388199,-26.446503,-15.252338,-25.691618,-20.724545,8.428766,-10.874769
-1560.0413,253.38956,11.467314,86.81221,141.56902,44.43995,-48.59874,-7.6796103,-23.447601,-43.128956,-8.793734,-5.153988,-23.490646
-1457.9664,256.443,-18.33945,101.94719,146.96747,34.33699,-62.29502,2.4606743,-10.347011,-51.44978,-0.40755463,8.758633,-38.756794
-1400.251,251.48553,-57.859333,122.13625,156.08676,40.67347,-68.31814,-21.995213,1.7946033,-45.86418,-11.85769,18.858229,-45.302795
-1069.2269,238.8038,-158.33585,103.1935,136.35281,20.758434,-57.633595,-43.414917,-18.84108,-22.310593,7.987429,55.83068,-57.291626
-925.5304,224.07684,-226.7818,145.01228,132.5456,56.149876,-85.156265,-75.19334,-19.040575,-26.622255,12.183816,56.13855,-47.92135
-887.74835,210.27289,-233.2934,151.92163,126.26887,69.16972,-99.30563,-74.87384,-3.269291,-23.251686,15.861824,49.595345,-56.21188
-887.4612,217.99017,-244.56288,150.45782,116.11911,81.85172,-114.83409,-87.502396,9.077583,-1.6790714,12.485703,35.269897,-49.50449
-903.5231,219.2981,-241.48195,146.66183,114.63543,72.23175,-92.35637,-87.602646,11.74844,3.6894283,-8.03399,34.658646,-44.522625
-900.014,194.4414,-226.5471,144.4738,126.72292,72.0663,-92.28822,-74.05722,4.4003544,5.4644985,-19.219631,13.044355,-34.682396
-908.8834,198.298,-216.42947,137.79877,132.39697,55.20623,-83.90746,-78.236374,2.1021976,20.395926,-32.866,19.506147,-49.873245
-947.0647,205.21254,-189.06824,124.17259,118.821075,35.552708,-69.18494,-79.42038,2.7199936,24.228062,-40.07693,7.055558,-43.377697
-985.19116,213.72905,-158.79329,104.348694,111.272766,49.794724,-73.612785,-64.897736,-25.862183,25.70663,-34.74374,-4.516036,-31.698318
-1003.4139,224.40854,-111.928116,74.59357,77.50009,56.607094,-53.642853,-43.455986,-48.214527,7.5508513,-29.10025,13.361441,-32.699863
-1107.0988,254.94496,-39.660507,29.884838,54.87026,21.677837,-7.9371576,-11.247597,-72.25013,-5.355057,-42.897087,31.605335,-21.687683
-1245.6101,287.02737,17.638071,-14.546445,36.888565,13.375068,43.156555,-11.879689,-44.869278,-28.531504,-65.75013,22.742662,-1.4380856
-1418.4758,276.6914,-12.63516,40.507996,90.94398,65.4122,-6.496397,3.4982967,0.31654072,-21.611078,-57.387142,-9.226698,-12.113906
-1428.9884,279.67892,-17.065615,55.850426,84.764114,56.60553,-5.8612022,0.46901655,17.70409,-20.605743,-56.03591,-19.457535,-17.881897
-1412.3402,278.11215,-32.1494,62.72633,85.717834,47.505497,-10.27652,4.5268903,27.988441,-13.817827,-72.821754,-14.741703,-21.152275
-1395.4636,287.0478,-24.25164,68.65103,68.526306,25.068775,-15.253342,5.1507797,38.663048,-3.824202,-59.339558,-17.210213,-19.543102
-1384.3528,292.54745,-22.878668,56.698685,74.51375,30.61438,-35.41593,13.020058,37.11695,9.251846,-49.450798,-36.431885,-30.768911
-1354.9475,288.9922,-18.703648,65.14609,62.314857,20.174236,-54.33447,15.9544525,41.882446,-2.68357,-34.529278,-29.97155,-42.326324
-1265.7754,292.24652,-20.429325,72.14035,51.480003,-0.8432522,-74.001595,3.3968277,29.501444,4.338418,-22.233906,-31.157356,-23.851706
-915.6995,300.4508,36.706646,43.4538,-59.36399,-102.80832,-112.30431,39.49738,-17.735764,11.125631,-22.102648,-32.982033,-1.8919744
-806.18945,310.75403,-5.744238,54.077988,-88.207405,-138.41489,-93.0945,83.383644,5.9948845,-3.5050297,-19.477476,-28.422901,-16.056232
-769.69946,291.24966,-21.572552,68.17493,-117.93168,-130.5294,-85.28483,111.49323,3.6493187,9.039331,-27.539013,-25.714903,-3.4119854
-743.7851,275.46628,-17.253788,77.676285,-128.7298,-121.44319,-80.787186,102.58554,20.235207,13.478386,-49.627056,-13.124632,2.2599363
-751.00806,287.59613,-22.790846,88.7583,-131.37984,-121.41458,-74.577515,111.74557,22.911348,14.361515,-46.621437,-16.161232,2.6656895
-777.81885,280.24365,-3.2193375,88.98161,-144.02586,-107.8612,-57.51136,118.79519,16.709257,9.856354,-38.1274,-14.513647,-1.4810314
-764.3114,251.68831,25.6446,77.78288,-127.816635,-109.732025,-60.137375,120.96248,22.021526,18.383213,-46.093292,-18.843105,3.673336
-763.83875,244.9943,32.919125,92.725006,-130.57465,-119.154625,-59.797863,127.32614,4.673409,23.804897,-38.078255,-19.47052,-3.9667335
-795.6928,255.22398,48.438324,82.61789,-114.99923,-126.98767,-33.723885,91.17369,30.147266,18.410124,-41.288826,-21.160112,-2.7905302
-828.3425,269.6604,55.875,97.255936,-122.05898,-91.867485,-55.38712,80.04496,29.104729,20.295296,-39.266064,-24.535751,3.2545938
-871.1831,277.0064,51.652393,137.62451,-131.02351,-77.76122,-61.997807,69.77598,21.702753,39.865524,-38.767857,-24.281214,-6.4839864
-908.2659,269.3747,51.382904,151.50223,-109.61841,-70.94124,-61.14149,62.123512,23.414028,47.098248,-34.89935,-25.52869,-18.086315
-958.62634,256.68115,48.36296,165.7205,-90.16754,-50.30637,-55.899574,52.76633,19.078884,57.298363,-41.98301,-21.570686,-14.823162
-1043.7817,259.37653,43.91308,174.97363,-68.838425,-28.308552,-70.62654,65.26065,24.253494,38.65811,-26.601059,-40.90892,-8.711716
-1125.1965,246.31412,55.531532,186.71992,-61.519352,-9.866217,-53.978756,42.841,21.063265,32.273827,-41.222034,-36.163155,0.03878975
-1245.3054,254.67212,59.725616,164.87253,-23.88781,3.3942766,-41.963455,17.834694,30.990196,28.808403,-39.436375,-35.774605,-8.657649
-1508.2058,243.62369,83.11082,115.268524,64.68593,51.421806,-13.845766,13.69906,51.916847,19.473852,-44.928673,-35.3227,-17.582016
-1660.4849,245.91634,114.26462,94.063965,57.623386,59.96433,5.140641,7.161867,47.499187,42.091732,-38.02091,-46.373676,-19.852123
-1800.4353,228.55806,151.04608,76.76863,81.365265,62.089516,10.028325,23.521896,10.328005,17.324772,-20.55097,-24.653156,-18.290659
-1843.6198,196.89566,150.96382,81.960815,73.74718,66.618965,13.927666,28.291348,7.322183,8.871725,-15.363353,-16.425854,-11.046083
-1846.7449,202.34662,148.4749,71.66907,52.340317,63.171623,7.7953577,18.940044,4.472046,15.151271,10.146627,-19.362228,-19.378439
-1851.0378,175.93211,146.16318,72.985115,43.614227,76.84802,34.470295,24.215385,3.715392,13.000998,-0.85449195,-21.300776,-13.045686
-1810.1484,193.24115,135.30031,69.83407,32.32252,64.435715,21.734318,14.257494,7.3506,12.329166,-0.71180195,-29.987011,-14.202658
-1135.8577,184.47351,-169.43033,99.71775,-15.623758,2.9465256,30.863716,38.33798,27.369423,-39.869534,10.692001,9.457242,-53.38144
-1033.7175,172.99857,-76.34011,166.87616,-43.752544,32.030518,-18.14324,18.061749,-5.835555,-49.72988,4.3512273,-13.776382,-35.69731
-1070.5145,261.91132,-72.25194,155.3759,45.455982,46.55695,-62.369095,-11.969302,17.41399,-76.08422,-7.9774346,12.435801,-72.12709
-948.70685,236.94122,-67.868065,158.02925,67.26122,78.12471,-63.439156,-9.902563,-38.32202,-100.21033,-42.28075,56.11026,-51.617966
-850.7322,231.43939,-91.73561,151.46771,86.65977,96.10077,-66.45473,-17.501469,-63.421043,-89.82257,-45.347622,62.163742,-62.067436
-790.92725,214.04303,-110.83528,139.97917,108.721954,130.67586,-89.1664,-16.137602,-89.21559,-75.7644,-31.81414,45.739143,-60.58964
-779.48376,203.7186,-101.83682,122.668236,126.344,131.79225,-89.987976,-42.386658,-87.35455,-40.807365,-46.356342,66.66851,-79.885605
-819.8303,227.44812,-125.460526,122.3586,145.29619,132.79646,-82.66913,-47.620064,-97.565636,-33.510765,-27.323948,46.300636,-69.098946
-796.64966,221.37564,-120.34514,97.04941,149.3891,120.79933,-95.59204,-56.202812,-108.13187,-14.081181,-22.9252,57.89163,-71.30182
-790.4909,212.61781,-126.587685,97.06083,132.37881,132.97633,-111.29408,-71.75573,-106.09664,-18.494507,-17.194155,46.193993,-64.69773
-806.6304,231.14246,-145.99158,97.19943,155.80411,131.99313,-111.59567,-83.053955,-99.037415,-23.915031,-24.928158,53.53048,-75.09239
-779.4453,224.99443,-176.02171,112.49831,169.59827,122.419556,-104.2148,-102.43088,-72.82691,-33.214684,-2.5540416,35.718918,-66.38323
-789.379,214.09406,-175.52046,132.1296,162.036,132.09273,-105.1868,-91.65527,-57.442986,-28.281052,2.8855917,34.568928,-73.16566
-776.7931,217.94615,-188.3733,153.13626,148.05685,125.507744,-104.70067,-65.861374,-48.40853,-15.877405,0.6544964,21.456919,-59.679832
-777.1209,208.82373,-198.50128,168.14185,168.97786,115.12545,-88.60724,-76.20971,-36.45912,-4.8554897,-14.643138,24.472208,-89.07805
-794.1482,219.56772,-223.68733,175.29034,175.7385,129.81573,-81.7586,-76.38861,-33.01343,-19.933477,-8.123885,15.359575,-85.06334
-783.0335,203.50784,-221.17749,182.16084,172.99835,135.00389,-84.05798,-74.40701,-31.521284,-20.425957,-10.8026085,15.889061,-81.188034
-780.8624,207.0127,-220.7327,171.7127,168.00774,133.26047,-84.342636,-82.753845,-21.703205,-14.275808,-15.453481,23.951975,-91.42749
-799.41223,212.92825,-224.68465,180.10815,161.17456,129.25272,-97.9123,-93.02699,-16.013935,-18.84489,11.440808,21.401962,-83.77992
-821.7176,224.82545,-228.85973,165.2496,165.05873,115.813614,-89.655136,-86.34179,-25.91439,-17.349876,0.68449044,28.648998,-78.03215
-850.49915,215.3074,-223.16876,159.6929,177.39285,122.26357,-102.81549,-83.8423,-25.54768,-29.214483,11.123134,28.573221,-68.54498
-857.81226,198.76791,-225.647,170.16306,160.79126,114.404,-87.74045,-88.25242,-23.33358,-29.822227,11.658302,18.006134,-62.54895
-903.86584,190.39871,-207.14267,156.86809,166.72812,114.55796,-94.461205,-66.15765,-36.195644,-20.79559,6.2274213,28.83006,-74.74867
-914.397,167.08994,-191.69104,167.72498,161.63283,112.36433,-108.749596,-70.73717,-34.251217,-11.502443,9.665219,37.97455,-78.740005
-917.1702,166.58517,-184.78069,146.40604,168.34186,107.233086,-88.86168,-60.639156,-25.794762,-22.584759,-5.3173165,29.370934,-80.08307
-900.23346,148.34789,-166.37689,170.16562,158.75029,124.67857,-111.016785,-64.96085,-25.748966,-28.182152,-3.6241117,42.988914,-78.87732
-914.3346,179.2085,-160.4962,157.62076,158.26578,127.51843,-99.671814,-65.07206,-21.95043,-46.623753,-2.2032495,41.679127,-74.3752
-940.84705,178.14954,-144.72687,155.3617,165.93839,135.47252,-102.42299,-54.533566,-45.93656,-41.777336,-3.8441203,23.51973,-78.680145
-957.8438,203.2048,-116.38235,129.74265,155.27295,130.20963,-95.64965,-61.88321,-33.751648,-61.743317,-7.6485868,28.735245,-69.510666
-969.3491,232.24277,-106.90076,130.42389,139.62112,114.002625,-78.88724,-69.19368,-51.48555,-69.499435,4.561377,38.04904,-62.054405
-1002.7842,266.6756,-98.03317,130.312,94.16597,101.19701,-66.7283,-50.540646,-37.8603,-97.74296,0.15947491,47.57583,-45.598442
-1026.2593,282.3464,-81.558075,119.32345,61.1707,66.97834,-66.03149,-13.096704,-28.427528,-77.433304,-12.142311,25.385532,-34.448864
-1092.3972,271.90796,-47.139046,156.8032,54.41455,45.04589,-90.78442,-32.416145,5.465645,-55.093452,-3.575257,10.97492,-58.02782
-1158.306,281.06598,-28.47942,169.65353,49.028015,-7.700775,-80.99779,-23.622957,20.68509,-33.489796,-6.9963045,-12.634585,-54.06968
-1245.0607,270.51984,13.736221,162.37088,42.899715,-29.248087,-85.78511,7.241958,51.008877,-40.650856,-30.189907,-19.263153,-59.240017
-1394.2062,257.74896,46.91404,157.41766,18.398535,-34.11987,-61.93969,59.753822,41.79469,-67.576454,-6.8567214,5.2669067,-50.981586
-1709.2651,220.7034,107.8354,104.90142,74.271904,24.827265,-11.769325,58.4939,28.611046,-35.486393,-19.386776,-12.539387,-34.30409
-1798.623,219.41104,135.99942,78.0475,80.48784,69.190704,1.0527422,23.529133,16.831247,0.0064697266,-8.391059,-9.911314,-17.290041
-1809.3188,207.98409,146.47787,76.28678,58.78787,58.674065,10.833408,35.182602,14.975515,2.0529308,-12.665384,-12.348019,-19.604631
-1819.6661,220.01974,143.57762,53.415268,54.374954,65.10689,22.76072,47.299843,18.017653,2.4626663,2.429881,-9.36382,-20.32313
-1834.562,199.12395,156.86969,69.76901,64.43752,51.25806,10.187664,49.13733,22.275063,14.986572,2.5273907,-25.424225,-16.83371
-1806.1853,211.41861,146.87201,70.729645,53.992733,56.4292,16.578884,52.73013,15.841549,-2.1583982,-11.424334,-16.278606,-3.1849766
-1186.6426,220.0903,-90.331955,89.30772,35.2922,-42.01572,-2.444791,102.86035,-20.134138,-19.124184,20.007345,-17.681633,-15.618853
-1207.9419,280.59613,11.540006,108.49285,-7.6341343,-55.633305,-87.07625,65.98052,-10.298973,-14.435726,6.8290277,-35.882362,-8.229729
-1116.6694,365.1443,28.447327,119.97515,-32.172806,-120.27211,-128.22868,52.576912,24.324743,-12.868467,0.54203814,-31.67047,-45.391846
-1032.3306,384.43198,34.267464,96.76497,-47.976963,-144.58397,-158.39111,66.60419,25.627453,2.7203426,-0.49310732,-58.238953,-34.780758
-979.56354,394.9024,12.951169,84.13727,-67.745575,-147.99109,-145.84167,43.930508,55.083656,13.496525,-4.837662,-49.081894,-26.167564
-942.03125,396.96594,1.9425011,91.876915,-90.99124,-168.47952,-130.8829,29.184944,64.58852,33.130527,-30.94576,-30.25618,-13.441896
-945.9601,404.11523,7.689434,93.90964,-108.65697,-159.19232,-140.61296,19.156582,79.79991,30.150122,-33.266068,-26.34717,3.605915
-907.0428,382.66064,-1.9945745,107.22721,-118.686775,-163.60883,-130.8883,6.6639066,85.6346,41.11772,-57.508152,-11.067202,4.3180504
-934.14844,380.13312,18.00779,80.28255,-102.1622,-147.52405,-149.89613,21.421616,90.69089,47.750843,-74.58561,-4.528118,5.6203423
-941.1285,365.75092,18.453695,82.4241,-94.0788,-142.66891,-151.24934,26.124743,93.44187,44.17182,-64.68698,-12.585677,9.724403
-971.0289,369.9776,13.782473,78.08514,-79.682144,-138.22058,-155.28407,30.769789,101.23266,37.549694,-55.57157,-17.689453,9.806023
-996.9432,354.6902,30.505259,69.42923,-58.591152,-133.85358,-150.37119,44.539906,85.21169,45.23722,-58.12213,-7.6689205,1.0764694
-1039.0352,352.35107,35.137173,70.47533,-32.505077,-134.38707,-146.38382,45.194183,90.50227,30.653656,-39.845078,-10.277653,-11.951561
-1052.4526,335.38458,48.174927,56.191383,-6.954852,-137.74658,-130.70532,60.20553,62.143726,40.203415,-39.101833,-3.2283993,-17.192524
-1086.724,333.94385,42.539536,68.52362,-9.059671,-113.12388,-138.45029,70.62364,54.061066,31.378443,-21.475431,-14.328356,-25.055252
-1100.8085,327.60028,31.351,84.41002,-22.518614,-90.99068,-121.53273,78.97505,36.504723,12.919873,-0.86868095,-16.80917,-26.069532
-1123.8041,311.609,36.984562,96.708595,-8.173843,-89.02576,-112.55445,73.76797,37.11847,25.720047,-17.378141,-13.718311,-21.833973
-1121.8584,288.35785,22.345535,113.06741,0.5313878,-74.421974,-105.66131,93.98416,1.2986388,28.72181,-0.8007389,-30.105179,-15.876068
-1150.8955,260.047,20.598103,126.80441,13.453086,-46.14471,-101.84122,101.448746,-4.8155475,19.902647,-3.0640273,-34.003395,-4.6941533
-1254.095,268.84534,23.258507,116.93233,38.97554,-27.011948,-78.305214,92.1803,-9.362768,10.204109,-10.384391,-33.604435,-8.925978
-1413.2632,275.01007,18.699356,88.02028,86.11149,11.638005,-52.618053,69.24185,28.496235,-13.699268,-19.713373,-23.520908,-24.71999
-1488.1975,290.89508,23.566027,61.255928,104.784065,20.547323,-46.695717,60.813667,44.354458,-16.280865,-27.154911,-13.916132,-24.483227
-1484.3623,294.30994,5.5726027,56.33185,109.58846,24.48043,-41.559376,66.39392,36.743725,-18.982937,-15.759517,-18.034557,-31.30489
-1494.9271,290.81232,-2.117846,63.6761,118.89228,11.51817,-29.880379,63.44841,35.18699,-11.04678,-14.123342,-26.040134,-37.82325
-1506.5536,288.04495,-2.1880503,65.168655,105.98547,29.365435,-30.322924,62.794674,43.65052,-21.143902,-10.439153,-19.763233,-39.13633
-1516.9058,289.4191,12.04304,53.597,124.01752,12.599773,-42.40966,69.67701,39.59581,-19.171612,-3.186241,-18.00735,-39.28534
-1518.6819,294.4353,-3.7467864,58.399567,129.6369,20.935177,-41.51735,76.26433,41.756462,-25.819733,-7.8230414,-22.515274,-39.347992
-1496.4484,295.94995,-4.396597,56.922546,117.70477,21.666338,-41.590553,68.63214,37.029205,-29.628407,-0.6283421,-10.325431,-38.085495
-1512.4625,301.19623,-11.997035,55.30976,128.80496,23.105072,-32.264687,65.942955,34.964252,-26.97954,-7.0092373,-14.100607,-38.90875
-1502.5494,288.59247,-10.211159,66.00049,121.84785,27.333647,-36.227196,60.258568,38.517704,-10.870151,-16.309965,-31.52097,-37.39433
-1472.4507,281.43442,-9.509701,59.505936,117.93605,18.306032,-24.395088,59.50489,43.034386,-20.01715,-25.370234,-22.880875,-27.21314
-1469.0311,298.13904,-12.413029,63.877266,119.690285,14.878485,-47.638733,51.064056,54.031006,-11.363306,-37.91536,-20.000078,-14.937914
-1460.998,282.73907,-16.052143,61.518135,125.227806,13.449397,-36.053833,59.35251,53.486275,-14.683725,-37.66341,-25.753088,-26.475218
-1450.0222,278.50946,-23.142918,69.43982,125.749115,12.9638195,-31.940111,57.263306,36.601395,-11.205798,-45.465393,-36.683556,-15.400091
-1457.1536,292.0979,-30.346266,74.501686,128.57684,12.164534,-38.061115,49.653725,51.425373,-14.859917,-43.741356,-33.867027,-15.597973
-1452.0691,285.68732,-32.84019,72.22612,129.36017,18.22235,-39.510468,54.035576,42.795116,-13.264154,-34.92724,-34.116753,-19.70699
-1443.1793,285.3276,-32.979275,83.08852,122.54941,12.10965,-33.263138,50.50521,50.85516,-14.7416935,-39.127083,-30.974302,-18.406597
-1454.8643,288.8238,-26.24305,76.058655,118.67954,10.244671,-17.38987,46.435486,37.625854,-11.146534,-42.14317,-23.949287,-16.289932
-1475.3391,287.91522,-13.253216,68.98372,118.9249,13.408463,-19.96851,55.99307,30.27644,-20.667618,-37.921665,-24.204823,-12.618255
-1493.1016,291.38483,-13.816724,67.90286,123.97797,16.053522,-24.451893,62.219578,31.48541,-25.093445,-20.600786,-29.335464,-24.515276
-1491.3964,286.92932,-14.720148,70.97357,125.47903,10.641773,-12.519704,72.06041,25.00301,-19.188957,-27.798325,-29.81783,-30.11576
-1490.3035,291.52072,-19.18889,84.06062,114.64678,9.29974,-8.237363,68.97038,19.627708,-18.624977,-30.829752,-21.374443,-28.912651
-1476.5513,290.0399,-10.157117,80.55932,108.01152,14.068886,-20.95596,55.36711,30.796375,-21.29739,-22.854235,-26.658474,-24.01616
-1475.5127,294.97607,-16.096952,85.74574,105.560715,2.6912823,-21.111687,62.350426,22.078934,-12.207375,-18.959991,-15.799534,-31.69828
-1481.9707,282.98193,-8.898567,77.01625,109.80326,15.105045,-20.7362,64.75463,35.616367,-19.079124,-24.756105,-23.24952,-29.723644
-1484.1992,295.14624,-3.607574,67.312416,112.82011,-3.0909357,-18.088089,60.531357,27.478472,-22.121025,-24.095293,-19.096329,-24.212149
-1466.773,297.2209,-18.229492,65.78225,104.94714,-0.41502953,-27.84244,63.929237,30.961338,-21.33451,-29.566694,-21.490105,-12.041508
-1459.6791,289.1018,-31.787788,64.48079,114.787575,-5.026785,-13.871954,64.71799,42.187645,-18.310396,-47.46697,-19.937368,-7.343611
-1463.3615,285.76315,-32.430862,73.2318,107.70659,0.233881,-15.112549,59.120384,31.92295,-16.672665,-43.125854,-18.609192,-2.376011
-1480.9581,289.79865,-29.217293,53.426098,120.26587,15.142405,-38.41697,74.47937,44.47126,-33.301205,-40.10305,-28.426266,-10.86248
-1476.5715,291.9668,-8.636442,60.28002,96.698654,-5.3956747,-29.985077,57.53663,34.292114,-19.621048,-47.284145,-11.003013,4.1412106
-1517.183,286.02728,-0.29620337,60.50974,111.11665,1.2273655,-25.799707,60.293957,25.409208,-27.916695,-42.450005,-27.184536,-5.915966
-1488.9663,286.12018,-7.1872663,49.777885,104.24514,2.1348267,-23.979658,64.00921,43.357826,-17.138214,-47.11418,-23.752525,0.8530712
-1455.6357,292.74515,-38.16292,66.483086,119.91896,-4.0315466,-37.487385,63.445602,48.172314,-18.87553,-52.742466,-23.198444,-0.12989044
-1476.0131,294.67493,-29.071835,60.94273,121.74805,-2.717165,-30.085049,59.994846,56.299385,-9.452806,-56.811188,-23.974108,-5.1362686
-1452.5143,291.76483,-32.738533,80.01279,99.66993,-9.239618,-21.30845,55.903282,46.15268,-1.9060307,-46.00667,-20.500818,-0.78497505
-1460.3721,292.0137,-19.277771,81.3313,100.99626,-17.290028,-27.499321,66.592896,41.81491,-2.4388533,-30.179884,-26.982082,-6.947691
-1506.9866,296.18237,11.685028,76.726746,100.80864,-20.210037,-23.146507,70.83552,29.670952,-5.768964,-24.066996,-21.946712,-17.914265
-1508.1663,281.56976,11.718585,80.0795,101.18691,-14.869104,-12.507908,66.67804,34.207024,2.1798658,-30.628548,-18.496204,-27.370728
-1508.5776,265.7629,-5.4742093,92.003044,91.73384,3.458334,15.998936,71.94026,34.981155,-6.7451744,-34.25708,-31.392162,-30.942154
-1521.6268,279.6203,9.694462,76.413445,99.65947,4.188547,-4.3945036,64.56889,31.934628,-11.759609,-32.159657,-27.270237,-23.825272
-1545.2792,298.417,18.959711,60.604645,99.28803,3.211564,-25.706377,65.94022,30.833485,-13.939224,-20.499525,-26.399895,-16.141476
-1579.0732,278.2065,34.100613,78.391,88.90113,12.215122,-10.798971,65.840576,34.79942,-8.633142,-32.689014,-30.774275,-18.514225
-1589.4253,284.75342,37.54612,65.52849,93.300186,10.358595,5.116663,56.491806,25.982447,-3.7869263,-29.941055,-33.329582,-26.730902
-1574.0509,285.4045,40.158466,74.54242,79.187836,4.103348,-8.253054,44.91194,25.891111,4.7825003,-28.957941,-34.460854,-11.2876835
-1571.7725,283.2508,52.06139,72.49242,82.58981,0.44935703,-6.2478886,48.048103,16.80493,2.6758919,-19.17956,-34.765446,-23.951735
-1604.8995,279.99368,73.210365,73.15487,66.92787,-0.4358554,-14.423628,46.647285,35.11654,20.274582,-31.272135,-47.797485,-30.240929
-1652.0549,290.86713,102.995026,47.242157,53.527008,14.557963,-12.558882,40.568756,34.265896,16.315739,-31.042814,-47.121548,-23.927876
-1702.7622,274.66205,119.141205,61.82035,34.57144,23.286528,6.7248783,35.705612,38.912518,20.877247,-37.205673,-41.34705,-15.890114
-1744.5488,273.03973,140.46405,51.657463,26.889023,24.890137,11.787304,48.70988,27.337551,16.139557,-16.717005,-36.23628,-18.172298
-1800.054,252.61491,157.6383,48.326164,37.326965,51.15162,27.204435,34.069405,3.4121552,5.0726814,-2.8706965,-26.491962,-10.833534
-1840.0247,234.58434,156.92099,65.95252,51.42923,47.971905,19.406738,34.968605,-10.4127655,6.3434405,28.21772,-15.21356,-8.95322
-1788.8052,211.5806,132.1477,91.37103,41.55556,26.403246,41.443974,29.350058,-8.851682,9.76086,0.20050098,-15.992611,-3.576148
-1268.4341,263.4618,-111.16995,101.376144,21.190815,-43.86798,65.31621,53.878998,-59.647743,-22.643341,18.831543,-8.989464,-6.895424
-1201.7911,323.1632,-9.116832,128.11877,-10.514901,-82.466064,-18.192547,20.034584,-33.984665,-20.39869,-13.269056,-24.476128,-0.026273727
-1165.4692,400.39453,-6.4785557,123.4754,19.266884,-148.57748,-99.192764,9.07601,1.3357086,-3.1580563,2.2452672,-56.281677,-41.02015
-1030.1516,409.2254,-38.447464,114.53091,7.5037184,-172.2407,-110.073944,25.393082,-4.0474396,-10.751148,0.82258576,-47.031574,-46.85323
-981.19745,407.25818,-59.534637,120.74835,-19.96526,-187.92545,-107.50993,15.85593,12.417192,10.74509,-26.92068,-39.174194,-34.16565
-972.2595,394.18903,-60.788086,123.35202,-36.114826,-217.97482,-92.49322,30.845081,23.260555,9.120826,-38.755634,-15.070588,-23.919804
-943.2266,386.9593,-64.47714,115.84535,-61.773785,-199.51642,-95.88237,20.762753,44.670433,13.3197775,-42.99256,-8.9395075,-9.262438
-953.36694,402.61908,-77.29816,107.55606,-59.29296,-215.7079,-95.252426,19.42335,53.45667,14.808875,-55.050274,-9.812274,-1.0383034
-908.34406,387.4854,-93.86843,120.84468,-68.48282,-226.70477,-74.71721,23.908585,39.372635,13.930124,-66.04692,9.436602,-0.20367241
-892.69196,376.51266,-98.21472,127.86775,-80.3618,-210.30734,-77.53254,22.51506,42.060905,4.343102,-58.092087,6.5212893,-6.209017
-902.0292,383.01538,-101.480225,108.13932,-64.957634,-203.26823,-75.66809,39.37439,37.629814,-2.8585675,-73.113045,4.767602,9.569177
-872.2301,381.73413,-120.01987,115.27986,-87.885956,-171.22614,-42.213745,21.040485,46.514145,-21.42388,-97.14778,19.555376,22.280245
-831.9501,361.10565,-123.65882,92.310974,-78.75106,-130.6124,-42.800934,9.107961,48.113857,-19.509153,-113.090645,26.441225,22.296726
-859.5319,335.94922,-127.29927,111.704185,-30.374842,-106.25701,-70.67778,1.4507399,17.78472,-8.72514,-74.12542,19.349289,15.841654
-925.15375,342.98392,-133.18398,100.274475,-7.5090036,-73.353775,-45.61222,-4.5253334,-2.4409099,-20.997849,-36.388535,21.376175,8.420097
-991.43555,323.95648,-134.69867,109.20018,5.423629,-22.111444,-33.20868,-12.998767,-6.8461323,-28.335953,-22.718422,30.62709,10.203167
-1126.9502,335.4784,-110.13129,72.91577,48.789024,18.483175,-12.852542,-8.196335,-8.828388,-59.58316,-23.56021,49.135223,10.108639
-1363.869,316.27783,-76.396774,43.764,119.778534,49.451027,4.270131,-2.2531204,-38.320297,-50.031956,-7.39176,32.23434,17.884335
-1469.4645,279.11945,-37.883205,79.733765,128.54463,28.631046,16.920338,32.679543,-30.289768,-51.86117,-6.046046,16.52515,-3.8849726
-1508.894,267.41507,-3.6235547,93.97069,140.58246,21.854097,-16.341364,36.926434,-19.036972,-44.766922,-4.476548,16.27725,-17.104958
-1547.6869,271.91034,-5.8050375,97.10193,157.28659,26.49181,-40.394005,37.530308,-0.9815607,-38.07022,-4.7161965,11.725634,-27.654613
-1537.1299,255.0095,-18.474224,102.46041,163.69818,39.26938,-18.451393,40.38386,-9.339304,-24.966433,-0.5359083,13.053038,-23.150137
-1537.7692,249.33194,-7.930235,127.96498,156.22482,19.363632,-21.030628,44.160023,-7.3536205,-23.17557,1.8182946,9.217474,-29.561125
-1544.4325,256.23798,-2.2043462,139.54863,157.31152,4.843105,-28.228825,45.280396,-4.433489,-31.873144,5.6553874,24.82432,-33.926125
-1519.8312,259.46918,-10.111352,121.771324,172.42773,2.2398822,-38.216682,59.934013,-3.992876,-33.520287,12.707765,15.972279,-37.953094
-1352.3127,250.37024,-80.627106,80.629395,204.45059,70.68532,-61.359856,21.481014,-22.651321,-0.60667896,13.80971,21.04919,-46.46521
-1277.7913,270.1195,-120.37323,73.6992,226.06215,99.73724,-54.678528,-26.115047,-40.181847,-7.318261,34.4725,27.411228,-51.519928
-1275.2849,284.31213,-127.5186,57.001026,211.41095,131.4698,-53.266777,-40.405903,-56.66922,12.122141,34.981846,31.807508,-45.998535
-1244.4443,288.50656,-114.502304,35.353592,182.75075,131.05896,-41.62951,-34.916946,-60.299553,14.244176,46.402134,28.869137,-49.01259
-1218.1101,295.84256,-110.777054,42.804638,146.24419,132.37683,-32.98414,-41.922684,-65.19967,5.662236,42.550552,28.715366,-35.789345
-1205.0942,306.28638,-100.16967,44.174156,110.28996,109.759674,-3.0488253,-40.408245,-66.25206,-7.2636833,22.391998,35.687027,-19.082561
-1185.925,309.2407,-85.40604,33.687355,67.69098,99.86435,8.385295,-38.690834,-54.966957,-35.985714,19.225887,30.637821,-7.734869
-1183.455,312.89465,-72.72864,36.190212,24.107904,67.2315,31.456749,-10.354597,-64.08013,-47.48743,7.6562757,36.65671,8.949297
-1173.0967,285.75327,-47.346695,60.592674,-5.1511717,41.63471,37.61581,-1.8632927,-53.968185,-32.8815,0.61431426,42.696808,-4.575672
-1193.9084,264.2785,-14.590834,123.66673,-42.257626,9.919563,17.527706,5.5995474,-25.758274,-11.27088,-1.7324317,20.024254,-8.608089
-1219.4337,258.9873,-3.569571,161.14032,-49.861816,-9.076067,-1.9082851,13.812143,-4.671228,6.366249,-26.370369,-0.9753928,13.8770275
-1318.7433,271.63452,3.1928618,143.57578,-16.92951,-8.41922,-1.8933735,4.9786525,22.063932,23.838715,-31.444359,-18.71238,-3.6934032
-1536.4478,268.30045,3.1850965,114.39634,73.657104,10.784928,12.191656,23.862202,46.186672,34.54263,-27.84343,-18.85278,-29.993053
-1608.429,274.03613,45.217453,88.012634,77.05882,40.558914,8.674285,40.856308,55.488953,21.375847,-33.51633,-27.334343,-37.79972
-1683.1692,257.1062,92.05639,75.34178,54.400105,51.85533,22.186874,20.540424,59.09495,43.046738,-32.888298,-29.068413,-21.017284
-1774.5269,260.2113,120.54855,64.42844,52.39727,37.467937,1.6709437,24.900845,47.85468,35.36831,-14.251484,-12.254387,-13.192783
-1875.9158,221.70868,150.46846,62.8354,53.446037,38.20789,4.283385,19.553047,17.02262,10.39482,-8.470885,7.46457,4.9807296
-1889.4896,220.32242,136.73889,44.66523,53.434387,68.51265,25.18313,43.664215,6.3195686,-1.7137251,-2.1068943,-4.2068505,11.375952
-1874.0762,219.36127,135.7039,40.182816,39.24546,56.89218,35.236427,41.249245,-3.5096822,15.482639,3.8882658,-15.22897,-1.9441186
-1841.1064,216.23233,130.65472,34.79686,28.018852,50.79525,33.416626,43.656,-7.4085693,-0.8852241,5.64119,-5.4384193,-4.6050243
-1296.5046,259.28958,-100.068344,31.900455,6.203228,-46.28544,56.86251,69.90739,-71.29013,19.52993,3.2508593,4.310813,3.832962
-1102.2275,270.7843,-64.53769,59.271397,-25.25013,-40.361946,21.776531,49.53413,-67.097084,-0.340609,1.6123782,2.1788065,-2.260872
-1134.0452,364.07446,6.474921,135.38304,-27.956736,-128.18344,-70.40064,2.123004,13.598303,14.604891,-23.44031,13.489536,-17.560623
-1080.7341,377.10632,20.01416,151.09238,-20.229849,-147.07423,-98.26606,-39.443752,23.868553,33.397186,-32.77974,13.412416,-4.563939
-1058.0072,402.92444,6.873575,139.23213,-19.553574,-155.3847,-98.42241,-56.773544,36.754257,35.72926,-40.246304,14.148337,-13.267313
-1046.1511,398.07434,20.657743,121.813156,-2.2381833,-162.33286,-117.80936,-42.95555,33.052895,34.827545,-34.990185,-0.55413437,-4.244815
-1056.8242,395.36224,27.932154,126.12305,-16.125664,-161.60579,-110.428116,-48.07077,50.54843,25.088509,-49.36606,11.743946,-8.321102
-1059.5763,392.07434,15.480633,124.40555,-31.61354,-139.42035,-109.04906,-48.686134,39.85619,32.728897,-61.076466,16.8694,-10.191371
-1117.9938,393.97974,33.640415,113.81741,-27.599281,-146.55669,-107.68646,-38.769753,49.552254,13.281305,-59.86267,19.121264,-9.727301
-1174.1826,397.50403,32.501373,103.656784,-36.20784,-134.59616,-93.55696,-41.0318,47.05574,20.02598,-52.142002,14.116404,8.632776
-1227.0636,399.154,45.4349,102.58671,-26.871334,-144.13014,-99.890686,-31.25116,66.79257,26.580399,-56.483692,8.268886,5.7491894
-1248.5566,403.00458,39.445908,99.8636,-34.710392,-138.53647,-97.58223,-25.952538,66.08475,24.302898,-51.585552,10.4788475,12.642345
-1235.6763,375.96927,43.439804,119.29076,-60.17983,-134.71799,-77.14399,-21.137287,43.92262,37.543518,-47.886063,10.460566,9.86343
-1229.4097,359.73303,48.672363,113.73772,-54.92704,-127.908066,-83.61874,-21.22644,42.560936,35.69072,-46.532906,21.127045,5.787668
-1237.7677,357.49005,54.536842,109.94449,-58.17886,-115.22246,-85.88727,-23.132824,51.041107,28.35507,-37.050903,17.09221,6.6561146
-1246.7446,371.53903,55.25326,98.20712,-44.218636,-120.88311,-88.72579,-19.989216,52.084084,33.001236,-38.520153,17.219887,0.29395485
-1225.7434,342.81702,58.57486,120.98551,-69.83712,-121.38227,-74.45489,-31.23735,50.547462,39.09527,-50.948902,28.853533,7.7113514
-1254.2144,363.742,44.950462,114.67413,-48.394127,-128.60083,-79.55679,-29.555773,45.41842,34.75308,-37.541824,21.60571,3.1421833
-1245.5654,346.45273,57.240555,124.61449,-57.837704,-137.7887,-69.68217,-36.796017,44.577995,44.06125,-50.7709,30.82016,1.9616337
-1236.2528,344.05115,72.670975,118.34241,-62.198444,-131.95834,-92.73211,-21.973148,40.227383,45.972786,-50.520576,35.5904,3.5402603
-1235.4678,345.10205,69.91702,117.668755,-63.935524,-131.70076,-101.3481,-18.354813,42.916817,48.240963,-47.23743,33.81838,7.60408
-1242.74,351.9859,71.79927,104.240295,-51.184135,-151.6979,-89.61663,-17.222036,38.936775,42.690605,-35.475304,26.938393,4.114538
-1236.903,358.51678,58.64387,120.374054,-68.15814,-147.36832,-73.06474,-22.22185,43.156765,44.499123,-37.632153,26.904839,9.2186775
-1249.9396,366.9439,67.04941,121.29056,-58.175747,-150.89618,-75.80734,-16.81804,48.558064,42.05236,-31.36236,27.903831,4.2607384
-1228.6536,350.0819,68.5002,127.82331,-73.10663,-147.52036,-54.84282,-16.12537,39.1994,51.19913,-40.447327,23.588703,14.833353
-1223.1099,346.98758,56.30415,151.53535,-85.35825,-144.13258,-66.86109,-27.55952,58.027435,42.707027,-40.231937,26.293247,14.292397
-1231.7947,352.44687,60.77468,130.03693,-64.54324,-140.88824,-67.31585,-23.390427,51.88432,49.873077,-32.63716,30.106323,4.352806
-1237.0708,355.6431,64.54999,140.23944,-71.49444,-156.67372,-63.90703,-5.9951067,43.281624,46.23539,-30.728035,24.337748,4.277754
-1210.7415,336.93286,65.85748,128.64076,-71.078,-155.99489,-59.619625,-11.881656,37.505886,54.78627,-43.25473,36.42408,-4.2655907
-1229.0688,348.19608,53.75215,136.59525,-78.08419,-149.85265,-60.296883,-24.91811,54.492043,41.468937,-38.808403,32.167614,-3.5418682
-1215.4271,343.7951,62.83133,120.4238,-76.84432,-145.98892,-61.15087,-19.152302,48.716026,40.35373,-37.902348,40.140686,-8.623068
-1229.4934,352.30298,56.811455,137.84283,-83.68895,-153.27411,-64.34572,-31.058847,58.072983,49.10208,-44.850395,34.434082,-6.300659
-1220.0045,355.50726,54.094677,122.73272,-84.29434,-140.86618,-66.43675,-30.61813,48.03076,40.33172,-42.675755,34.29747,1.7657452
-1250.734,349.5612,64.44653,130.07727,-84.90757,-152.06125,-69.29962,-20.171818,46.389297,35.736897,-31.71689,18.567753,9.63707
-1258.0725,362.80347,55.54541,122.278244,-82.9113,-149.02298,-64.9159,-14.308489,38.610718,36.957573,-24.998905,9.777662,6.896143
-1238.0436,342.89734,52.103348,125.07861,-82.416245,-152.37695,-54.55692,-1.0430536,37.834396,33.50011,-24.494188,15.835698,-3.1576958
-1232.1025,341.4024,38.56163,129.09099,-94.28185,-145.22377,-47.03987,1.2679863,45.310596,27.777607,-22.663713,15.818072,-6.506592
-1241.5532,327.54175,52.028076,122.41655,-85.506905,-132.8323,-65.533936,-1.845643,69.69,25.793388,-29.41175,16.156174,-14.300856
-1250.8531,341.75446,41.884304,103.03244,-67.82834,-139.07034,-54.279465,5.886037,53.74476,39.446804,-31.784172,17.334728,-14.794416
-1251.8953,338.9284,45.564438,106.239006,-72.40724,-143.57953,-55.892017,12.720265,62.411537,34.083435,-29.47964,14.365388,-20.561678
-1258.7727,341.96973,50.234043,115.46182,-74.470604,-149.25595,-54.57109,10.65699,64.18279,37.417915,-23.48153,5.9886456,-17.62577
-1247.9038,326.1963,56.00228,110.88839,-70.5549,-147.06609,-58.787643,6.1291294,59.024612,35.514866,-23.043447,6.0800514,-13.955902
-1221.0132,323.62048,59.235855,118.81161,-84.35971,-126.71968,-79.36645,11.175365,41.073166,34.703552,-21.731695,1.0630665,-1.1049404
-1235.9762,348.7461,62.69686,113.915726,-80.94651,-133.68057,-59.405014,-10.927528,29.978046,15.982185,-27.657398,19.654938,1.484973
-1238.8485,355.67212,66.885345,130.86848,-74.76831,-140.09547,-76.55172,-16.59575,28.852474,17.819534,-15.753241,5.31917,2.5994177
-1216.2339,359.29108,64.58791,138.51843,-88.925476,-132.98799,-73.8698,-31.601223,26.834827,16.554316,-11.1189,12.338827,9.367039
-1240.3323,381.59253,75.98503,126.122444,-77.51582,-161.91017,-92.23198,-22.150496,35.81509,23.757809,-15.638199,21.276363,-2.158287
-1213.0896,373.15247,78.03745,119.68016,-86.34538,-151.30276,-90.5302,-23.40773,37.630074,18.416573,-6.555826,18.852062,-4.9876766
-1217.8561,371.2235,80.84241,115.84306,-83.249954,-146.36874,-85.20343,-20.174236,36.760086,13.482407,-3.6400282,19.446156,0.1853199
-1233.5806,364.4555,79.95996,116.73585,-67.89202,-155.15363,-81.490944,-13.966115,36.797367,18.188791,-16.287117,23.99328,-5.174407
-1238.294,361.2422,59.97088,121.11191,-66.95288,-148.19998,-81.4205,-20.718761,27.577728,23.039387,-14.494503,21.393543,-4.1572294
-1269.9292,348.4769,65.21075,128.50967,-68.43492,-147.54108,-61.37858,-21.683372,32.076035,22.126656,-26.654327,29.189095,-4.828864
-1267.488,338.23315,64.749176,126.94705,-59.39499,-148.46301,-56.332638,-28.887333,40.166607,18.194933,-26.119728,31.85166,-12.455852
-1286.4517,330.99353,66.54484,119.29947,-49.885223,-150.01184,-47.355946,-23.666122,40.127872,14.915295,-38.162273,33.63302,-12.789727
-1289.2545,328.3648,60.775604,127.43963,-47.933987,-145.13326,-53.25344,-22.803707,27.913242,21.348383,-30.658623,30.55559,-6.54023
-1287.1476,333.8368,64.41618,125.666336,-43.464943,-144.41911,-53.62731,-18.336487,19.853687,16.451483,-26.889727,36.945824,3.571128
-1278.7822,337.83533,57.598972,149.21033,-56.220894,-148.03607,-58.661427,-27.268429,27.562237,24.119423,-29.863834,39.84794,-0.7337408
-1230.8091,329.08865,49.318645,152.24243,-64.859505,-152.72037,-55.17964,-26.202095,32.660763,18.620361,-31.198053,37.386173,0.73636913
-1240.7244,338.18185,44.964745,140.3854,-50.01011,-165.0033,-57.509808,-17.652256,33.340927,17.376701,-28.063335,40.46688,-6.6600714
-1233.2941,355.52234,23.466217,137.79889,-45.48165,-160.95023,-65.621826,-8.779177,34.694366,16.429886,-30.937328,41.94801,-5.4439344
-1215.8633,355.75714,11.636206,147.06287,-58.52292,-156.91689,-49.190987,-11.166752,42.687584,14.648983,-36.19013,51.47138,-4.889822
-1222.8938,342.21478,30.941551,147.12201,-56.258533,-163.64664,-57.495827,-11.315344,45.44843,15.831818,-30.973818,53.376747,-12.8015785
-1252.2424,346.5149,50.079033,129.67538,-60.90145,-164.06583,-54.05809,-4.677738,41.467796,16.51119,-36.01623,50.85733,-10.007576
-1265.9618,340.29993,58.11157,126.98163,-54.517395,-160.30093,-51.127716,-10.457352,43.659336,17.87207,-28.42255,44.710625,-21.61044
-1281.7909,345.06622,46.00026,130.00081,-50.265446,-145.28128,-55.451706,-6.890415,42.812584,13.528724,-23.549028,41.320084,-23.981094
-1283.0265,320.01727,53.443428,127.94559,-38.12554,-155.80951,-41.282806,-1.6218395,44.342926,20.538843,-38.87083,49.274193,-25.248228
-1277.2914,317.7345,38.050106,142.79347,-55.455055,-147.8307,-41.185326,5.0354176,48.70791,14.681845,-38.47945,47.70188,-20.208326
-1294.3285,327.54626,41.01172,123.14705,-53.882454,-136.09113,-36.89998,12.844816,44.835575,13.238651,-31.252523,42.80695,-25.590641
-1304.7974,328.6726,44.035015,114.386185,-42.293488,-135.95435,-36.342144,12.100079,50.18071,21.814934,-34.672466,33.219757,-19.777735
-1349.5543,337.54584,50.201107,106.5425,-49.89273,-125.848625,-29.563717,16.51168,46.220993,22.362768,-38.044445,39.37275,-19.327248
-1356.9124,325.72894,62.410095,102.63807,-42.648163,-130.36136,-37.725487,13.416619,51.87294,22.609158,-25.26398,33.061726,-28.633293
-1376.7788,332.6568,62.28595,91.56987,-48.447662,-121.46212,-36.4849,16.640617,50.531494,25.588974,-31.794954,39.20272,-29.777235
-1382.6301,336.65454,53.75484,91.1909,-48.3312,-116.70089,-36.48885,18.287434,50.056934,33.362732,-31.318369,30.633741,-28.477917
-1409.992,333.06592,70.42302,80.412094,-55.169334,-104.44458,-41.144135,7.23318,59.648148,25.384022,-29.457064,32.331257,-35.799927
-1450.3169,334.1044,64.61989,65.59482,-49.788853,-98.21852,-45.14704,19.60907,49.23301,28.742958,-22.920538,24.370796,-26.415377
-1486.1522,318.62158,83.21334,76.27501,-48.675636,-89.34246,-42.503735,12.454164,56.520855,33.431194,-19.065256,19.067139,-28.071842
-1553.3179,295.1463,106.14639,74.55982,-58.499466,-52.77557,-19.991924,21.005035,35.316635,45.387516,-9.819827,26.487804,-12.301021
-1559.0314,281.6633,119.45108,91.361755,-62.474663,-53.38552,-22.940792,13.698736,34.473312,49.049133,-4.0745254,12.471445,-14.944666
-1666.233,214.33328,134.44305,95.47803,-40.515182,14.388694,22.834345,25.936272,8.634466,42.07681,-10.931819,12.601039,-14.278387
-1668.5098,191.04332,98.28459,66.985634,-40.17588,41.063843,21.918808,-4.140232,31.762703,76.97427,-8.706696,24.818775,-11.855767
-1752.02,202.1265,115.65446,73.150345,-21.816492,26.383432,15.687283,12.949017,48.512306,65.524536,4.8996606,12.029331,-13.12504
-1662.9712,231.67075,54.62021,49.198147,4.970319,9.758038,19.143353,14.38394,1.0758371,30.784363,-1.879601,3.3493967,17.541412
-1746.3931,201.03955,79.41269,51.83387,38.1466,21.231806,47.12021,36.789032,5.532156,40.35934,2.6024377,5.967739,40.484093
-1934.8201,158.34784,119.4395,24.144075,29.969093,51.225216,38.329247,37.58111,15.41032,22.860613,29.855127,26.60909,23.054356
-1972.9412,142.86334,113.91516,16.178446,41.319008,81.35622,51.246414,52.1809,15.342056,33.64644,35.10089,18.630823,27.719238
-1972.7023,145.19177,125.961685,20.00896,44.83364,72.50583,31.311247,27.906693,31.22197,41.502686,30.922316,16.998543,16.492687
-1769.6667,182.69135,171.33603,23.980625,15.862394,21.580645,27.763226,16.264496,-15.629105,18.755703,6.645958,-2.2321358,12.665581
-1784.4177,100.61334,120.35408,42.748734,22.009754,15.236389,45.66526,13.916978,-12.119877,42.425014,7.0305433,14.822722,18.709145
-1784.9708,104.174576,139.33304,57.514366,55.12837,45.99498,48.73722,47.702065,14.696606,47.15879,18.180286,11.624512,22.862194
-1579.0873,146.32353,103.189835,103.09793,61.841187,8.567456,21.346262,26.214,8.515018,41.180008,19.870035,36.18138,23.813911
-1536.0022,88.510605,35.6727,113.17076,46.8807,49.02197,61.985138,23.15537,28.576422,81.58829,32.23206,25.991394,30.830057
-1559.3282,88.70364,68.77552,109.33873,28.156248,40.209553,81.22029,31.59243,22.382881,57.959717,16.238733,17.19683,32.206886
-1617.7906,107.09248,91.687805,94.31143,45.883804,31.72596,49.427597,18.158348,7.954668,49.253273,23.508139,32.94445,38.096542
-1646.1626,120.462875,94.71373,76.99123,26.700447,10.453861,54.514156,50.340504,29.688408,53.76829,20.12846,38.043354,35.598015
-1532.5752,191.68614,135.20294,42.918686,61.720535,-12.182152,61.47754,19.512459,35.81861,31.108238,23.321886,4.209216,15.62886
